route_id,daily_departures,observed_intervals,median_headway_min,p10_headway_min,p90_headway_min,first_departure,last_departure,route_short_name,route_long_name,route_type
BR_1100_100100001,125,124,8.0,8.0,8.0,06:30:00,23:00:00,01A,-,0
BR_1100_100100006,115,114,10.0,10.0,10.0,04:00:00,23:00:00,101,-,0
BR_1100_100100007,106,105,11.0,11.0,11.0,04:00:00,23:10:00,102,-,0
BR_1100_100100008,125,124,9.0,9.0,9.0,04:30:00,23:00:00,103,-,0
BR_1100_100100009,146,145,8.0,8.0,8.0,04:00:00,23:15:00,104,-,0
BR_1100_100100010,95,94,12.0,12.0,12.0,04:00:00,22:40:00,105,-,0
BR_1100_100100011,83,82,14.0,14.0,14.0,04:00:00,23:00:00,106,-,0
BR_1100_100100012,93,92,12.0,12.0,12.0,04:10:00,22:30:00,107,-,0
BR_1100_100100014,115,114,10.0,10.0,10.0,04:27:00,23:20:00,109,-,0
BR_1100_100100015,141,140,8.0,8.0,8.0,04:05:00,22:45:00,110B국민대,-,0
BR_1100_100100016,141,140,8.0,8.0,8.0,04:00:00,22:40:00,110A고려대,-,0
BR_1100_100100017,189,188,6.0,6.0,6.0,04:25:00,23:10:00,120,-,0
BR_1100_100100018,140,139,8.0,8.0,8.0,04:20:00,22:50:00,130,-,0
BR_1100_100100019,163,162,7.0,7.0,7.0,04:00:00,22:50:00,140,-,0
BR_1100_100100020,103,102,11.0,11.0,11.0,04:00:00,22:40:00,141,-,0
BR_1100_100100021,126,125,9.0,9.0,9.0,04:00:00,22:45:00,142,-,0
BR_1100_100100022,157,156,7.0,7.0,7.0,04:00:00,22:10:00,143,-,0
BR_1100_100100023,139,138,8.0,8.0,8.0,04:30:00,22:50:00,144,-,0
BR_1100_100100024,141,140,8.0,8.0,8.0,04:00:00,22:40:00,145,-,0
BR_1100_100100025,143,142,8.0,8.0,8.0,04:05:00,23:00:00,146,-,0
BR_1100_100100026,122,121,9.0,9.0,9.0,04:00:00,22:10:00,147,-,0
BR_1100_100100027,141,140,8.0,8.0,8.0,04:00:00,22:40:00,148,-,0
BR_1100_100100029,137,136,8.0,8.0,8.0,03:57:00,22:00:00,150,-,0
BR_1100_100100030,163,162,7.0,7.0,7.0,04:00:00,22:50:00,151,-,0
BR_1100_100100031,156,155,7.0,7.0,7.0,04:00:00,22:00:00,152,-,0
BR_1100_100100032,160,159,7.0,7.0,7.0,04:00:00,22:30:00,163,-,0
BR_1100_100100033,138,137,8.0,8.0,8.0,03:57:00,22:10:00,160,-,0
BR_1100_100100034,143,142,8.0,8.0,8.0,04:00:00,22:50:00,162,-,0
BR_1100_100100036,128,127,9.0,9.0,9.0,04:00:00,23:00:00,171,-,0
BR_1100_100100037,114,113,10.0,10.0,10.0,04:00:00,22:45:00,172,-,0
BR_1100_100100038,72,71,17.0,17.0,17.0,00:00:00,23:50:00,201,-,0
BR_1100_100100039,136,135,8.0,8.0,8.0,04:00:00,22:00:00,202,-,0
BR_1100_100100042,114,113,10.0,10.0,10.0,03:55:00,22:40:00,260,-,0
BR_1100_100100043,113,112,10.0,10.0,10.0,03:50:00,22:30:00,261,-,0
BR_1100_100100044,121,120,9.0,9.0,9.0,04:00:00,22:00:00,262,-,0
BR_1100_100100046,111,110,10.0,10.0,10.0,04:00:00,22:20:00,270,-,0
BR_1100_100100047,183,182,6.0,6.0,6.0,04:10:00,22:20:00,271,-,0
BR_1100_100100048,184,183,6.0,6.0,6.0,04:15:00,22:30:00,272,-,0
BR_1100_100100049,143,142,8.0,8.0,8.0,04:10:00,23:05:00,273,-,0
BR_1100_100100051,140,139,8.0,8.0,8.0,04:00:00,22:30:00,301,-,0
BR_1100_100100052,95,94,12.0,12.0,12.0,04:00:00,22:45:00,302,-,0
BR_1100_100100053,123,122,9.0,9.0,9.0,04:00:00,22:20:00,303,-,0
BR_1100_100100055,161,160,7.0,7.0,7.0,04:30:00,23:10:00,340,-,0
BR_1100_100100056,90,89,12.0,12.0,12.0,04:30:00,22:20:00,341,-,0
BR_1100_100100057,190,189,6.0,6.0,6.0,04:00:00,22:50:00,360,-,0
BR_1100_100100061,293,292,4.0,4.0,4.0,04:00:00,23:25:00,370,-,0
BR_1100_100100062,102,101,11.0,11.0,11.0,04:00:00,22:30:00,401,-,0
BR_1100_100100063,135,134,9.0,9.0,9.0,00:05:00,23:57:00,402,-,0
BR_1100_100100064,96,95,12.0,12.0,12.0,04:20:00,23:20:00,406,-,0
BR_1100_100100068,163,162,7.0,7.0,7.0,04:10:00,23:00:00,420,-,0
BR_1100_100100070,109,108,10.0,10.0,10.0,04:20:00,22:20:00,441,-,0
BR_1100_100100071,100,99,11.0,11.0,11.0,04:00:00,22:10:00,461,-,0
BR_1100_100100073,112,111,10.0,10.0,10.0,04:00:00,22:30:00,470,-,0
BR_1100_100100075,145,144,8.0,8.0,8.0,04:10:00,23:20:00,472,-,0
BR_1100_100100076,128,127,9.0,9.0,9.0,04:00:00,23:00:00,500,-,0
BR_1100_100100077,121,120,9.0,9.0,9.0,04:30:00,22:30:00,501,-,0
BR_1100_100100078,79,78,14.0,14.0,14.0,04:15:00,22:20:00,503,-,0
BR_1100_100100079,162,161,7.0,7.0,7.0,03:55:00,22:40:00,504,-,0
BR_1100_100100080,101,100,11.0,11.0,11.0,04:10:00,22:30:00,505,-,0
BR_1100_100100081,78,77,14.0,14.0,14.0,04:30:00,22:30:00,506,-,0
BR_1100_100100082,127,126,9.0,9.0,9.0,04:00:00,22:50:00,507,-,0
BR_1100_100100083,84,83,14.0,14.0,14.0,00:05:00,23:53:00,540,-,0
BR_1100_100100084,100,99,11.0,11.0,11.0,04:20:00,22:30:00,571,-,0
BR_1100_100100085,148,147,8.0,8.0,8.0,04:00:00,23:30:00,600,-,0
BR_1100_100100086,95,94,12.0,12.0,12.0,04:00:00,22:50:00,601,-,0
BR_1100_100100087,111,110,10.0,10.0,10.0,04:10:00,22:30:00,602,-,0
BR_1100_100100088,113,112,10.0,10.0,10.0,04:20:00,23:00:00,603,-,0
BR_1100_100100089,88,87,13.0,13.0,13.0,04:00:00,22:50:00,604,-,0
BR_1100_100100090,101,100,11.0,11.0,11.0,04:00:00,22:20:00,605,-,0
BR_1100_100100091,75,74,15.0,15.0,15.0,04:00:00,22:30:00,606,-,0
BR_1100_100100093,112,111,10.0,10.0,10.0,04:20:00,22:50:00,640,-,0
BR_1100_100100094,186,185,6.0,6.0,6.0,04:10:00,22:40:00,641,-,0
BR_1100_100100096,110,109,10.0,10.0,10.0,04:30:00,22:40:00,643,-,0
BR_1100_100100097,126,125,9.0,9.0,9.0,04:00:00,22:40:00,650,-,0
BR_1100_100100098,103,102,11.0,11.0,11.0,04:00:00,22:40:00,651,-,0
BR_1100_100100099,126,125,9.0,9.0,9.0,04:00:00,22:40:00,652,-,0
BR_1100_100100102,57,56,20.0,20.0,20.0,04:00:00,22:40:00,661,-,0
BR_1100_100100103,105,104,11.0,11.0,11.0,04:00:00,23:00:00,701,-,0
BR_1100_100100104,164,163,7.0,7.0,7.0,04:00:00,23:00:00,702A서오릉,-,0
BR_1100_100100105,83,82,14.0,14.0,14.0,04:05:00,23:05:00,702B용두초교,-,0
BR_1100_100100107,75,74,15.0,15.0,15.0,04:00:00,22:30:00,704,-,0
BR_1100_100100110,127,126,9.0,9.0,9.0,03:50:00,22:40:00,710,-,0
BR_1100_100100111,129,128,9.0,9.0,9.0,04:00:00,23:10:00,720,-,0
BR_1100_100100112,139,138,8.0,8.0,8.0,04:20:00,22:40:00,721,-,0
BR_1100_100100114,107,106,10.0,10.0,10.0,04:00:00,21:35:00,750A,-,0
BR_1100_100100116,100,99,11.0,11.0,11.0,04:00:00,22:10:00,742,-,0
BR_1100_100100117,101,100,11.0,11.0,11.0,04:00:00,22:20:00,752,-,0
BR_1100_100100118,92,91,12.0,12.0,12.0,04:10:00,22:20:00,753,-,0
BR_1100_100100124,92,91,12.0,12.0,12.0,05:15:00,23:30:00,0017,-,0
BR_1100_100100129,141,140,8.0,8.0,8.0,05:00:00,23:40:00,1014,-,0
BR_1100_100100130,82,81,14.0,14.0,14.0,04:30:00,23:20:00,1017,-,0
BR_1100_100100131,127,126,9.0,9.0,9.0,04:30:00,23:20:00,1020,-,0
BR_1100_100100132,115,114,10.0,10.0,10.0,04:20:00,23:20:00,1111,-,0
BR_1100_100100133,75,74,15.0,15.0,15.0,05:10:00,23:40:00,1113,-,0
BR_1100_100100134,77,76,15.0,15.0,15.0,05:00:00,23:50:00,1114,-,0
BR_1100_100100137,143,142,8.0,8.0,8.0,04:40:00,23:35:00,1119,-,0
BR_1100_100100138,71,70,16.0,16.0,16.0,04:30:00,23:00:00,1120,-,0
BR_1100_100100139,74,73,16.0,16.0,16.0,00:12:00,23:56:00,1124,-,0
BR_1100_100100142,147,146,8.0,8.0,8.0,04:25:00,23:50:00,1126,-,0
BR_1100_100100143,79,78,14.0,14.0,14.0,05:00:00,23:10:00,1127,-,0
BR_1100_100100144,93,92,12.0,12.0,12.0,04:30:00,22:50:00,1128,-,0
BR_1100_100100145,46,45,25.0,25.0,25.0,05:00:00,23:30:00,1129,-,0
BR_1100_100100146,129,128,9.0,9.0,9.0,00:03:00,23:54:00,1130,-,0
BR_1100_100100147,68,67,17.0,17.0,17.0,05:00:00,23:50:00,1131,-,0
BR_1100_100100148,145,144,8.0,8.0,8.0,04:30:00,23:40:00,1132,-,0
BR_1100_100100149,95,94,12.0,12.0,12.0,05:00:00,23:40:00,1133,-,0
BR_1100_100100150,116,115,10.0,10.0,10.0,04:30:00,23:40:00,1135,-,0
BR_1100_100100151,77,76,15.0,15.0,15.0,00:00:00,23:45:00,1136,-,0
BR_1100_100100152,103,102,11.0,11.0,11.0,04:30:00,23:10:00,1137,-,0
BR_1100_100100153,51,50,23.0,23.0,23.0,04:30:00,23:40:00,1138,-,0
BR_1100_100100154,97,96,12.0,12.0,12.0,04:30:00,23:40:00,1139,-,0
BR_1100_100100155,55,54,21.0,21.0,21.0,00:00:00,23:33:00,1140,-,0
BR_1100_100100156,72,71,16.0,16.0,16.0,05:00:00,23:50:00,1141,-,0
BR_1100_100100157,144,143,8.0,8.0,8.0,00:00:00,23:56:00,1142,-,0
BR_1100_100100158,61,60,19.0,19.0,19.0,04:30:00,23:20:00,1143,-,0
BR_1100_100100159,77,76,15.0,15.0,15.0,04:40:00,23:40:00,1144,-,0
BR_1100_100100164,77,76,15.0,15.0,15.0,04:30:00,23:20:00,1154,-,0
BR_1100_100100165,93,92,12.0,12.0,12.0,04:30:00,22:50:00,1155,-,0
BR_1100_100100166,81,80,14.0,14.0,14.0,04:10:00,22:40:00,2212,-,0
BR_1100_100100170,113,112,10.0,10.0,10.0,05:00:00,23:40:00,1162,-,0
BR_1100_100100171,188,187,6.0,6.0,6.0,05:00:00,23:40:00,1164,-,0
BR_1100_100100172,144,143,8.0,8.0,8.0,04:30:00,23:30:00,1165,-,0
BR_1100_100100175,98,97,12.0,12.0,12.0,04:00:00,23:20:00,1213,-,0
BR_1100_100100177,103,102,11.0,11.0,11.0,04:10:00,22:50:00,1218,-,0
BR_1100_100100178,53,52,22.0,22.0,22.0,04:30:00,23:30:00,1221,-,0
BR_1100_100100179,116,115,10.0,10.0,10.0,04:00:00,23:10:00,1222,-,0
BR_1100_100100181,163,162,7.0,7.0,7.0,04:30:00,23:20:00,1224,-,0
BR_1100_100100183,31,30,36.0,36.0,36.0,04:30:00,22:40:00,1226,-,0
BR_1100_100100184,82,81,14.0,14.0,14.0,04:30:00,23:20:00,1227,-,0
BR_1100_100100185,160,159,7.0,7.0,7.0,04:30:00,23:00:00,1711,-,0
BR_1100_100100186,103,102,11.0,11.0,11.0,04:00:00,22:40:00,2012,-,0
BR_1100_100100188,87,86,13.0,13.0,13.0,04:20:00,22:50:00,2013,-,0
BR_1100_100100189,106,105,11.0,11.0,11.0,04:20:00,23:30:00,2014,-,0
BR_1100_100100190,141,140,8.0,8.0,8.0,04:30:00,23:10:00,2015,-,0
BR_1100_100100191,79,78,14.0,14.0,14.0,04:30:00,22:40:00,2112,-,0
BR_1100_100100192,99,98,11.0,11.0,11.0,05:30:00,23:30:00,2113,-,0
BR_1100_100100193,99,98,11.0,11.0,11.0,05:30:00,23:30:00,2114,-,0
BR_1100_100100194,189,188,6.0,6.0,6.0,04:40:00,23:25:00,2211,-,0
BR_1100_100100198,88,87,13.0,13.0,13.0,04:30:00,23:15:00,2221,-,0
BR_1100_100100199,77,76,15.0,15.0,15.0,04:30:00,23:20:00,2222,-,0
BR_1100_100100201,97,96,12.0,12.0,12.0,04:10:00,23:15:00,2224,-,0
BR_1100_100100202,101,100,11.0,11.0,11.0,04:20:00,22:40:00,2227,-,0
BR_1100_100100203,141,140,8.0,8.0,8.0,04:20:00,23:00:00,2230,-,0
BR_1100_100100204,74,73,15.0,15.0,15.0,04:30:00,22:40:00,2233,-,0
BR_1100_100100209,87,86,13.0,13.0,13.0,04:00:00,22:40:00,2412,-,0
BR_1100_100100210,68,67,17.0,17.0,17.0,04:10:00,23:10:00,2413,-,0
BR_1100_100100211,72,71,16.0,16.0,16.0,04:30:00,23:20:00,2415,-,0
BR_1100_100100212,83,82,14.0,14.0,14.0,04:30:00,23:30:00,3212,-,0
BR_1100_100100213,87,86,13.0,13.0,13.0,04:40:00,23:20:00,3214,-,0
BR_1100_100100215,85,84,13.0,13.0,13.0,04:30:00,22:40:00,3216,-,0
BR_1100_100100216,123,122,9.0,9.0,9.0,04:30:00,22:45:00,3217,-,0
BR_1100_100100218,65,64,17.0,17.0,17.0,04:30:00,22:40:00,3220,-,0
BR_1100_100100219,144,143,8.0,8.0,8.0,04:25:00,23:25:00,3313,-,0
BR_1100_100100220,113,112,10.0,10.0,10.0,04:40:00,23:20:00,3314,-,0
BR_1100_100100221,163,162,7.0,7.0,7.0,04:30:00,23:20:00,3315,-,0
BR_1100_100100222,95,94,12.0,12.0,12.0,04:50:00,23:30:00,3316,-,0
BR_1100_100100223,104,103,11.0,11.0,11.0,04:30:00,23:20:00,3411,-,0
BR_1100_100100224,81,80,14.0,14.0,14.0,04:00:00,22:30:00,3412,-,0
BR_1100_100100225,126,125,9.0,9.0,9.0,04:20:00,23:00:00,3413,-,0
BR_1100_100100226,85,84,13.0,13.0,13.0,04:30:00,22:40:00,3414,-,0
BR_1100_100100228,95,94,12.0,12.0,12.0,04:40:00,23:30:00,3416,-,0
BR_1100_100100229,164,163,7.0,7.0,7.0,04:30:00,23:30:00,3417,-,0
BR_1100_100100232,69,68,16.0,16.0,16.0,04:20:00,22:30:00,3422,-,0
BR_1100_100100234,144,143,8.0,8.0,8.0,04:00:00,23:00:00,4212,-,0
BR_1100_100100237,140,139,8.0,8.0,8.0,04:00:00,22:30:00,4318,-,0
BR_1100_100100246,117,116,10.0,10.0,10.0,04:00:00,23:20:00,4432,-,0
BR_1100_100100247,120,119,9.0,9.0,9.0,05:40:00,23:30:00,4433,-,0
BR_1100_100100248,92,91,12.0,12.0,12.0,04:20:00,22:30:00,5012,-,0
BR_1100_100100249,163,162,7.0,7.0,7.0,04:20:00,23:10:00,5413,-,0
BR_1100_100100250,156,155,7.0,7.0,7.0,05:30:00,23:30:00,5511,-,0
BR_1100_100100251,99,98,11.0,11.0,11.0,05:30:00,23:30:00,5513,-,0
BR_1100_100100252,121,120,9.0,9.0,9.0,05:30:00,23:30:00,5515,-,0
BR_1100_100100253,136,135,8.0,8.0,8.0,05:00:00,23:00:00,5516,-,0
BR_1100_100100254,84,83,13.0,13.0,13.0,04:30:00,22:30:00,5517,-,0
BR_1100_100100255,76,75,14.0,14.0,14.0,06:00:00,23:25:00,5519,-,0
BR_1100_100100257,87,86,13.0,13.0,13.0,05:00:00,23:30:00,5522A난곡,-,0
BR_1100_100100258,87,86,13.0,13.0,13.0,05:00:00,23:30:00,5522B호암,-,0
BR_1100_100100259,82,81,14.0,14.0,14.0,04:30:00,23:20:00,5523,-,0
BR_1100_100100260,140,139,8.0,8.0,8.0,04:00:00,22:30:00,5524,-,0
BR_1100_100100261,67,66,17.0,17.0,17.0,04:50:00,23:20:00,5525,-,0
BR_1100_100100263,93,92,12.0,12.0,12.0,04:30:00,22:50:00,5528,-,0
BR_1100_100100264,90,89,12.0,12.0,12.0,04:40:00,22:30:00,5530,-,0
BR_1100_100100265,138,137,8.0,8.0,8.0,04:20:00,22:30:00,5531,-,0
BR_1100_100100266,87,86,13.0,13.0,13.0,04:15:00,22:50:00,5634,-,0
BR_1100_100100267,139,138,8.0,8.0,8.0,04:20:00,22:40:00,5535,-,0
BR_1100_100100268,125,124,9.0,9.0,9.0,04:10:00,22:40:00,5536,-,0
BR_1100_100100269,77,76,15.0,15.0,15.0,04:30:00,23:30:00,5537,-,0
BR_1100_100100272,114,113,10.0,10.0,10.0,04:10:00,23:00:00,5615,-,0
BR_1100_100100273,73,72,15.0,15.0,15.0,04:20:00,22:20:00,5616,-,0
BR_1100_100100274,115,114,10.0,10.0,10.0,04:50:00,23:50:00,5617,-,0
BR_1100_100100275,103,102,11.0,11.0,11.0,03:30:00,22:10:00,5618,-,0
BR_1100_100100276,105,104,11.0,11.0,11.0,04:30:00,23:30:00,5619,-,0
BR_1100_100100277,141,140,8.0,8.0,8.0,04:30:00,23:10:00,5620,-,0
BR_1100_100100278,140,139,8.0,8.0,8.0,05:20:00,23:50:00,5621,-,0
BR_1100_100100279,123,122,9.0,9.0,9.0,04:00:00,22:20:00,5623,-,0
BR_1100_100100281,103,102,11.0,11.0,11.0,04:00:00,22:40:00,5625,-,0
BR_1100_100100282,93,92,12.0,12.0,12.0,04:00:00,22:25:00,5626,-,0
BR_1100_100100283,65,64,18.0,18.0,18.0,04:30:00,23:30:00,5627,-,0
BR_1100_100100284,76,75,15.0,15.0,15.0,04:15:00,22:50:00,5630,-,0
BR_1100_100100285,81,80,14.0,14.0,14.0,04:20:00,22:50:00,5633,-,0
BR_1100_100100286,121,120,9.0,9.0,9.0,04:30:00,22:30:00,5712,-,0
BR_1100_100100287,123,122,9.0,9.0,9.0,04:05:00,22:25:00,5713,-,0
BR_1100_100100288,136,135,8.0,8.0,8.0,04:15:00,22:10:00,5714,-,0
BR_1100_100100289,100,99,11.0,11.0,11.0,04:20:00,22:30:00,6211,-,0
BR_1100_100100290,94,93,12.0,12.0,12.0,03:45:00,22:15:00,6411,-,0
BR_1100_100100291,58,57,20.0,20.0,20.0,04:00:00,23:00:00,6511,-,0
BR_1100_100100292,113,112,10.0,10.0,10.0,03:50:00,22:30:00,6512,-,0
BR_1100_100100293,99,98,11.0,11.0,11.0,04:30:00,22:20:00,6713,-,0
BR_1100_100100294,84,83,13.0,13.0,13.0,04:00:00,22:00:00,6514,-,0
BR_1100_100100295,68,67,17.0,17.0,17.0,04:20:00,23:20:00,5611,-,0
BR_1100_100100297,74,73,15.0,15.0,15.0,04:30:00,22:40:00,6614,-,0
BR_1100_100100298,81,80,14.0,14.0,14.0,04:30:00,23:10:00,6616,-,0
BR_1100_100100299,94,93,12.0,12.0,12.0,05:00:00,23:30:00,6617,-,0
BR_1100_100100300,75,74,15.0,15.0,15.0,05:00:00,23:30:00,6620,-,0
BR_1100_100100301,81,80,14.0,14.0,14.0,04:10:00,22:50:00,6623,-,0
BR_1100_100100302,126,125,9.0,9.0,9.0,05:00:00,23:40:00,6624,-,0
BR_1100_100100303,81,80,14.0,14.0,14.0,04:30:00,23:00:00,6625,-,0
BR_1100_100100304,81,80,14.0,14.0,14.0,04:30:00,23:00:00,6627,-,0
BR_1100_100100305,106,105,11.0,11.0,11.0,04:10:00,23:20:00,6628,-,0
BR_1100_100100306,100,99,11.0,11.0,11.0,04:30:00,22:40:00,6629,-,0
BR_1100_100100307,71,70,16.0,16.0,16.0,04:20:00,22:50:00,6630,-,0
BR_1100_100100308,140,139,8.0,8.0,8.0,04:20:00,22:50:00,6631,-,0
BR_1100_100100309,102,101,11.0,11.0,11.0,04:30:00,23:00:00,6632,-,0
BR_1100_100100312,141,140,8.0,8.0,8.0,04:30:00,23:10:00,6637,-,0
BR_1100_100100313,87,86,13.0,13.0,13.0,04:30:00,23:00:00,6638,-,0
BR_1100_100100316,90,89,12.0,12.0,12.0,04:40:00,22:30:00,6642,-,0
BR_1100_100100318,78,77,14.0,14.0,14.0,04:40:00,22:30:00,6645,-,0
BR_1100_100100320,136,135,8.0,8.0,8.0,05:00:00,23:00:00,6647,-,0
BR_1100_100100329,58,57,19.0,19.0,19.0,05:00:00,23:00:00,6657,-,0
BR_1100_100100330,79,78,14.0,14.0,14.0,04:30:00,22:40:00,6712,-,0
BR_1100_100100331,67,66,17.0,17.0,17.0,04:30:00,23:00:00,6714,-,0
BR_1100_100100332,143,142,8.0,8.0,8.0,04:30:00,23:20:00,6715,-,0
BR_1100_100100337,102,101,11.0,11.0,11.0,04:30:00,23:00:00,7017,-,0
BR_1100_100100338,114,113,10.0,10.0,10.0,04:15:00,23:00:00,7018,-,0
BR_1100_100100339,112,111,10.0,10.0,10.0,04:30:00,22:55:00,7019,-,0
BR_1100_100100340,125,124,9.0,9.0,9.0,04:30:00,23:00:00,7021,-,0
BR_1100_100100341,103,102,11.0,11.0,11.0,04:30:00,23:10:00,7022,-,0
BR_1100_100100342,67,66,16.0,16.0,16.0,05:30:00,23:10:00,7024,-,0
BR_1100_100100344,77,76,15.0,15.0,15.0,04:10:00,23:00:00,7211,-,0
BR_1100_100100345,81,80,14.0,14.0,14.0,04:10:00,22:40:00,7611,-,0
BR_1100_100100346,116,115,10.0,10.0,10.0,04:33:00,23:40:00,7612,-,0
BR_1100_100100347,81,80,14.0,14.0,14.0,04:30:00,23:00:00,7613,-,0
BR_1100_100100348,99,98,12.0,12.0,12.0,00:00:00,23:54:00,7711,-,0
BR_1100_100100349,102,101,11.0,11.0,11.0,05:00:00,23:30:00,7713,-,0
BR_1100_100100352,95,94,12.0,12.0,12.0,04:30:00,23:10:00,7720,-,0
BR_1100_100100353,90,89,13.0,13.0,13.0,04:30:00,23:50:00,7722,-,0
BR_1100_100100354,91,90,13.0,13.0,13.0,00:00:00,23:47:00,7723,-,0
BR_1100_100100357,55,54,21.0,21.0,21.0,00:00:00,23:33:00,7726,-,0
BR_1100_100100358,93,92,12.0,12.0,12.0,04:30:00,22:50:00,7727,-,0
BR_1100_100100359,74,73,15.0,15.0,15.0,04:00:00,22:10:00,7728,-,0
BR_1100_100100360,112,111,10.0,10.0,10.0,04:30:00,23:00:00,7730,-,0
BR_1100_100100363,100,99,11.0,11.0,11.0,05:05:00,23:10:00,7737,-,0
BR_1100_100100364,139,138,8.0,8.0,8.0,05:00:00,23:20:00,7738,-,0
BR_1100_100100383,3,2,20.0,20.0,20.0,04:00:00,04:40:00,8541,-,0
BR_1100_100100387,49,48,23.0,23.0,23.0,04:30:00,23:00:00,8774,-,0
BR_1100_100100389,223,222,5.0,5.0,5.0,04:30:00,23:00:00,9401,-,0
BR_1100_100100391,168,167,7.0,7.0,7.0,04:00:00,23:30:00,9404,-,0
BR_1100_100100392,76,75,15.0,15.0,15.0,04:00:00,22:40:00,9408,-,0
BR_1100_100100400,96,95,12.0,12.0,12.0,00:00:00,23:48:00,9707,-,0
BR_1100_100100406,31,30,40.0,40.0,40.0,00:20:00,23:40:00,9714,-,0
BR_1100_100100407,88,87,13.0,13.0,13.0,04:00:00,22:50:00,240,-,0
BR_1100_100100409,110,109,10.0,10.0,10.0,04:00:00,22:10:00,421,-,0
BR_1100_100100410,103,102,11.0,11.0,11.0,04:10:00,22:50:00,502,-,0
BR_1100_100100425,131,130,9.0,9.0,9.0,04:00:00,23:30:00,1122,-,0
BR_1100_100100427,81,80,14.0,14.0,14.0,04:20:00,23:00:00,4319,-,0
BR_1100_100100437,50,49,24.0,24.0,24.0,04:10:00,23:30:00,771,-,0
BR_1100_100100438,102,101,11.0,11.0,11.0,04:20:00,22:50:00,3011,-,0
BR_1100_100100440,74,73,16.0,16.0,16.0,00:00:00,23:42:00,700,-,0
BR_1100_100100446,62,61,19.0,19.0,19.0,04:10:00,23:20:00,7025,-,0
BR_1100_100100447,121,120,9.0,9.0,9.0,04:30:00,22:30:00,7016,-,0
BR_1100_100100448,51,50,22.0,22.0,22.0,04:45:00,23:10:00,7013B,-,0
BR_1100_100100449,52,51,22.0,22.0,22.0,04:30:00,23:00:00,7013A,-,0
BR_1100_100100450,113,112,10.0,10.0,10.0,04:30:00,23:10:00,7011,-,0
BR_1100_100100451,99,98,11.0,11.0,11.0,04:30:00,22:20:00,6716,-,0
BR_1100_100100453,66,65,17.0,17.0,17.0,04:30:00,22:50:00,6613,-,0
BR_1100_100100454,102,101,11.0,11.0,11.0,04:00:00,22:30:00,361,-,0
BR_1100_100100459,105,104,11.0,11.0,11.0,03:55:00,22:55:00,440,-,0
BR_1100_100100462,115,114,10.0,10.0,10.0,04:30:00,23:30:00,7715,-,0
BR_1100_100100478,144,143,8.0,8.0,8.0,04:30:00,23:30:00,3317,-,0
BR_1100_100100495,75,74,15.0,15.0,15.0,04:30:00,22:50:00,672,-,0
BR_1100_100100496,105,104,11.0,11.0,11.0,04:00:00,23:00:00,333,-,0
BR_1100_100100497,72,71,16.0,16.0,16.0,04:30:00,23:20:00,653,-,0
BR_1100_100100498,95,94,12.0,12.0,12.0,04:30:00,23:10:00,3318,-,0
BR_1100_100100499,92,91,12.0,12.0,12.0,04:00:00,22:10:00,7212,-,0
BR_1100_100100500,123,122,9.0,9.0,9.0,04:30:00,22:50:00,4312,-,0
BR_1100_100100501,68,67,17.0,17.0,17.0,04:30:00,23:30:00,3319,-,0
BR_1100_100100511,67,66,17.0,17.0,17.0,04:30:00,23:00:00,760,-,0
BR_1100_100100521,109,108,10.0,10.0,10.0,04:10:00,22:10:00,6515,-,0
BR_1100_100100522,100,99,11.0,11.0,11.0,04:10:00,22:20:00,2016,-,0
BR_1100_100100537,95,94,12.0,12.0,12.0,04:00:00,22:40:00,740,-,0
BR_1100_100100549,112,111,10.0,10.0,10.0,04:00:00,22:30:00,100,-,0
BR_1100_100100550,78,77,15.0,15.0,15.0,04:00:00,23:10:00,662,-,0
BR_1100_100100551,62,61,18.0,18.0,18.0,04:30:00,22:50:00,673,-,0
BR_1100_100100552,93,92,12.0,12.0,12.0,05:00:00,23:20:00,7739,-,0
BR_1100_100100553,94,93,12.0,12.0,12.0,04:00:00,22:30:00,350,-,0
BR_1100_100100564,128,127,9.0,9.0,9.0,04:00:00,23:00:00,320,-,0
BR_1100_100100565,193,192,6.0,6.0,6.0,04:00:00,23:10:00,750B,-,0
BR_1100_100100566,87,86,13.0,13.0,13.0,00:00:00,23:55:00,1115,-,0
BR_1100_100100574,73,72,16.0,16.0,16.0,04:10:00,23:20:00,541,-,0
BR_1100_100100576,64,63,17.0,17.0,17.0,04:00:00,21:40:00,6516,-,0
BR_1100_100100578,83,82,14.0,14.0,14.0,04:30:00,23:40:00,3321,-,0
BR_1100_100100579,94,93,12.0,12.0,12.0,04:00:00,22:30:00,3420,-,0
BR_1100_100100583,140,139,8.0,8.0,8.0,04:00:00,22:30:00,121,-,0
BR_1100_100100585,9,8,25.0,22.0,25.0,00:00:00,03:10:00,N37,-,0
BR_1100_100100586,11,10,20.0,20.0,20.5,00:00:00,03:25:00,N26,-,0
BR_1100_100100587,78,77,15.0,15.0,15.0,03:50:00,23:00:00,705,-,0
BR_1100_100100588,12,11,20.0,20.0,20.0,00:00:00,23:40:00,N62,-,0
BR_1100_100100589,19,18,15.0,15.0,15.0,00:10:00,23:55:00,N61,-,0
BR_1100_100100591,11,10,30.0,28.0,142.9999999999996,00:10:00,23:40:00,N30,-,0
BR_1100_100100592,11,10,25.0,23.5,142.99999999999957,00:15:00,23:50:00,N16,-,0
BR_1100_100100593,15,14,18.0,18.0,18.0,00:06:00,23:48:00,N13,-,0
BR_1100_100100595,112,111,10.0,10.0,10.0,04:00:00,22:30:00,241,-,0
BR_1100_100100596,93,92,12.0,12.0,12.0,04:10:00,22:30:00,400,-,0
BR_1100_100100597,75,74,15.0,15.0,15.0,04:10:00,22:40:00,405,-,0
BR_1100_100100598,127,126,9.0,9.0,9.0,04:00:00,22:50:00,2115,-,0
BR_1100_100100599,94,93,12.0,12.0,12.0,04:00:00,22:30:00,2311,-,0
BR_1100_100100601,81,80,14.0,14.0,14.0,04:30:00,23:10:00,6640A,-,0
BR_1100_100100602,81,80,14.0,14.0,14.0,04:30:00,23:10:00,6640B,-,0
BR_1100_100100603,52,51,22.0,22.0,22.0,04:20:00,23:00:00,542,-,0
BR_1100_100100604,89,88,13.0,13.0,13.0,03:55:00,23:00:00,4211,-,0
BR_1100_100100605,111,110,10.0,10.0,10.0,04:00:00,22:15:00,463,-,0
BR_1100_100100607,95,94,12.0,12.0,12.0,04:50:00,23:30:00,9711,-,0
BR_1100_100100609,71,70,16.0,16.0,16.0,04:00:00,22:30:00,4425,-,0
BR_1100_100100610,13,12,20.0,20.0,20.0,00:00:00,23:40:00,N15,-,0
BR_1100_100100611,68,67,16.0,16.0,16.0,04:30:00,22:20:00,2312,-,0
BR_1100_100100612,113,112,10.0,10.0,10.0,04:20:00,23:00:00,3426,-,0
BR_1100_100100613,107,106,11.0,11.0,11.0,04:00:00,23:20:00,3322,-,0
BR_1100_100900002,68,67,15.0,15.0,15.0,05:50:00,22:30:00,종로13,-,0
BR_1100_100900003,106,105,10.0,10.0,10.0,06:00:00,23:30:00,종로09,-,0
BR_1100_100900004,55,54,18.0,18.0,18.0,06:00:00,22:00:00,종로07,-,0
BR_1100_100900005,154,153,7.0,7.0,7.0,05:50:00,23:40:00,종로08,-,0
BR_1100_100900006,71,70,15.0,15.0,15.0,06:00:00,23:20:00,종로01,-,0
BR_1100_100900007,103,102,10.0,10.0,10.0,06:00:00,23:00:00,종로11,-,0
BR_1100_100900008,87,86,12.0,12.0,12.0,06:00:00,23:15:00,종로02,-,0
BR_1100_100900009,118,117,9.0,9.0,9.0,06:00:00,23:30:00,종로12,-,0
BR_1100_100900010,119,118,9.0,9.0,9.0,06:00:00,23:40:00,종로03,-,0
BR_1100_100900011,97,96,11.0,11.0,11.0,06:00:00,23:30:00,종로05,-,0
BR_1100_100900012,61,60,17.0,17.0,17.0,06:00:00,23:00:00,서대문08,-,0
BR_1100_100900016,18,17,30.0,30.0,30.0,09:00:00,17:30:00,TOUR01,-,0
BR_1100_101000003,1,0,,,,19:30:00,19:30:00,TOUR04,-,0
BR_1100_101000005,5,4,70.0,70.0,833.0000000000002,00:40:00,23:30:00,심야A21,-,0
BR_1100_101900001,107,106,10.0,10.0,10.0,05:55:00,23:36:00,성동05,-,0
BR_1100_101900002,129,128,8.0,8.0,8.0,06:00:00,23:00:00,용산04,-,0
BR_1100_102900001,97,96,11.0,11.0,11.0,06:00:00,23:30:00,마포01,-,0
BR_1100_102900002,133,132,8.0,8.0,8.0,05:50:00,23:20:00,용산02,-,0
BR_1100_102900003,77,76,13.0,13.0,13.0,06:00:00,22:30:00,용산01,-,0
BR_1100_102900004,96,95,11.0,11.0,11.0,05:50:00,23:10:00,용산03,-,0
BR_1100_103000001,8,7,16.0,15.2,16.0,06:50:00,08:40:00,8441,-,0
BR_1100_103900001,135,134,8.0,8.0,8.0,05:50:00,23:38:00,성동09,-,0
BR_1100_103900002,99,98,11.0,11.0,11.0,05:50:00,23:40:00,성동08,-,0
BR_1100_103900003,121,120,9.0,9.0,9.0,05:55:00,23:53:00,성동01,-,0
BR_1100_103900004,78,77,14.0,14.0,14.0,05:50:00,23:40:00,성동02,-,0
BR_1100_103900008,90,89,12.0,12.0,12.0,05:50:00,23:30:00,성동10,-,0
BR_1100_103900009,90,89,12.0,12.0,12.0,05:50:00,23:35:00,성동12,-,0
BR_1100_103900010,51,50,21.0,21.0,21.0,05:59:00,23:20:00,성동13,-,0
BR_1100_103900011,97,96,11.0,11.0,11.0,06:00:00,23:30:00,성동03-1,-,0
BR_1100_103900012,63,62,17.0,17.0,17.0,06:00:00,23:30:00,성동03-2,-,0
BR_1100_103900013,65,64,15.0,15.0,15.0,06:00:00,22:00:00,성동14,-,0
BR_1100_103900014,55,54,19.0,19.0,19.0,05:55:00,23:00:00,성동15,-,0
BR_1100_104000006,79,78,14.0,14.0,14.0,04:20:00,22:30:00,242,-,0
BR_1100_104000009,51,50,22.0,22.0,22.0,04:10:00,22:20:00,111,-,0
BR_1100_104000010,69,68,16.0,16.0,16.0,04:30:00,22:40:00,2416,-,0
BR_1100_104000011,8,7,38.0,35.6,494.8000000000004,00:08:00,23:30:00,N31,-,0
BR_1100_104000012,79,78,14.0,14.0,14.0,04:20:00,22:30:00,0411,-,0
BR_1100_104900001,112,111,9.0,9.0,9.0,06:00:00,22:35:00,광진04,-,0
BR_1100_104900002,150,149,7.0,7.0,7.0,05:55:00,23:15:00,광진03,-,0
BR_1100_104900003,56,55,18.0,18.0,18.0,06:00:00,22:20:00,광진02,-,0
BR_1100_104900004,151,150,7.0,7.0,7.0,06:00:00,23:30:00,광진05,-,0
BR_1100_104900005,88,87,12.0,12.0,12.0,06:00:00,23:25:00,광진01,-,0
BR_1100_105900001,78,77,14.0,14.0,14.0,00:00:00,23:44:00,동대문05,-,0
BR_1100_105900002,91,90,11.0,11.0,11.0,06:00:00,22:30:00,동대문02,-,0
BR_1100_105900003,111,110,9.0,9.0,9.0,06:00:00,22:30:00,동대문01,-,0
BR_1100_105900004,71,70,15.0,15.0,15.0,06:00:00,23:30:00,성북20,-,0
BR_1100_105900005,102,101,11.0,11.0,11.0,00:00:00,23:50:00,성북21,-,0
BR_1100_105900006,133,132,8.0,8.0,8.0,06:00:00,23:30:00,동대문03,-,0
BR_1100_106000001,13,12,10.0,10.0,10.0,06:40:00,08:40:00,8221,-,0
BR_1100_106900001,44,43,25.0,25.0,25.0,06:00:00,23:50:00,중랑01,-,0
BR_1100_106900002,131,130,8.0,8.0,8.0,06:00:00,23:15:00,중랑02,-,0
BR_1100_107000001,63,62,18.0,18.0,18.0,05:00:00,23:30:00,1116,-,0
BR_1100_107000002,76,75,15.0,15.0,15.0,04:00:00,22:40:00,343,-,0
BR_1100_107000003,19,18,25.0,25.0,25.0,10:30:00,18:00:00,8002,-,0
BR_1100_107000004,27,26,40.0,40.0,40.0,06:00:00,23:00:00,8003,-,0
BR_1100_107000005,44,43,25.0,25.0,25.0,05:00:00,23:00:00,9409,-,0
BR_1100_107000006,3,2,15.0,15.0,15.0,07:00:00,07:30:00,서울01,-,0
BR_1100_107000007,96,95,12.0,12.0,12.0,04:00:00,23:00:00,1112,-,0
BR_1100_107000008,63,62,18.0,18.0,18.0,04:30:00,23:00:00,422,-,0
BR_1100_107000009,10,9,18.0,16.6,18.0,06:30:00,09:05:00,8111,-,0
BR_1100_107900001,125,124,9.0,9.0,9.0,00:08:00,23:59:00,성북13,-,0
BR_1100_107900002,90,89,12.0,12.0,12.0,05:45:00,23:34:00,성북03,-,0
BR_1100_107900003,83,82,13.0,13.0,13.0,05:55:00,23:34:00,성북02,-,0
BR_1100_107900004,67,66,16.0,16.0,16.0,05:50:00,23:30:00,성북12,-,0
BR_1100_107900005,188,187,6.0,6.0,6.0,00:00:00,23:56:00,성북04,-,0
BR_1100_107900006,104,103,11.0,11.0,11.0,00:01:00,23:50:00,성북09,-,0
BR_1100_107900007,190,189,6.0,6.0,6.0,00:00:00,23:54:00,성북08,-,0
BR_1100_107900008,161,160,7.0,7.0,7.0,05:20:00,23:55:00,성북01,-,0
BR_1100_107900009,141,140,8.0,8.0,8.0,00:00:00,23:52:00,성북22,-,0
BR_1100_107900010,103,102,11.0,11.0,11.0,00:00:00,23:49:00,성북14-1,-,0
BR_1100_107900011,52,51,20.0,20.0,20.0,06:00:00,23:00:00,성북05,-,0
BR_1100_107900012,73,72,15.0,15.0,15.0,05:40:00,23:40:00,성북06,-,0
BR_1100_107900013,110,109,10.0,10.0,10.0,05:40:00,23:50:00,성북07,-,0
BR_1100_107900015,83,82,13.0,13.0,13.0,06:00:00,23:46:00,성북15,-,0
BR_1100_107900016,87,86,13.0,13.0,13.0,00:05:00,23:52:00,성북14-2,-,0
BR_1100_107900018,140,139,8.0,8.0,8.0,00:00:00,23:54:00,성북10,-,0
BR_1100_108000001,12,11,11.0,11.0,11.0,07:00:00,09:00:00,8551,-,0
BR_1100_108000002,95,94,12.0,12.0,12.0,04:45:00,23:30:00,1167,-,0
BR_1100_108900001,102,101,11.0,11.0,11.0,00:00:00,23:50:00,강북11,-,0
BR_1100_108900002,138,137,8.0,8.0,8.0,05:30:00,23:45:00,강북02,-,0
BR_1100_108900003,141,140,8.0,8.0,8.0,00:00:00,23:52:00,강북03,-,0
BR_1100_108900004,126,125,9.0,9.0,9.0,00:06:00,23:57:00,강북09,-,0
BR_1100_108900005,80,79,14.0,14.0,14.0,05:20:00,23:45:00,강북04,-,0
BR_1100_108900006,122,121,9.0,9.0,9.0,05:30:00,23:35:00,강북01,-,0
BR_1100_108900007,185,184,6.0,6.0,6.0,05:20:00,23:45:00,강북06,-,0
BR_1100_108900008,113,112,10.0,10.0,10.0,05:17:00,23:50:00,강북05,-,0
BR_1100_108900009,159,158,7.0,7.0,7.0,05:20:00,23:45:00,강북10,-,0
BR_1100_108900010,182,181,6.0,6.0,6.0,00:00:00,23:54:00,도봉02,-,0
BR_1100_108900012,110,109,10.0,10.0,10.0,05:48:00,23:59:00,강북12,-,0
BR_1100_108900013,136,135,8.0,8.0,8.0,05:50:00,23:50:00,강북08,-,0
BR_1100_108900014,78,77,14.0,14.0,14.0,00:00:00,23:44:00,서대문15,-,0
BR_1100_109000002,4,3,15.0,15.0,15.0,06:30:00,07:15:00,서울05,-,0
BR_1100_109900001,92,91,12.0,12.0,12.0,00:00:00,23:48:00,도봉01,-,0
BR_1100_109900002,92,91,12.0,12.0,12.0,05:30:00,23:35:00,도봉07,-,0
BR_1100_109900003,80,79,14.0,14.0,14.0,05:30:00,23:50:00,도봉06,-,0
BR_1100_109900004,80,79,14.0,14.0,14.0,05:30:00,23:55:00,도봉05,-,0
BR_1100_109900005,113,112,10.0,10.0,10.0,00:00:00,23:50:00,도봉09,-,0
BR_1100_109900006,63,62,18.0,18.0,18.0,00:10:00,23:48:00,도봉08,-,0
BR_1100_109900007,94,93,12.0,12.0,12.0,00:08:00,23:54:00,도봉03,-,0
BR_1100_109900008,100,99,11.0,11.0,11.0,00:08:00,23:58:00,도봉04,-,0
BR_1100_109900010,73,72,15.0,15.0,15.0,05:00:00,23:00:00,노원15,-,0
BR_1100_109900011,138,137,8.0,8.0,8.0,05:30:00,23:40:00,노원14,-,0
BR_1100_110000002,104,103,11.0,11.0,11.0,04:00:00,22:50:00,173,-,0
BR_1100_110000004,3,2,5.0,5.0,5.0,03:50:00,04:00:00,8146,-,0
BR_1100_110000005,6,5,7.0,7.0,7.0,07:30:00,08:05:00,8101,-,0
BR_1100_110000006,12,11,15.0,15.0,15.0,06:30:00,09:15:00,8112,-,0
BR_1100_110900002,73,72,15.0,15.0,15.0,05:50:00,23:50:00,노원11,-,0
BR_1100_110900003,74,73,15.0,15.0,15.0,05:40:00,23:45:00,노원05,-,0
BR_1100_110900004,73,72,15.0,15.0,15.0,06:00:00,23:55:00,노원01,-,0
BR_1100_110900005,46,45,25.0,25.0,25.0,00:10:00,23:50:00,노원03,-,0
BR_1100_110900006,47,46,23.0,23.0,23.0,05:50:00,23:30:00,노원09,-,0
BR_1100_110900007,153,152,7.0,7.0,7.0,05:55:00,23:39:00,노원08,-,0
BR_1100_110900008,49,48,23.0,23.0,23.0,00:00:00,23:36:00,노원13,-,0
BR_1100_110900009,85,84,13.0,13.0,13.0,05:30:00,23:40:00,노원02,-,0
BR_1100_111000008,67,66,17.0,17.0,17.0,04:20:00,23:00:00,674,-,0
BR_1100_111000009,12,11,11.0,11.0,11.0,07:00:00,09:00:00,8771,-,0
BR_1100_111000010,115,114,10.0,10.0,10.0,04:00:00,23:00:00,7734,-,0
BR_1100_111000011,72,71,17.0,17.0,17.0,00:03:00,23:46:00,773,-,0
BR_1100_111000012,50,49,25.0,25.0,25.0,00:00:00,23:50:00,774,-,0
BR_1100_111000014,90,89,13.0,13.0,13.0,04:00:00,23:20:00,761,-,0
BR_1100_111000016,11,10,30.0,29.0,141.9999999999996,00:00:00,23:30:00,N75,-,0
BR_1100_111000017,13,12,22.0,22.0,22.0,00:14:00,23:52:00,N72,-,0
BR_1100_111000018,62,61,10.0,10.0,10.0,07:20:00,17:30:00,8701,-,0
BR_1100_111000019,82,81,13.0,13.0,13.0,05:00:00,22:30:00,2236,-,0
BR_1100_111000020,3,2,20.0,20.0,20.0,06:20:00,07:00:00,서울03,-,0
BR_1100_111000021,4,3,15.0,15.0,15.0,06:30:00,07:15:00,서울04,-,0
BR_1100_111000022,71,70,16.0,16.0,16.0,04:20:00,22:50:00,707,-,0
BR_1100_111900001,100,99,11.0,11.0,11.0,05:50:00,23:55:00,은평03,-,0
BR_1100_111900003,60,59,19.0,19.0,19.0,05:00:00,23:40:00,은평02,-,0
BR_1100_111900004,63,62,18.0,18.0,18.0,05:00:00,23:40:00,은평04,-,0
BR_1100_111900005,106,105,10.0,10.0,10.0,06:00:00,23:25:00,은평05,-,0
BR_1100_111900006,99,98,11.0,11.0,11.0,06:00:00,23:55:00,은평07,-,0
BR_1100_111900007,73,72,15.0,15.0,15.0,06:00:00,23:50:00,은평06,-,0
BR_1100_111900009,98,97,11.0,11.0,11.0,06:00:00,23:45:00,은평09,-,0
BR_1100_111900010,60,59,18.0,18.0,18.0,06:00:00,23:30:00,은평10,-,0
BR_1100_111900011,60,59,18.0,18.0,18.0,06:00:00,23:30:00,은평08-1,-,0
BR_1100_111900012,60,59,18.0,18.0,18.0,06:00:00,23:30:00,은평08-2,-,0
BR_1100_111900014,100,99,11.0,11.0,11.0,05:50:00,23:55:00,은평03-1,-,0
BR_1100_111900015,60,59,18.0,18.0,18.0,06:00:00,23:30:00,은평03-2,-,0
BR_1100_112000003,19,18,43.0,43.0,43.0,06:30:00,19:00:00,8773,-,0
BR_1100_112900001,67,66,16.0,16.0,16.0,05:45:00,23:15:00,서대문10,-,0
BR_1100_112900002,103,102,10.0,10.0,10.0,06:00:00,23:00:00,서대문12,-,0
BR_1100_112900003,42,41,25.0,25.0,25.0,06:00:00,23:00:00,서대문07,-,0
BR_1100_112900004,163,162,7.0,7.0,7.0,00:05:00,23:58:00,서대문03,-,0
BR_1100_112900005,42,41,26.0,26.0,26.0,05:55:00,23:32:00,서대문13,-,0
BR_1100_112900006,71,70,16.0,16.0,16.0,00:00:00,23:44:00,서대문11,-,0
BR_1100_112900007,57,56,18.0,18.0,18.0,06:00:00,22:45:00,서대문06,-,0
BR_1100_112900008,110,109,10.0,10.0,10.0,00:00:00,23:50:00,서대문14,-,0
BR_1100_112900009,114,113,9.0,9.0,9.0,06:00:00,22:55:00,서대문05,-,0
BR_1100_112900010,83,82,13.0,13.0,13.0,06:00:00,23:45:00,서대문01,-,0
BR_1100_112900011,69,68,15.0,15.0,15.0,06:00:00,23:00:00,서대문04,-,0
BR_1100_112900012,116,115,9.0,9.0,9.0,06:00:00,23:15:00,서대문09대,-,0
BR_1100_112900013,62,61,17.0,17.0,17.0,06:00:00,23:15:00,서대문09소,-,0
BR_1100_112900014,109,108,10.0,10.0,10.0,00:00:00,23:50:00,서대문02대,-,0
BR_1100_112900015,52,51,20.0,20.0,20.0,06:00:00,23:00:00,서대문02소,-,0
BR_1100_113000002,99,98,12.0,12.0,12.0,04:00:00,23:30:00,452,-,0
BR_1100_113000003,51,50,16.0,16.0,16.0,06:30:00,19:54:00,8762,-,0
BR_1100_113000004,69,68,15.0,15.0,15.0,06:00:00,23:00:00,9401-1,-,0
BR_1100_113000005,3,2,15.0,15.0,15.0,06:30:00,07:00:00,서울06,-,0
BR_1100_113900001,157,156,7.0,7.0,7.0,00:05:00,23:58:00,마포17,-,0
BR_1100_113900002,108,107,10.0,10.0,10.0,06:00:00,23:45:00,마포03,-,0
BR_1100_113900003,138,137,8.0,8.0,8.0,00:00:00,23:52:00,마포12,-,0
BR_1100_113900004,138,137,8.0,8.0,8.0,00:00:00,23:52:00,마포11,-,0
BR_1100_113900005,97,96,11.0,11.0,11.0,06:00:00,23:30:00,마포02,-,0
BR_1100_113900007,52,51,20.0,20.0,20.0,06:00:00,23:00:00,마포13,-,0
BR_1100_113900008,137,136,8.0,8.0,8.0,05:40:00,23:45:00,마포10,-,0
BR_1100_113900009,102,101,11.0,11.0,11.0,05:15:00,23:40:00,마포16,-,0
BR_1100_113900010,118,117,9.0,9.0,9.0,06:00:00,23:35:00,마포07,-,0
BR_1100_113900011,71,70,15.0,15.0,15.0,06:00:00,23:30:00,마포05,-,0
BR_1100_113900012,110,109,10.0,10.0,10.0,00:00:00,23:50:00,마포06,-,0
BR_1100_113900013,121,120,9.0,9.0,9.0,05:35:00,23:35:00,마포08,-,0
BR_1100_113900014,98,97,11.0,11.0,11.0,06:00:00,23:42:00,마포15,-,0
BR_1100_113900015,185,184,6.0,6.0,6.0,05:25:00,23:45:00,마포09,-,0
BR_1100_113900016,66,65,12.0,12.0,12.0,10:00:00,23:00:00,마포18,-,0
BR_1100_113900017,23,22,11.0,11.0,11.0,06:00:00,10:00:00,마포18-1,-,0
BR_1100_114000002,2,1,5.0,5.0,5.0,03:45:00,03:50:00,8641,-,0
BR_1100_114000003,10,9,18.0,16.6,18.0,06:30:00,09:05:00,8671,-,0
BR_1100_114900001,183,182,6.0,6.0,6.0,05:30:00,23:40:00,양천01,-,0
BR_1100_114900002,156,155,7.0,7.0,7.0,05:40:00,23:45:00,양천02,-,0
BR_1100_114900003,109,108,10.0,10.0,10.0,05:30:00,23:30:00,양천03,-,0
BR_1100_114900004,69,68,16.0,16.0,16.0,05:30:00,23:30:00,관악11,-,0
BR_1100_114900005,67,66,16.0,16.0,16.0,06:00:00,23:30:00,영등포13,-,0
BR_1100_114900006,56,55,19.0,19.0,19.0,06:00:00,23:30:00,영등포12,-,0
BR_1100_115000005,75,74,15.0,15.0,15.0,04:30:00,23:00:00,6648,-,0
BR_1100_115000007,94,93,12.0,12.0,12.0,04:00:00,22:30:00,654,-,0
BR_1100_115000010,9,8,28.0,25.3,387.09999999999974,00:08:00,23:40:00,N64,-,0
BR_1100_115000011,12,11,10.0,10.0,10.0,06:30:00,08:20:00,서울02,-,0
BR_1100_115000012,44,43,26.0,26.0,26.0,04:20:00,22:50:00,6633,-,0
BR_1100_115900001,88,87,12.0,12.0,12.0,05:50:00,23:10:00,강서04,-,0
BR_1100_115900002,96,95,11.0,11.0,11.0,05:45:00,23:10:00,강서06,-,0
BR_1100_115900003,42,41,25.0,25.0,25.0,06:00:00,23:00:00,강서02,-,0
BR_1100_115900004,82,81,13.0,13.0,13.0,05:40:00,23:10:00,강서03,-,0
BR_1100_115900005,108,107,10.0,10.0,10.0,05:30:00,23:20:00,강서05,-,0
BR_1100_115900006,98,97,11.0,11.0,11.0,05:50:00,23:30:00,강서01,-,0
BR_1100_115900007,43,42,25.0,25.0,25.0,05:40:00,23:10:00,강서07,-,0
BR_1100_115900008,42,41,25.0,25.0,25.0,05:55:00,23:00:00,강서05-1,-,0
BR_1100_116000001,13,12,10.0,10.0,10.0,07:00:00,09:00:00,8552,-,0
BR_1100_116000002,63,62,18.0,18.0,18.0,04:30:00,23:00:00,6615,-,0
BR_1100_116000004,75,74,15.0,15.0,15.0,04:00:00,22:30:00,660,-,0
BR_1100_116000005,15,14,11.0,11.0,11.0,06:30:00,09:00:00,8561,-,0
BR_1100_116000006,55,54,20.0,20.0,20.0,04:30:00,22:30:00,703,-,0
BR_1100_116900001,109,108,10.0,10.0,10.0,00:00:00,23:50:00,구로13,-,0
BR_1100_116900002,53,52,21.0,21.0,21.0,05:50:00,23:50:00,구로12,-,0
BR_1100_116900003,100,99,11.0,11.0,11.0,05:50:00,23:55:00,구로10,-,0
BR_1100_116900004,78,77,14.0,14.0,14.0,05:50:00,23:50:00,구로11,-,0
BR_1100_116900005,46,45,24.0,24.0,24.0,05:45:00,23:30:00,구로14,-,0
BR_1100_116900006,64,63,17.0,17.0,17.0,05:45:00,23:30:00,구로07,-,0
BR_1100_116900007,89,88,12.0,12.0,12.0,05:50:00,23:25:00,구로09,-,0
BR_1100_116900008,160,159,7.0,7.0,7.0,00:06:00,23:59:00,영등포01,-,0
BR_1100_116900009,123,122,9.0,9.0,9.0,00:05:00,23:59:00,구로05,-,0
BR_1100_116900010,182,181,6.0,6.0,6.0,05:40:00,23:45:00,구로03,-,0
BR_1100_116900011,107,106,10.0,10.0,10.0,05:48:00,23:25:00,구로04,-,0
BR_1100_116900012,153,152,7.0,7.0,7.0,06:00:00,23:40:00,구로06,-,0
BR_1100_116900013,155,154,7.0,7.0,7.0,05:45:00,23:40:00,구로01,-,0
BR_1100_116900014,121,120,9.0,9.0,9.0,05:45:00,23:40:00,구로02,-,0
BR_1100_116900015,84,83,13.0,13.0,13.0,05:45:00,23:40:00,구로08,-,0
BR_1100_116900016,44,43,25.0,25.0,25.0,05:55:00,23:35:00,구로15,-,0
BR_1100_116900017,89,88,12.0,12.0,12.0,06:00:00,23:30:00,영등포09,-,0
BR_1100_116900018,108,107,10.0,10.0,10.0,06:00:00,23:50:00,양천04,-,0
BR_1100_117000002,8,7,35.0,31.0,503.0000000000004,00:15:00,23:40:00,N51,-,0
BR_1100_117900001,102,101,11.0,11.0,11.0,05:10:00,23:42:00,금천05,-,0
BR_1100_117900002,141,140,8.0,8.0,8.0,00:00:00,23:52:00,금천04,-,0
BR_1100_117900003,225,224,5.0,5.0,5.0,00:00:00,23:55:00,금천03,-,0
BR_1100_117900004,81,80,14.0,14.0,14.0,05:00:00,23:40:00,금천06,-,0
BR_1100_117900005,119,118,9.0,9.0,9.0,05:50:00,23:30:00,금천08,-,0
BR_1100_117900006,53,52,21.0,21.0,21.0,05:40:00,23:40:00,금천02,-,0
BR_1100_117900007,58,57,18.0,18.0,18.0,05:50:00,22:50:00,금천07,-,0
BR_1100_117900008,279,278,4.0,4.0,4.0,05:20:00,23:50:00,금천01,-,0
BR_1100_117900010,47,46,23.0,23.0,23.0,05:20:00,23:00:00,금천11,-,0
BR_1100_118900001,101,100,11.0,11.0,11.0,05:35:00,23:50:00,영등포04,-,0
BR_1100_118900002,71,70,15.0,15.0,15.0,06:00:00,23:30:00,영등포07,-,0
BR_1100_118900003,54,53,20.0,20.0,20.0,06:00:00,23:30:00,영등포06,-,0
BR_1100_118900004,86,85,12.0,12.0,12.0,06:00:00,23:00:00,영등포02,-,0
BR_1100_118900005,87,86,12.0,12.0,12.0,06:00:00,23:15:00,영등포03,-,0
BR_1100_118900006,65,64,16.0,16.0,16.0,06:00:00,23:07:00,영등포05,-,0
BR_1100_118900007,116,115,9.0,9.0,9.0,06:00:00,23:15:00,영등포08,-,0
BR_1100_118900008,69,68,15.0,15.0,15.0,06:00:00,23:00:00,영등포10,-,0
BR_1100_118900009,74,73,14.0,14.0,14.0,06:00:00,23:00:00,영등포11,-,0
BR_1100_119900001,43,42,25.0,25.0,25.0,06:00:00,23:25:00,동작20,-,0
BR_1100_119900002,51,50,21.0,21.0,21.0,06:00:00,23:30:00,서초06,-,0
BR_1100_119900003,54,53,20.0,20.0,20.0,06:00:00,23:30:00,서초05,-,0
BR_1100_119900004,93,92,11.0,11.0,11.0,06:00:00,22:45:00,서초17,-,0
BR_1100_119900005,71,70,15.0,15.0,15.0,06:00:00,23:30:00,서초16,-,0
BR_1100_119900006,50,49,22.0,22.0,22.0,05:45:00,23:35:00,동작10,-,0
BR_1100_119900007,221,220,5.0,5.0,5.0,05:20:00,23:40:00,동작01,-,0
BR_1100_119900008,45,44,23.0,23.0,23.0,06:00:00,22:55:00,동작19,-,0
BR_1100_119900009,156,155,7.0,7.0,7.0,05:30:00,23:30:00,동작08,-,0
BR_1100_119900010,89,88,12.0,12.0,12.0,06:00:00,23:30:00,동작15,-,0
BR_1100_119900011,49,48,21.0,21.0,21.0,06:00:00,22:50:00,동작11,-,0
BR_1100_119900012,51,50,21.0,21.0,21.0,06:00:00,23:20:00,동작14,-,0
BR_1100_119900013,49,48,21.0,21.0,21.0,06:00:00,22:50:00,동작02,-,0
BR_1100_119900014,71,70,15.0,15.0,15.0,06:00:00,23:30:00,동작06,-,0
BR_1100_119900015,38,37,28.0,28.0,28.0,06:00:00,23:15:00,동작18,-,0
BR_1100_119900016,66,65,16.0,16.0,16.0,06:00:00,23:12:00,동작17,-,0
BR_1100_119900017,67,66,16.0,16.0,16.0,05:45:00,23:15:00,동작16,-,0
BR_1100_119900018,89,88,12.0,12.0,12.0,05:45:00,23:17:00,동작07,-,0
BR_1100_119900019,133,132,8.0,8.0,8.0,06:00:00,23:30:00,동작09,-,0
BR_1100_119900020,90,89,12.0,12.0,12.0,06:00:00,23:40:00,동작03,-,0
BR_1100_119900021,72,71,15.0,15.0,15.0,06:00:00,23:40:00,동작12,-,0
BR_1100_119900022,69,68,16.0,16.0,16.0,05:50:00,23:50:00,동작05,-,0
BR_1100_119900023,61,60,18.0,18.0,18.0,05:50:00,23:50:00,동작05-1,-,0
BR_1100_119900024,54,53,21.0,21.0,21.0,05:20:00,23:55:00,동작21,-,0
BR_1100_120000003,9,8,18.0,18.0,18.3,06:30:00,08:55:00,8661,-,0
BR_1100_120900001,74,73,14.0,14.0,14.0,06:00:00,23:00:00,동작13,-,0
BR_1100_120900002,185,184,6.0,6.0,6.0,05:30:00,23:50:00,관악10,-,0
BR_1100_120900003,188,187,6.0,6.0,6.0,00:00:00,23:56:00,관악03,-,0
BR_1100_120900004,276,275,4.0,4.0,4.0,05:30:00,23:50:00,관악06,-,0
BR_1100_120900005,160,159,7.0,7.0,7.0,05:20:00,23:50:00,관악01,-,0
BR_1100_120900006,110,109,10.0,10.0,10.0,05:30:00,23:40:00,관악07,-,0
BR_1100_120900007,101,100,11.0,11.0,11.0,05:25:00,23:44:00,관악08,-,0
BR_1100_120900008,216,215,5.0,5.0,5.0,06:00:00,23:55:00,관악02,-,0
BR_1100_120900009,180,179,6.0,6.0,6.0,06:00:00,23:55:00,관악04,-,0
BR_1100_120900010,180,179,6.0,6.0,6.0,06:00:00,23:55:00,관악05,-,0
BR_1100_121900001,103,102,10.0,10.0,10.0,06:00:00,23:00:00,서초21,-,0
BR_1100_121900002,72,71,14.0,14.0,14.0,06:00:00,22:30:00,서초08,-,0
BR_1100_121900003,80,79,13.0,13.0,13.0,06:00:00,23:00:00,서초10,-,0
BR_1100_121900004,40,39,25.0,25.0,25.0,06:00:00,22:00:00,서초20,-,0
BR_1100_121900005,74,73,14.0,14.0,14.0,06:00:00,23:00:00,서초03,-,0
BR_1100_121900006,69,68,15.0,15.0,15.0,06:00:00,22:50:00,서초11,-,0
BR_1100_121900007,97,96,11.0,11.0,11.0,05:30:00,23:00:00,서초09,-,0
BR_1100_121900008,56,55,18.0,18.0,18.0,06:00:00,22:30:00,서초02,-,0
BR_1100_121900009,40,39,25.0,25.0,25.0,06:00:00,22:00:00,서초01,-,0
BR_1100_121900010,115,114,9.0,9.0,9.0,06:00:00,23:00:00,서초14,-,0
BR_1100_121900011,86,85,12.0,12.0,12.0,06:00:00,23:00:00,서초07,-,0
BR_1100_121900012,129,128,8.0,8.0,8.0,06:00:00,23:00:00,서초15,-,0
BR_1100_121900013,95,94,11.0,11.0,11.0,06:00:00,23:10:00,서초13,-,0
BR_1100_121900014,74,73,14.0,14.0,14.0,06:00:00,23:00:00,서초22,-,0
BR_1100_121900015,47,46,21.0,21.0,21.0,06:00:00,22:00:00,서초18-1,-,0
BR_1100_121900016,211,210,5.0,5.0,5.0,06:00:00,23:30:00,서초18,-,0
BR_1100_122000001,90,89,13.0,13.0,13.0,04:20:00,23:30:00,4435,-,0
BR_1100_122900001,70,69,15.0,15.0,15.0,05:30:00,22:42:00,강남07,-,0
BR_1100_122900002,108,107,10.0,10.0,10.0,05:40:00,23:30:00,강남05,-,0
BR_1100_122900003,44,43,24.0,24.0,24.0,06:00:00,22:58:00,강남01,-,0
BR_1100_122900004,68,67,15.0,15.0,15.0,06:00:00,22:40:00,강남03,-,0
BR_1100_122900005,98,97,11.0,11.0,11.0,05:30:00,23:10:00,강남06,-,0
BR_1100_122900006,107,106,10.0,10.0,10.0,05:55:00,23:30:00,강남02,-,0
BR_1100_122900007,52,51,20.0,20.0,20.0,06:10:00,23:10:00,강남06-1,-,0
BR_1100_122900008,48,47,22.0,22.0,22.0,06:00:00,23:00:00,강남08,-,0
BR_1100_122900009,74,73,14.0,14.0,14.0,06:00:00,23:00:00,강남10,-,0
BR_1100_122900010,52,51,20.0,20.0,20.0,06:00:00,23:01:00,강남06-2,-,0
BR_1100_123000010,114,113,10.0,10.0,10.0,04:00:00,22:50:00,741,-,0
BR_1100_123000011,95,94,12.0,12.0,12.0,04:30:00,23:20:00,708,-,0
BR_1100_123000013,10,9,28.0,28.0,261.80000000000024,00:26:00,23:58:00,N73,-,0
BR_1100_123900001,58,57,18.0,18.0,18.0,06:00:00,23:00:00,송파01,-,0
BR_1100_123900002,50,49,21.0,21.0,21.0,06:00:00,23:00:00,송파02,-,0
BR_1100_123900003,42,41,25.0,25.0,25.0,06:00:00,23:00:00,송파03,-,0
BR_1100_124000008,46,45,25.0,25.0,25.0,04:20:00,23:00:00,7719,-,0
BR_1100_124000010,12,11,11.0,11.0,11.0,07:20:00,09:20:00,8331,-,0
BR_1100_124000036,95,94,12.0,12.0,12.0,04:00:00,22:50:00,345,-,0
BR_1100_124000038,102,101,11.0,11.0,11.0,04:00:00,22:30:00,342,-,0
BR_1100_124000039,78,77,15.0,15.0,15.0,04:30:00,23:40:00,3323,-,0
BR_1100_124000040,10,9,19.0,17.8,19.0,06:30:00,09:15:00,8332,-,0
BR_1100_124900001,82,81,13.0,13.0,13.0,05:50:00,23:15:00,강동05,-,0
BR_1100_124900002,96,95,11.0,11.0,11.0,05:30:00,22:50:00,강동01,-,0
BR_1100_124900003,67,66,16.0,16.0,16.0,05:55:00,23:20:00,강동02,-,0
BR_3100_241238001,103,102,10.0,10.0,10.0,06:00:00,23:00:00,광명01,-,0
BR_3100_241252003,27,26,40.0,40.0,40.0,06:00:00,23:30:00,6-3,-,0
BR_3100_241262002,69,68,15.0,15.0,15.0,06:00:00,23:00:00,013-1,-,0
BR_3100_241262003,72,71,15.0,15.0,15.0,06:00:00,23:45:00,013-2,-,0
BR_3100_241274001,106,105,10.0,10.0,10.0,05:40:00,23:08:00,1,-,0
BR_3100_241274004,71,70,15.0,15.0,15.0,05:45:00,23:11:00,1-3,-,0
BR_3100_241274008,9,8,120.0,120.0,120.0,06:30:00,22:30:00,1A,-,0
BR_3100_241312018,34,33,30.0,30.0,30.0,05:50:00,22:00:00,022B,-,0
BR_3100_241312019,35,34,30.0,30.0,30.0,05:50:00,22:30:00,054,-,0
BR_3100_241312020,23,22,45.0,45.0,45.0,06:00:00,22:25:00,064,-,0
BR_3100_241338003,28,27,30.0,30.0,30.0,07:00:00,20:30:00,6-2,-,0
BR_3100_241339004,29,28,35.0,35.0,35.0,06:00:00,22:30:00,2-2,-,0
BR_3100_241340008,37,36,30.0,30.0,30.0,05:30:00,23:20:00,3,-,0
BR_3100_241347005,56,55,20.0,20.0,20.0,05:20:00,23:30:00,82A,-,0
BR_3100_241347006,69,68,16.0,16.0,16.0,05:20:00,23:30:00,82B,-,0
BR_3100_241350002,42,41,30.0,30.0,30.0,00:00:00,23:30:00,33-1,-,0
BR_3100_241350004,7,6,165.0,165.0,180.0,06:00:00,23:00:00,85-1,-,0
BR_3100_241352007,53,52,20.0,20.0,20.0,05:40:00,23:00:00,075A,-,0
BR_3100_241352009,37,36,30.0,30.0,30.0,05:20:00,23:00:00,075B,-,0
BR_3100_241352012,5,4,30.0,19.5,30.0,07:02:00,08:47:00,075A(향동),-,0
BR_3100_241408002,18,17,60.0,60.0,60.0,05:30:00,22:20:00,3,-,0
BR_3100_241408006,35,34,30.0,30.0,30.0,06:00:00,23:00:00,미사-01,-,0
BR_3100_241409004,21,20,50.0,50.0,50.0,06:40:00,23:00:00,6-1,-,0
BR_3100_241409005,17,16,60.0,60.0,60.0,06:35:00,22:25:00,7,-,0
BR_3100_241409006,11,10,100.0,99.0,100.0,06:30:00,23:00:00,8,-,0
BR_3100_241409007,23,22,45.0,45.0,45.0,06:30:00,23:00:00,9,-,0
BR_3100_241409009,30,29,35.0,35.0,35.0,06:00:00,23:00:00,위례-01,-,0
BR_3100_241409010,18,17,60.0,60.0,60.0,06:00:00,22:30:00,감북-01,-,0
BR_3100_241410005,35,34,30.0,30.0,30.0,06:00:00,23:00:00,미사-01,-,0
BR_3100_241411001,36,35,30.0,30.0,30.0,06:00:00,23:30:00,1,-,0
BR_3100_241412003,72,71,14.0,14.0,14.0,06:00:00,22:30:00,50,-,0
BR_3100_241412004,15,14,75.0,75.0,75.0,06:00:00,22:50:00,5,-,0
BR_3100_241457013,1,0,,,,19:30:00,19:30:00,15-1(구파발),-,0
BR_3100_241461002,30,29,30.0,30.0,30.0,07:45:00,22:00:00,16,-,0
BR_3100_241461005,6,5,117.0,117.0,117.0,07:30:00,17:15:00,16-1,-,0
BR_3100_241461015,6,5,10.0,10.0,10.0,06:40:00,07:30:00,16A,-,0
BR_TAGO_GGB200000010,109,108,10.0,10.0,10.0,04:10:00,23:40:00,900,-,0
BR_TAGO_GGB200000104,106,105,12.0,12.0,12.0,04:30:00,26:01:48,3000,-,0
BR_TAGO_GGB200000108,183,182,6.0,6.0,6.0,05:30:45,24:31:35,3003,-,0
BR_TAGO_GGB200000110,115,114,10.0,10.0,10.0,05:20:00,25:01:09,3007,-,0
BR_TAGO_GGB200000112,96,95,12.0,12.0,12.0,05:30:00,25:01:14,7000,-,0
BR_TAGO_GGB200000115,190,189,6.0,6.0,6.0,05:30:00,25:00:00,5100,-,0
BR_TAGO_GGB200000119,94,93,12.0,12.0,12.0,05:20:00,23:50:00,7001,-,0
BR_TAGO_GGB200000145,57,56,20.0,20.0,20.0,05:25:00,24:31:39,3002,-,0
BR_TAGO_GGB200000149,57,56,20.0,20.0,20.0,05:00:00,23:30:00,7790,-,0
BR_TAGO_GGB200000150,190,189,6.0,6.0,6.0,05:00:00,23:50:00,7800,-,0
BR_TAGO_GGB200000175,116,115,10.0,10.0,10.0,05:20:00,25:02:38,5300,-,0
BR_TAGO_GGB200000193,22,21,40.0,20.0,40.0,07:00:00,20:15:00,5300-1전,-,0
BR_TAGO_GGB200000205,141,140,8.0,8.0,8.0,05:10:00,24:35:13,8800,-,0
BR_TAGO_GGB200000262,37,36,24.0,24.0,24.0,06:36:00,20:44:00,G5100,-,0
BR_TAGO_GGB200000274,60,59,15.0,15.0,15.0,07:00:00,22:30:00,3008,-,0
BR_TAGO_GGB200000283,2,1,30.0,30.0,30.0,07:00:00,07:30:00,3000(예약),-,0
BR_TAGO_GGB200000289,2,1,35.0,35.0,35.0,07:20:00,07:55:00,3002예약,-,0
BR_TAGO_GGB200000290,2,1,20.0,20.0,20.0,07:20:00,07:40:00,3007예약,-,0
BR_TAGO_GGB200000293,2,1,25.0,25.0,25.0,07:20:00,07:45:00,3003예약,-,0
BR_TAGO_GGB200000296,2,1,35.0,35.0,35.0,07:20:00,07:55:00,5100예약,-,0
BR_TAGO_GGB200000297,2,1,30.0,30.0,30.0,07:20:00,07:50:00,8800예약,-,0
BR_TAGO_GGB200000299,29,28,40.0,34.00000000000001,40.0,05:30:00,23:30:00,5200,-,0
BR_TAGO_GGB200000316,10,9,10.0,9.6,10.0,06:26:00,07:54:00,7770(예비),-,0
BR_TAGO_GGB200000323,2,1,30.0,30.0,30.0,07:00:00,07:30:00,7780(퇴근예약),-,0
BR_TAGO_GGB200000324,1,0,,,,18:40:00,18:40:00,7800(퇴근예약),-,0
BR_TAGO_GGB200000325,57,56,20.0,20.0,20.0,05:41:02,24:34:58,M5443,-,0
BR_TAGO_GGB200000326,2,1,90.0,90.0,90.0,06:20:24,07:50:24,M5443(예약),-,0
BR_TAGO_GGB200000327,34,33,30.0,30.0,30.0,06:40:00,23:00:00,수원MDRT,-,0
BR_TAGO_GGB204000005,177,176,6.0,6.0,6.0,05:00:00,23:35:00,57,-,0
BR_TAGO_GGB204000007,72,71,15.0,15.0,15.0,05:00:00,23:40:00,357,-,0
BR_TAGO_GGB204000012,153,152,7.0,7.0,7.0,05:07:39,23:27:53,50,-,0
BR_TAGO_GGB204000013,71,70,15.0,15.0,15.0,05:00:52,23:18:12,60,-,0
BR_TAGO_GGB204000018,8,7,100.0,56.0,150.0,05:10:00,17:40:00,100,-,0
BR_TAGO_GGB204000024,111,110,10.0,10.0,10.0,04:50:00,24:10:00,9407,-,0
BR_TAGO_GGB204000029,37,36,30.0,30.0,30.0,05:00:00,23:10:00,200,-,0
BR_TAGO_GGB204000041,111,110,10.0,10.0,10.0,05:00:00,23:20:00,9004,-,0
BR_TAGO_GGB204000046,10,9,20.0,9.0,20.0,05:01:00,07:32:00,9003,-,0
BR_TAGO_GGB204000059,59,58,19.0,19.0,19.0,04:40:00,22:30:00,9507,-,0
BR_TAGO_GGB204000060,54,53,20.0,20.0,20.0,05:00:00,23:22:53,103,-,0
BR_TAGO_GGB204000065,44,43,25.0,25.0,25.0,04:50:00,23:30:00,9607,-,0
BR_TAGO_GGB204000067,63,62,17.0,17.0,17.0,04:50:00,22:55:00,341,-,0
BR_TAGO_GGB204000070,57,56,20.0,20.0,20.0,05:00:00,23:50:48,9007,-,0
BR_TAGO_GGB204000073,88,87,12.0,12.0,12.0,05:00:00,23:12:09,315,-,0
BR_TAGO_GGB204000081,109,108,10.0,10.0,10.0,05:20:00,24:01:57,1151,-,0
BR_TAGO_GGB204000082,136,135,8.0,8.0,8.0,05:00:00,23:00:00,G8110,-,0
BR_TAGO_GGB204000083,1,0,,,,03:10:00,03:10:00,100출,-,0
BR_TAGO_GGB204000084,60,59,18.0,18.0,18.0,05:00:00,23:05:00,331,-,0
BR_TAGO_GGB204000139,73,72,15.0,15.0,15.0,04:50:00,23:27:55,231,-,0
BR_TAGO_GGB204000141,99,98,11.0,11.0,11.0,05:00:00,23:51:17,9200,-,0
BR_TAGO_GGB204000146,62,61,16.0,16.0,16.0,05:00:00,23:25:00,누리2,-,0
BR_TAGO_GGB204000149,4,3,40.0,40.0,40.0,01:40:00,03:40:00,반디1,-,0
BR_TAGO_GGB204000150,2,1,120.0,120.0,120.0,23:00:00,25:00:00,반디1-1,-,0
BR_TAGO_GGB204000153,27,26,40.0,40.0,40.0,05:30:00,22:20:00,9400,-,0
BR_TAGO_GGB204000156,36,35,30.0,30.0,30.0,05:50:00,22:50:00,9800,-,0
BR_TAGO_GGB204000159,53,52,20.0,20.0,20.0,05:00:00,23:00:00,342,-,0
BR_TAGO_GGB204000172,75,74,15.0,15.0,15.0,05:00:00,23:51:03,4103,-,0
BR_TAGO_GGB204000180,71,70,15.0,15.0,15.0,05:00:00,22:25:00,210,-,0
BR_TAGO_GGB206000007,140,139,8.0,8.0,8.0,05:00:00,23:55:00,102,-,0
BR_TAGO_GGB207000002,78,77,15.0,15.0,15.0,04:45:00,24:10:00,72-1,-,0
BR_TAGO_GGB207000003,90,89,12.0,12.0,12.0,05:00:51,22:50:52,1-9,-,0
BR_TAGO_GGB207000004,109,108,10.0,10.0,10.0,05:30:00,23:30:00,10-1,-,0
BR_TAGO_GGB207000009,140,139,8.0,8.0,8.0,04:35:00,24:06:58,1-1,-,0
BR_TAGO_GGB207000021,114,113,10.0,10.0,10.0,04:25:00,23:50:00,7,-,0
BR_TAGO_GGB207000026,56,55,20.0,20.0,20.0,05:00:00,23:56:09,133,-,0
BR_TAGO_GGB207000027,128,127,10.0,10.0,10.0,04:01:20,26:43:12,36,-,0
BR_TAGO_GGB207000070,124,123,10.0,10.0,10.0,03:35:52,25:38:20,3100,-,0
BR_TAGO_GGB207000080,50,49,20.0,20.0,20.0,06:00:00,22:32:32,78,-,0
BR_TAGO_GGB207000085,120,119,9.0,9.0,9.0,05:11:03,23:00:51,10-2,-,0
BR_TAGO_GGB207000088,1,0,,,,04:35:00,04:35:00,1-3,-,0
BR_TAGO_GGB207000093,41,40,20.0,20.0,20.0,06:27:45,19:33:45,10-3,-,0
BR_TAGO_GGB207000099,37,36,30.0,28.683333333333334,31.125,05:23:14,23:22:10,G6000,-,0
BR_TAGO_GGB207000100,75,74,15.0,13.708333333333334,15.45166666666667,05:03:28,23:45:00,56,-,0
BR_TAGO_GGB207000101,111,110,10.0,10.0,10.0,05:20:56,24:00:00,1-8,-,0
BR_TAGO_GGB207000102,55,54,20.0,19.416666666666668,20.529999999999998,05:14:52,23:16:50,G6100,-,0
BR_TAGO_GGB207000103,54,53,20.0,20.0,20.0,05:05:00,23:30:00,360,-,0
BR_TAGO_GGB207000104,56,55,20.0,20.0,20.0,05:00:00,24:25:21,1102,-,0
BR_TAGO_GGB207000105,2,1,27.133333333333333,27.133333333333333,27.133333333333333,23:53:37,24:20:45,G6000N,-,0
BR_TAGO_GGB207000106,2,1,29.816666666666666,29.816666666666666,29.816666666666666,23:42:44,24:12:33,G6100N,-,0
BR_TAGO_GGB207000109,52,51,20.0,20.0,20.0,05:00:00,22:00:00,1205,-,0
BR_TAGO_GGB208000004,141,140,8.0,8.0,8.0,04:30:00,23:50:00,11-2,-,0
BR_TAGO_GGB208000005,188,187,6.0,6.0,6.0,04:30:00,23:55:00,11-5,-,0
BR_TAGO_GGB208000006,179,178,6.0,6.0,6.0,04:55:00,23:30:00,11-3,-,0
BR_TAGO_GGB208000007,70,69,16.0,16.0,16.0,04:50:00,23:43:29,1,-,0
BR_TAGO_GGB208000014,105,104,10.0,10.0,10.0,05:00:00,23:20:00,20,-,0
BR_TAGO_GGB208000016,93,92,12.0,12.0,12.0,04:35:41,23:50:00,5,-,0
BR_TAGO_GGB208000017,217,216,5.0,5.0,5.0,04:35:00,23:20:00,51,-,0
BR_TAGO_GGB208000019,139,138,8.0,8.0,8.0,04:42:00,22:53:58,9,-,0
BR_TAGO_GGB208000020,184,183,6.0,6.0,6.0,04:42:00,23:00:00,9-3,-,0
BR_TAGO_GGB208000024,101,100,11.0,11.0,11.0,04:40:30,23:22:13,1-1,-,0
BR_TAGO_GGB208000026,74,73,15.0,15.0,15.0,04:40:00,23:40:00,917,-,0
BR_TAGO_GGB208000027,94,93,13.0,13.0,13.0,05:25:58,25:55:00,3030,-,0
BR_TAGO_GGB208000063,73,72,15.0,15.0,16.54,05:08:48,23:30:00,M5333,-,0
BR_TAGO_GGB208000066,109,108,10.0,9.978333333333333,10.0,05:27:11,23:50:00,G9633,-,0
BR_TAGO_GGB208000068,57,56,20.0,20.0,20.0,04:50:00,23:30:00,M5556,-,0
BR_TAGO_GGB210000001,182,181,6.0,6.0,6.0,04:50:00,24:02:54,50,-,0
BR_TAGO_GGB210000002,223,222,5.0,5.0,5.0,05:00:00,23:30:00,12-1,-,0
BR_TAGO_GGB210000003,137,136,8.0,8.0,8.0,04:50:00,23:50:00,50-1,-,0
BR_TAGO_GGB210000009,123,122,9.0,9.0,9.0,05:30:00,24:01:46,52,-,0
BR_TAGO_GGB210000012,194,193,6.0,6.0,6.0,04:10:00,24:26:35,70-2,-,0
BR_TAGO_GGB210000013,90,89,13.0,13.0,13.0,04:20:00,24:00:00,3,-,0
BR_TAGO_GGB210000014,221,220,5.0,5.0,5.0,05:00:00,24:07:25,5,-,0
BR_TAGO_GGB210000027,109,108,10.0,10.0,10.0,04:30:00,23:40:00,12,-,0
BR_TAGO_GGB210000034,111,110,10.0,10.0,10.0,04:50:00,24:06:27,70,-,0
BR_TAGO_GGB210000036,113,112,10.0,10.0,10.0,04:20:00,24:10:00,70-3,-,0
BR_TAGO_GGB210000037,111,110,10.0,10.0,10.0,04:50:00,23:50:00,71,-,0
BR_TAGO_GGB210000038,159,158,7.0,7.0,7.0,04:00:00,24:00:00,75,-,0
BR_TAGO_GGB210000039,84,83,15.0,15.0,15.0,05:10:00,26:22:07,700,-,0
BR_TAGO_GGB210000040,125,124,9.0,9.0,9.0,05:00:00,23:30:00,57,-,0
BR_TAGO_GGB210000042,84,83,13.0,13.0,13.0,05:10:00,23:30:00,59,-,0
BR_TAGO_GGB210000049,95,94,12.0,12.0,12.0,05:00:00,23:45:00,56-1,-,0
BR_TAGO_GGB210000052,125,124,9.0,9.0,9.0,05:00:00,23:35:00,57-1,-,0
BR_TAGO_GGB210000057,185,184,6.0,6.0,6.0,05:00:00,23:30:00,60-1,-,0
BR_TAGO_GGB210000060,185,184,6.0,6.0,6.0,04:40:00,23:47:07,23,-,0
BR_TAGO_GGB210000069,72,71,15.0,15.0,15.0,05:05:00,23:25:00,59-1,-,0
BR_TAGO_GGB210000075,138,137,8.0,8.0,8.0,05:00:00,23:40:00,98,-,0
BR_TAGO_GGB210000093,110,109,10.0,10.0,10.0,05:00:00,23:30:00,77,-,0
BR_TAGO_GGB210000103,43,42,20.0,20.0,20.0,06:20:00,20:20:00,56-2,-,0
BR_TAGO_GGB210000109,46,45,23.0,23.0,23.0,05:10:00,22:25:00,99,-,0
BR_TAGO_GGB212000001,291,290,4.0,4.0,4.0,03:50:00,24:45:00,88,-,0
BR_TAGO_GGB212000002,152,151,8.0,8.0,8.0,04:10:00,25:20:00,83,-,0
BR_TAGO_GGB212000003,227,226,5.0,5.0,5.0,04:30:00,23:55:00,10,-,0
BR_TAGO_GGB213000002,76,75,15.0,15.0,15.0,05:05:00,23:25:00,21,-,0
BR_TAGO_GGB213000003,159,158,7.0,7.0,7.0,05:20:00,24:00:00,27,-,0
BR_TAGO_GGB213000005,139,138,8.0,8.0,8.0,05:05:00,24:03:28,17,-,0
BR_TAGO_GGB213000006,120,119,9.0,9.0,9.0,05:00:00,24:06:26,1,-,0
BR_TAGO_GGB213000007,127,126,9.0,9.0,9.0,05:00:00,24:00:00,11-1,-,0
BR_TAGO_GGB213000008,40,39,30.0,28.000000000000004,30.0,05:00:00,23:30:00,11,-,0
BR_TAGO_GGB213000009,111,110,10.0,10.0,10.0,04:55:00,23:51:35,39,-,0
BR_TAGO_GGB213000010,112,111,10.0,10.0,10.0,05:06:32,24:01:35,22,-,0
BR_TAGO_GGB213000011,111,110,10.0,10.0,10.0,05:00:00,24:00:00,11-2,-,0
BR_TAGO_GGB213000015,73,72,15.0,15.0,15.0,05:30:00,23:20:00,3001,-,0
BR_TAGO_GGB213000016,185,184,6.0,6.0,6.0,05:10:00,24:01:10,101,-,0
BR_TAGO_GGB213000017,110,109,10.0,10.0,10.0,05:10:00,24:00:00,2,-,0
BR_TAGO_GGB213000019,44,43,25.0,25.0,25.0,05:30:00,23:20:00,3002,-,0
BR_TAGO_GGB213000024,112,111,10.0,10.0,10.0,05:00:00,23:30:00,8507,-,0
BR_TAGO_GGB213000026,33,32,30.0,30.0,30.0,06:00:00,22:00:00,77,-,0
BR_TAGO_GGB213000027,54,53,20.0,20.0,20.0,05:40:00,23:20:00,102,-,0
BR_TAGO_GGB213000029,55,54,20.0,20.0,20.0,05:00:00,23:00:00,200,-,0
BR_TAGO_GGB216000021,30,29,40.0,39.0,40.0,04:35:00,24:10:00,301,-,0
BR_TAGO_GGB216000026,56,55,20.0,20.0,20.0,05:20:00,24:11:33,3100,-,0
BR_TAGO_GGB216000043,56,55,20.0,20.0,20.0,05:35:00,24:36:36,3101,-,0
BR_TAGO_GGB216000044,74,73,15.0,15.0,15.0,05:50:00,24:35:59,M6410,-,0
BR_TAGO_GGB216000046,112,111,10.0,10.0,10.0,05:10:00,25:17:26,5609,-,0
BR_TAGO_GGB216000047,72,71,15.0,15.0,15.0,05:30:00,24:03:43,5602,-,0
BR_TAGO_GGB216000061,75,74,15.0,15.0,15.0,05:10:00,23:30:00,3102,-,0
BR_TAGO_GGB216000089,110,109,10.0,10.0,10.0,04:50:00,23:00:00,6501,-,0
BR_TAGO_GGB216000096,5,4,30.0,20.783333333333335,50.755,23:45:00,26:01:29,3100N,-,0
BR_TAGO_GGB217000013,58,57,20.0,20.0,20.0,04:55:00,25:20:00,320,-,0
BR_TAGO_GGB218000001,90,89,12.0,12.0,12.0,05:00:00,23:20:00,85,-,0
BR_TAGO_GGB218000010,140,139,8.0,8.0,8.0,04:30:00,23:57:44,1500,-,0
BR_TAGO_GGB218000011,15,14,90.0,66.215,90.0,04:55:00,23:57:25,1100,-,0
BR_TAGO_GGB218000015,78,77,15.0,15.0,15.0,04:30:00,23:30:00,M7119,-,0
BR_TAGO_GGB218000020,37,36,30.0,30.0,30.0,05:30:00,23:00:00,M7129,-,0
BR_TAGO_GGB218000105,146,145,8.0,8.0,8.0,05:30:00,25:32:22,M7731,-,0
BR_TAGO_GGB218000112,13,12,93.0,81.0,93.0,06:00:00,23:00:00,M7646,-,0
BR_TAGO_GGB218000116,158,157,7.0,7.0,7.0,05:01:05,24:10:00,730,-,0
BR_TAGO_GGB218000117,81,80,14.0,14.0,14.0,05:00:00,23:30:00,3400,-,0
BR_TAGO_GGB218000125,17,16,75.0,67.5,75.0,04:40:00,23:50:00,75,-,0
BR_TAGO_GGB219000005,16,15,80.0,64.0,80.0,05:00:00,23:40:00,82,-,0
BR_TAGO_GGB219000006,178,177,6.0,6.0,6.0,05:00:00,23:32:45,1082,-,0
BR_TAGO_GGB219000008,5,4,300.0,188.0,300.0,05:00:00,22:20:00,55,-,0
BR_TAGO_GGB219000013,121,120,10.0,10.0,10.0,04:25:00,25:01:33,1000,-,0
BR_TAGO_GGB219000015,19,18,70.0,54.50000000000001,70.0,05:00:00,24:15:00,921,-,0
BR_TAGO_GGB219000016,143,142,8.0,8.0,8.0,04:50:00,24:41:42,1200,-,0
BR_TAGO_GGB219000026,20,19,62.86666666666667,60.43,63.78333333333333,05:05:24,24:00:00,9700,-,0
BR_TAGO_GGB219000027,19,18,70.0,51.81666666666668,70.0,04:40:00,23:52:33,1900,-,0
BR_TAGO_GGB220000012,72,71,15.0,15.0,15.0,05:40:00,23:00:00,6,-,0
BR_TAGO_GGB221000003,55,54,20.0,20.0,20.0,05:30:00,23:30:00,1000,-,0
BR_TAGO_GGB221000032,99,98,11.0,11.0,11.0,05:30:00,23:40:00,75,-,0
BR_TAGO_GGB221000033,71,70,15.0,15.0,15.0,05:50:00,23:33:17,1680,-,0
BR_TAGO_GGB221000034,89,88,12.0,12.0,12.0,05:40:00,23:15:00,75-1,-,0
BR_TAGO_GGB221000035,71,70,15.0,15.0,15.0,05:40:00,23:05:00,G1690,-,0
BR_TAGO_GGB221000040,98,97,10.0,10.0,10.0,05:55:00,22:50:00,680,-,0
BR_TAGO_GGB222000002,81,80,15.0,15.0,15.0,04:20:35,25:00:00,707,-,0
BR_TAGO_GGB222000004,147,146,8.0,8.0,8.0,04:37:34,25:05:00,202,-,0
BR_TAGO_GGB222000008,47,46,25.0,25.0,25.0,04:10:40,23:50:00,88,-,0
BR_TAGO_GGB222000009,92,91,13.0,13.0,13.0,04:30:36,25:06:41,9,-,0
BR_TAGO_GGB222000013,98,97,12.0,12.0,12.0,04:00:45,24:10:00,23,-,0
BR_TAGO_GGB222000022,39,38,30.0,29.959999999999997,30.0,04:40:27,23:51:54,91,-,0
BR_TAGO_GGB222000026,45,44,25.0,25.0,25.0,05:00:00,23:42:24,93,-,0
BR_TAGO_GGB222000027,38,37,30.0,30.0,30.0,04:45:00,23:30:00,97,-,0
BR_TAGO_GGB222000028,111,110,10.0,10.0,10.0,04:30:00,23:50:00,165,-,0
BR_TAGO_GGB222000030,50,49,20.0,20.0,20.0,05:25:00,22:45:00,65-1,-,0
BR_TAGO_GGB222000031,111,110,10.0,10.0,10.0,05:00:00,24:40:00,65,-,0
BR_TAGO_GGB222000032,110,109,10.0,10.0,10.0,05:00:00,23:50:00,1-4,-,0
BR_TAGO_GGB222000045,83,82,13.0,13.0,13.0,05:10:38,23:40:00,112-1,-,0
BR_TAGO_GGB222000046,146,145,8.0,8.0,8.0,05:07:00,24:20:00,1670,-,0
BR_TAGO_GGB222000048,76,75,15.0,15.0,15.0,05:20:00,24:50:00,166-1,-,0
BR_TAGO_GGB222000049,79,78,15.0,15.0,15.0,05:00:20,24:20:20,1660,-,0
BR_TAGO_GGB222000050,34,33,35.0,35.0,35.0,04:45:00,23:45:00,51,-,0
BR_TAGO_GGB222000052,19,18,69.0,58.190000000000005,69.0,04:36:00,23:57:03,95,-,0
BR_TAGO_GGB222000058,119,118,10.0,10.0,10.0,04:25:40,25:02:07,1,-,0
BR_TAGO_GGB222000072,41,40,30.0,29.941666666666666,30.013333333333332,04:40:22,24:40:00,166,-,0
BR_TAGO_GGB222000073,54,53,20.0,20.0,20.0,05:00:00,22:30:00,1700,-,0
BR_TAGO_GGB222000074,57,56,20.0,20.0,20.0,05:00:00,24:30:00,1100,-,0
BR_TAGO_GGB222000075,137,136,8.0,8.0,8.0,04:55:34,22:55:43,2000,-,0
BR_TAGO_GGB222000076,72,71,15.0,15.0,15.0,05:10:00,22:30:00,7007,-,0
BR_TAGO_GGB222000078,43,42,25.0,25.0,25.0,05:00:00,22:30:00,1200,-,0
BR_TAGO_GGB222000082,21,20,60.0,58.60166666666667,60.0,04:30:33,23:44:46,10,-,0
BR_TAGO_GGB222000084,18,17,64.0,64.0,64.0,05:10:00,23:10:00,8002,-,0
BR_TAGO_GGB222000088,21,20,60.0,40.0,60.0,05:00:00,24:00:00,8001,-,0
BR_TAGO_GGB222000090,109,108,10.0,10.0,10.0,05:00:00,23:00:00,8012,-,0
BR_TAGO_GGB222000105,111,110,10.0,10.0,10.0,05:00:00,23:05:00,M2316,-,0
BR_TAGO_GGB222000107,135,134,8.0,8.0,8.0,05:10:00,23:00:00,1001,-,0
BR_TAGO_GGB222000111,19,18,60.0,53.27166666666667,60.0,05:00:28,22:32:26,9-1,-,0
BR_TAGO_GGB222000122,2,1,20.0,20.0,20.0,06:22:30,06:42:30,2000-1,-,0
BR_TAGO_GGB222000137,2,1,30.0,30.0,30.0,06:30:00,07:00:00,1200-1,-,0
BR_TAGO_GGB222000169,133,132,8.0,8.0,8.0,05:30:00,23:00:00,1003,-,0
BR_TAGO_GGB222000177,58,57,20.0,20.0,20.0,05:00:33,24:18:11,105,-,0
BR_TAGO_GGB222000178,7,6,9.0,8.5,9.0,06:33:00,07:26:00,8002-1,-,0
BR_TAGO_GGB222000179,71,70,15.0,15.0,15.0,05:28:25,22:59:48,M2341,-,0
BR_TAGO_GGB222000181,137,136,8.0,8.0,8.0,04:45:00,23:50:00,76,-,0
BR_TAGO_GGB222000185,55,54,20.0,20.0,20.0,05:20:00,23:00:00,M2344,-,0
BR_TAGO_GGB222000186,76,75,15.0,15.0,15.0,05:20:00,24:15:00,105-1,-,0
BR_TAGO_GGB222000192,73,72,15.0,15.0,15.0,05:40:00,23:57:28,1006,-,0
BR_TAGO_GGB222000209,109,108,10.0,10.0,10.0,05:03:07,23:03:07,M2352,-,0
BR_TAGO_GGB222000210,109,108,10.0,10.0,10.0,05:25:23,23:20:26,M2353,-,0
BR_TAGO_GGB222000213,53,52,20.0,20.0,20.0,06:50:00,24:00:00,1670-1,-,0
BR_TAGO_GGB222000221,15,14,80.0,56.0,80.0,06:00:00,22:40:00,170,-,0
BR_TAGO_GGB222000222,55,54,20.0,20.0,20.0,04:30:00,22:30:00,115,-,0
BR_TAGO_GGB223000127,28,27,40.0,39.86,40.0,05:02:54,22:53:23,M5532,-,0
BR_TAGO_GGB224000019,44,43,25.0,25.0,25.0,05:40:00,24:00:00,3200,-,0
BR_TAGO_GGB224000029,71,70,15.0,15.0,15.0,05:00:00,23:55:00,530,-,0
BR_TAGO_GGB224000040,105,104,10.0,10.0,10.0,05:40:00,23:00:00,5604,-,0
BR_TAGO_GGB224000047,74,73,15.0,15.0,15.0,05:40:00,23:30:00,3300,-,0
BR_TAGO_GGB224000050,73,72,15.0,15.0,15.0,05:40:00,24:30:00,3400,-,0
BR_TAGO_GGB224000052,76,75,15.0,15.0,15.0,05:00:00,24:55:00,5200,-,0
BR_TAGO_GGB224000054,77,76,15.0,15.0,15.0,05:20:00,23:55:00,3500,-,0
BR_TAGO_GGB224000056,74,73,15.0,14.573333333333332,15.34,05:48:37,24:02:50,3201,-,0
BR_TAGO_GGB224000057,78,77,15.0,15.0,15.0,05:00:00,23:50:00,3301,-,0
BR_TAGO_GGB224000060,103,102,10.0,10.0,10.0,06:00:00,23:30:00,27,-,0
BR_TAGO_GGB224000061,71,70,15.0,15.0,15.0,05:00:00,22:30:00,6502,-,0
BR_TAGO_GGB224000064,30,29,30.0,30.0,30.0,06:00:00,20:30:00,시흥광역콜버스,-,0
BR_TAGO_GGB226000022,107,106,10.0,10.0,10.0,05:20:00,23:00:00,G3900,-,0
BR_TAGO_GGB227000001,59,58,20.0,19.995,20.0,04:31:31,23:55:00,30-5,-,0
BR_TAGO_GGB227000002,35,34,30.0,29.211666666666666,30.601666666666667,06:22:13,23:00:00,81,-,0
BR_TAGO_GGB227000003,27,26,45.0,42.5,45.0,04:00:00,23:20:00,30,-,0
BR_TAGO_GGB227000004,96,95,11.0,11.0,11.0,05:01:12,23:19:35,38,-,0
BR_TAGO_GGB227000005,94,93,12.0,12.0,12.0,04:20:00,23:40:00,112-5,-,0
BR_TAGO_GGB227000006,80,79,15.0,15.0,15.0,04:05:00,23:45:00,30-3,-,0
BR_TAGO_GGB227000016,111,110,10.0,10.0,10.0,04:51:00,23:11:00,9302,-,0
BR_TAGO_GGB227000017,138,137,8.0,8.0,8.0,05:00:00,23:51:53,31,-,0
BR_TAGO_GGB227000019,59,58,20.0,20.0,20.0,04:31:33,24:04:00,9303,-,0
BR_TAGO_GGB227000035,74,73,15.0,15.0,15.0,04:30:00,23:55:00,9202,-,0
BR_TAGO_GGB227000036,91,90,12.0,12.0,12.0,05:02:02,23:50:00,87,-,0
BR_TAGO_GGB227000038,73,72,15.0,15.0,15.0,05:00:00,23:00:00,3000,-,0
BR_TAGO_GGB227000039,38,37,30.0,29.993333333333332,30.0,05:00:48,23:15:42,9303-1,-,0
BR_TAGO_GGB227000040,58,57,20.0,20.0,20.0,05:00:54,24:00:00,9304,-,0
BR_TAGO_GGB227000043,74,73,15.0,15.0,15.0,05:20:00,23:20:00,35,-,0
BR_TAGO_GGB227000044,44,43,25.0,25.0,25.0,05:30:00,23:40:00,89,-,0
BR_TAGO_GGB227000046,32,31,30.0,30.0,30.0,06:00:00,21:30:00,초이-01,-,0
BR_TAGO_GGB227000047,66,65,15.0,15.0,15.0,06:00:00,22:00:00,33,-,0
BR_TAGO_GGB227000048,74,73,15.0,14.020000000000001,15.226666666666665,05:35:50,23:25:01,36,-,0
BR_TAGO_GGB228000174,70,69,10.0,10.0,10.0,12:05:00,24:20:42,5000B,-,0
BR_TAGO_GGB228000175,108,107,10.0,10.0,10.0,05:30:00,24:11:20,5005,-,0
BR_TAGO_GGB228000176,107,106,10.0,10.0,10.0,05:25:00,23:00:00,5001,-,0
BR_TAGO_GGB228000177,106,105,10.0,10.0,10.0,05:30:00,23:00:00,5001-1,-,0
BR_TAGO_GGB228000179,72,71,15.0,15.0,15.0,05:00:00,23:25:00,101,-,0
BR_TAGO_GGB228000181,73,72,15.0,15.0,15.0,05:00:00,23:20:00,1241,-,0
BR_TAGO_GGB228000182,111,110,10.0,10.0,10.0,05:10:00,24:33:39,5003,-,0
BR_TAGO_GGB228000183,63,62,14.0,14.0,14.0,08:50:00,24:03:15,5002B,-,0
BR_TAGO_GGB228000184,107,106,10.0,10.0,10.0,05:40:00,24:24:14,5600,-,0
BR_TAGO_GGB228000262,75,74,15.0,15.0,15.0,05:10:00,23:52:46,5006,-,0
BR_TAGO_GGB228000263,108,107,10.0,10.0,10.0,05:10:00,23:40:55,5007,-,0
BR_TAGO_GGB228000271,26,25,35.0,35.0,35.0,09:15:00,24:15:31,5700B,-,0
BR_TAGO_GGB228000388,42,41,10.0,10.0,10.0,05:30:00,13:11:48,5000A,-,0
BR_TAGO_GGB228000393,36,35,30.0,30.0,30.0,05:00:00,23:50:00,7007-1,-,0
BR_TAGO_GGB228000394,22,21,10.0,10.0,10.0,05:30:00,10:04:47,5002A,-,0
BR_TAGO_GGB228000395,9,8,30.0,17.6,57.54499999999998,05:30:00,10:25:09,5700A,-,0
BR_TAGO_GGB228000400,2,1,20.0,20.0,20.0,06:20:00,06:40:00,P9201(출근),-,0
BR_TAGO_GGB228000401,2,1,40.0,40.0,40.0,18:40:00,19:20:00,P9201(퇴근),-,0
BR_TAGO_GGB228000404,2,1,10.0,10.0,10.0,06:40:00,06:50:00,P9211(출근),-,0
BR_TAGO_GGB228000405,2,1,20.0,20.0,20.0,18:40:00,19:00:00,P9211(퇴근),-,0
BR_TAGO_GGB228000412,28,27,40.0,38.72,40.56666666666667,05:35:13,23:05:35,M4455,-,0
BR_TAGO_GGB228000413,36,35,35.0,35.0,35.0,05:00:00,25:31:32,4101,-,0
BR_TAGO_GGB228000418,4,3,60.0,12.573333333333334,60.480000000000004,00:01:00,02:02:19,1101N,-,0
BR_TAGO_GGB228000419,106,105,10.0,10.0,10.0,05:00:00,22:30:00,4401,-,0
BR_TAGO_GGB228000420,2,1,30.0,30.0,30.0,07:40:00,08:10:00,5600(예약),-,0
BR_TAGO_GGB228000421,1,0,,,,07:20:00,07:20:00,5001-1(예약),-,0
BR_TAGO_GGB228000422,1,0,,,,07:10:00,07:10:00,5001(예약),-,0
BR_TAGO_GGB228000423,1,0,,,,07:20:00,07:20:00,5005(예약),-,0
BR_TAGO_GGB228000424,1,0,,,,07:30:00,07:30:00,5003(예약),-,0
BR_TAGO_GGB228000426,25,24,40.0,40.0,40.0,06:40:00,22:00:00,용인시광역콜버스,-,0
BR_TAGO_GGB229000010,55,54,20.0,20.0,20.0,05:15:00,24:12:19,30,-,0
BR_TAGO_GGB229000013,19,18,60.0,60.0,60.0,05:20:00,22:50:00,17,-,0
BR_TAGO_GGB229000017,19,18,70.0,56.553333333333335,70.0,04:30:00,23:42:48,830,-,0
BR_TAGO_GGB229000018,92,91,12.0,12.0,12.0,04:40:00,23:55:00,66,-,0
BR_TAGO_GGB229000023,49,48,25.0,25.0,25.0,05:00:00,25:11:12,9710,-,0
BR_TAGO_GGB229000027,37,36,30.0,30.0,30.0,05:20:00,22:40:00,31,-,0
BR_TAGO_GGB229000028,75,74,15.0,15.0,15.0,05:00:00,24:21:44,200,-,0
BR_TAGO_GGB229000032,24,23,50.0,42.0,50.0,05:00:00,23:20:00,34,-,0
BR_TAGO_GGB229000039,82,81,13.0,13.0,13.0,05:00:00,23:30:00,567,-,0
BR_TAGO_GGB229000041,71,70,15.0,15.0,15.0,05:00:00,23:10:00,150,-,0
BR_TAGO_GGB229000060,20,19,63.0,44.260000000000005,63.0,05:00:00,22:52:20,790,-,0
BR_TAGO_GGB229000061,75,74,15.0,15.0,15.0,05:00:00,24:01:23,2200,-,0
BR_TAGO_GGB229000071,63,62,19.0,19.0,19.0,03:30:00,23:40:00,799,-,0
BR_TAGO_GGB229000072,59,58,16.0,16.0,16.0,06:56:00,23:02:53,G7111,-,0
BR_TAGO_GGB229000083,19,18,45.0,42.0,45.0,06:30:00,19:50:00,9030-1,-,0
BR_TAGO_GGB229000087,55,54,20.0,20.0,20.0,05:00:00,22:30:00,56,-,0
BR_TAGO_GGB229000097,111,110,10.0,10.0,10.0,05:00:00,24:10:00,9030,-,0
BR_TAGO_GGB229000102,160,159,7.0,6.8566666666666665,7.086666666666668,05:44:12,25:01:16,M7111,-,0
BR_TAGO_GGB229000111,78,77,15.0,15.0,15.0,04:30:00,24:30:00,G7426,-,0
BR_TAGO_GGB229000112,61,60,20.0,20.0,20.0,04:30:00,24:31:29,G7625,-,0
BR_TAGO_GGB229000247,5,4,220.0,132.0,304.5,06:35:00,21:10:00,9710-1,-,0
BR_TAGO_GGB229000255,87,86,13.0,13.0,13.0,05:00:00,23:30:00,3100,-,0
BR_TAGO_GGB229000263,50,49,25.0,25.0,25.0,04:50:00,25:31:20,9709,-,0
BR_TAGO_GGB229000268,77,76,15.0,11.25,17.725,05:46:23,25:00:38,M7154,-,0
BR_TAGO_GGB229000273,46,45,25.0,25.0,25.0,05:00:00,24:30:00,7101,-,0
BR_TAGO_GGB229000274,2,1,40.0,40.0,40.0,00:10:00,00:50:00,3100N,-,0
BR_TAGO_GGB229000277,2,1,170.0,170.0,170.0,22:00:00,24:50:00,9709N,-,0
BR_TAGO_GGB230000179,71,70,15.0,15.0,15.0,05:30:00,23:53:01,G2100,-,0
BR_TAGO_GGB230000184,71,70,15.0,15.0,15.0,05:30:00,23:44:11,3401,-,0
BR_TAGO_GGB231000139,69,68,15.0,15.0,15.0,05:00:00,22:00:00,4402,-,0
BR_TAGO_GGB232000006,113,112,10.0,10.0,10.0,04:20:00,24:16:25,1002,-,0
BR_TAGO_GGB232000007,77,76,15.0,15.0,15.0,04:10:00,24:20:00,8000,-,0
BR_TAGO_GGB232000017,178,177,7.0,7.0,7.0,04:10:00,25:30:00,60,-,0
BR_TAGO_GGB232000025,95,94,12.0,12.0,12.0,04:10:00,23:50:00,60-3,-,0
BR_TAGO_GGB232000028,60,59,20.0,20.0,20.0,04:10:00,24:01:16,2,-,0
BR_TAGO_GGB232000029,21,20,60.0,49.0,60.0,04:10:00,23:40:00,88,-,0
BR_TAGO_GGB232000047,59,58,20.0,20.0,20.0,04:20:00,24:31:31,8600,-,0
BR_TAGO_GGB232000061,121,120,9.0,9.0,9.0,04:10:00,23:20:00,3000,-,0
BR_TAGO_GGB232000067,115,114,10.0,10.0,10.0,04:00:00,24:12:38,388,-,0
BR_TAGO_GGB232000071,78,77,15.0,15.0,15.0,04:30:00,24:23:16,M6117,-,0
BR_TAGO_GGB232000072,78,77,15.0,15.0,15.0,04:20:00,24:31:12,8601,-,0
BR_TAGO_GGB232000073,47,46,25.0,25.0,25.0,04:30:00,24:21:28,1004,-,0
BR_TAGO_GGB232000075,56,55,20.0,20.0,20.0,04:30:00,22:40:00,M6427,-,0
BR_TAGO_GGB232000081,10,9,120.0,112.0,120.0,05:00:00,22:20:00,6427,-,0
BR_TAGO_GGB232000090,79,78,15.0,15.0,15.0,04:20:00,24:05:00,G6000,-,0
BR_TAGO_GGB232000092,127,126,9.0,9.0,9.0,04:40:00,23:20:00,7000,-,0
BR_TAGO_GGB232000094,59,58,20.0,20.0,20.0,04:30:00,24:00:00,G6001,-,0
BR_TAGO_GGB232000095,60,59,20.0,20.0,20.0,04:50:00,24:35:00,21,-,0
BR_TAGO_GGB232000103,111,110,10.0,10.0,10.0,04:50:00,23:50:00,7100,-,0
BR_TAGO_GGB232000105,1,0,,,,00:41:55,00:41:55,이음1,-,0
BR_TAGO_GGB232000106,1,0,,,,00:46:47,00:46:47,이음2,-,0
BR_TAGO_GGB232000111,46,45,25.0,25.0,25.0,04:10:00,22:40:00,G6003,-,0
BR_TAGO_GGB232000116,48,47,25.0,25.0,25.0,04:30:00,24:20:00,G6002,-,0
BR_TAGO_GGB232000117,60,59,20.0,20.0,20.0,04:20:00,24:30:00,G6004,-,0
BR_TAGO_GGB232000118,59,58,20.0,20.0,20.0,04:20:00,24:11:26,G6005,-,0
BR_TAGO_GGB232000121,57,56,15.0,15.0,15.0,06:00:00,20:00:00,70,-,0
BR_TAGO_GGB232000128,3,2,56.5,35.3,77.7,06:33:00,08:26:00,70A,-,0
BR_TAGO_GGB232000129,2,1,116.0,116.0,116.0,06:36:00,08:32:00,70B,-,0
BR_TAGO_GGB232000130,12,11,10.0,10.0,10.0,06:30:00,08:20:00,70C,-,0
BR_TAGO_GGB232000131,12,11,10.0,10.0,10.0,06:30:00,08:20:00,70D,-,0
BR_TAGO_GGB232000134,6,5,20.0,14.0,20.0,05:30:00,07:00:00,8600A,-,0
BR_TAGO_GGB232000135,4,3,30.0,30.0,30.0,05:30:00,07:00:00,G6003A,-,0
BR_TAGO_GGB233000007,96,95,12.0,11.9,12.243333333333334,04:41:29,24:02:21,777,-,0
BR_TAGO_GGB233000031,311,310,4.0,4.0,4.0,04:42:28,26:05:18,7770,-,0
BR_TAGO_GGB233000032,98,97,12.0,12.0,12.0,05:00:00,25:03:49,7780,-,0
BR_TAGO_GGB233000125,29,28,40.0,37.0,40.0,04:50:00,22:40:00,1008,-,0
BR_TAGO_GGB233000131,109,108,10.0,10.0,10.0,05:10:00,23:55:00,6001,-,0
BR_TAGO_GGB233000135,40,39,30.0,30.0,30.0,05:10:00,24:52:43,8501,-,0
BR_TAGO_GGB233000136,111,110,10.0,10.0,10.0,05:00:00,23:57:53,6002,-,0
BR_TAGO_GGB233000139,52,51,20.0,20.0,20.0,05:00:00,22:00:00,8155,-,0
BR_TAGO_GGB233000140,27,26,40.0,40.0,40.0,04:30:00,21:40:00,1002,-,0
BR_TAGO_GGB233000142,47,46,20.0,20.0,20.0,06:50:00,22:32:29,6002-1,-,0
BR_TAGO_GGB233000258,36,35,30.0,30.0,30.0,05:15:00,22:50:00,8156,-,0
BR_TAGO_GGB233000265,72,71,15.0,15.0,15.0,05:30:00,22:50:00,4403,-,0
BR_TAGO_GGB233000270,43,42,25.0,25.0,25.0,05:20:00,22:40:00,4108,-,0
BR_TAGO_GGB233000321,157,156,7.0,7.0,7.0,05:00:00,24:10:00,6008,-,0
BR_TAGO_GGB233000322,39,38,30.0,30.0,30.0,05:10:00,24:02:47,G6009,-,0
BR_TAGO_GGB233000326,24,23,50.0,40.54666666666667,50.0,05:30:00,23:41:50,1006,-,0
BR_TAGO_GGB233000328,52,51,20.0,20.0,20.0,05:30:00,22:30:00,G1003,-,0
BR_TAGO_GGB233000329,35,34,30.0,30.0,30.0,05:30:00,22:30:00,G8157,-,0
BR_TAGO_GGB233000332,54,53,20.0,20.0,20.0,05:10:00,22:40:00,M4448,-,0
BR_TAGO_GGB233000333,39,38,30.0,30.0,30.0,05:00:00,24:13:13,8502,-,0
BR_TAGO_GGB233000336,2,1,20.0,20.0,20.0,07:20:00,07:40:00,P9301(출근),-,0
BR_TAGO_GGB233000337,2,1,49.0,49.0,49.0,17:36:00,18:25:00,P9301(퇴근),-,0
BR_TAGO_GGB233000338,2,1,20.0,20.0,20.0,07:00:00,07:20:00,P9302(출근),-,0
BR_TAGO_GGB233000339,2,1,20.0,20.0,20.0,17:25:00,17:45:00,P9302(퇴근),-,0
BR_TAGO_GGB233000354,31,30,35.0,35.0,35.0,05:10:00,22:40:00,M4449,-,0
BR_TAGO_GGB233000355,2,1,30.0,30.0,30.0,06:40:00,07:10:00,P9110(출근),-,0
BR_TAGO_GGB233000356,2,1,60.0,60.0,60.0,18:10:00,19:10:00,P9110(퇴근),-,0
BR_TAGO_GGB233000366,2,1,20.0,20.0,20.0,06:28:00,06:48:00,P9541(출근),-,0
BR_TAGO_GGB233000367,2,1,20.0,20.0,20.0,18:30:00,18:50:00,P9541(퇴근),-,0
BR_TAGO_GGB233000371,1,0,,,,06:30:00,06:30:00,P9601(출근),-,0
BR_TAGO_GGB233000372,1,0,,,,18:30:00,18:30:00,P9601(퇴근),-,0
BR_TAGO_GGB233000373,1,0,,,,06:10:00,06:10:00,P9602(출근),-,0
BR_TAGO_GGB233000374,1,0,,,,18:10:00,18:10:00,P9602(퇴근),-,0
BR_TAGO_GGB233000375,2,1,30.0,30.0,30.0,06:40:00,07:10:00,P9701(출근),-,0
BR_TAGO_GGB233000376,2,1,30.0,30.0,30.0,18:30:00,19:00:00,P9701(퇴근),-,0
BR_TAGO_GGB233000384,3,2,20.0,20.0,20.0,07:30:00,08:10:00,7790(예약),-,0
BR_TAGO_GGB233000391,3,2,32.5,30.5,34.5,06:55:00,08:00:00,8156(예약),-,0
BR_TAGO_GGB233000393,31,30,30.0,30.0,30.0,07:00:00,22:00:00,화성시광역콜버스,-,0
BR_TAGO_GGB234000002,36,35,35.0,35.0,35.0,04:50:00,25:00:45,9000,-,0
BR_TAGO_GGB234000003,117,116,10.0,10.0,10.0,04:05:00,24:30:00,30,-,0
BR_TAGO_GGB234000009,106,105,10.0,10.0,10.0,05:00:00,23:31:20,32,-,0
BR_TAGO_GGB234000011,81,80,15.0,15.0,15.0,04:25:00,25:10:00,1113-1,-,0
BR_TAGO_GGB234000013,38,37,30.0,29.55,30.433333333333334,05:02:44,23:32:06,1007-1,-,0
BR_TAGO_GGB234000015,107,106,10.0,10.0,10.0,04:40:00,23:36:57,1007,-,0
BR_TAGO_GGB234000016,217,216,5.0,5.0,5.0,04:40:00,23:51:27,1112,-,0
BR_TAGO_GGB234000027,56,55,20.0,20.0,20.0,05:10:00,24:00:00,6900,-,0
BR_TAGO_GGB234000028,73,72,15.0,15.0,15.0,05:00:00,23:51:30,10-5,-,0
BR_TAGO_GGB234000029,19,18,60.0,51.14,60.0,06:20:00,23:17:09,96,-,0
BR_TAGO_GGB234000031,107,106,10.0,10.0,10.0,05:25:00,23:00:00,1115-6,-,0
BR_TAGO_GGB234000034,108,107,10.0,10.0,10.0,04:50:00,23:50:00,16,-,0
BR_TAGO_GGB234000035,33,32,35.0,35.0,35.0,05:20:00,23:41:58,15,-,0
BR_TAGO_GGB234000040,71,70,15.0,15.0,15.0,05:00:00,23:20:00,119,-,0
BR_TAGO_GGB234000041,35,34,30.0,30.0,30.0,05:20:00,22:45:00,330-1,-,0
BR_TAGO_GGB234000042,54,53,20.0,20.0,20.0,05:10:00,23:50:00,1113,-,0
BR_TAGO_GGB234000050,187,186,6.0,6.0,6.0,04:10:00,23:57:30,1650,-,0
BR_TAGO_GGB234000058,56,55,20.0,20.0,20.0,04:20:48,23:51:50,92,-,0
BR_TAGO_GGB234000065,38,37,30.0,30.0,30.0,05:00:00,23:51:57,1005,-,0
BR_TAGO_GGB234000069,57,56,20.0,20.0,20.0,04:40:00,24:01:17,1117,-,0
BR_TAGO_GGB234000072,92,91,12.0,12.0,12.0,05:00:00,23:30:00,13,-,0
BR_TAGO_GGB234000075,74,73,15.0,15.0,15.0,04:42:00,23:45:00,500-2,-,0
BR_TAGO_GGB234000079,111,110,10.0,10.0,10.0,04:35:00,23:47:15,500-1,-,0
BR_TAGO_GGB234000082,70,69,15.0,15.0,15.0,04:35:00,23:00:00,13-2,-,0
BR_TAGO_GGB234000136,74,73,15.0,15.0,15.0,05:15:00,24:00:00,1550,-,0
BR_TAGO_GGB234000148,39,38,30.0,30.0,30.0,05:10:00,24:01:37,5500-2,-,0
BR_TAGO_GGB234000309,104,103,12.0,12.0,12.0,04:30:00,26:00:37,9301,-,0
BR_TAGO_GGB234000310,17,16,74.0,57.958333333333336,74.0,04:31:00,23:36:42,1009,-,0
BR_TAGO_GGB234000313,19,18,67.0,49.0,67.0,04:55:00,23:30:00,1500-2,-,0
BR_TAGO_GGB234000314,108,107,10.0,10.0,10.0,05:10:00,22:50:00,6004,-,0
BR_TAGO_GGB234000324,129,128,9.0,9.0,9.0,05:00:00,25:03:18,1550-1,-,0
BR_TAGO_GGB234000873,110,109,10.0,10.0,10.0,04:55:42,23:52:05,100,-,0
BR_TAGO_GGB234000875,19,18,67.0,50.269999999999996,67.0,05:10:00,23:41:31,M4101,-,0
BR_TAGO_GGB234000878,18,17,73.0,52.6,73.0,05:00:00,23:50:00,8100,-,0
BR_TAGO_GGB234000879,75,74,15.0,15.0,15.0,05:00:00,23:53:07,1101,-,0
BR_TAGO_GGB234000882,108,107,10.0,10.0,10.0,05:00:00,23:41:20,1150,-,0
BR_TAGO_GGB234000884,213,212,5.0,5.0,5.0,05:06:52,23:52:51,1560,-,0
BR_TAGO_GGB234000886,4,3,50.0,34.0,74.0,05:00:00,07:40:00,9300,-,0
BR_TAGO_GGB234000995,27,26,40.0,40.0,40.0,05:20:00,22:50:00,M4403,-,0
BR_TAGO_GGB234001138,32,31,35.0,35.0,35.0,05:10:00,23:40:00,1551,-,0
BR_TAGO_GGB234001159,141,140,8.0,8.0,8.0,04:40:00,23:41:31,M4102,-,0
BR_TAGO_GGB234001163,74,73,15.0,15.0,15.0,05:21:26,24:05:00,6501,-,0
BR_TAGO_GGB234001203,8,7,15.0,13.4,42.000000000000014,06:14:00,09:00:00,1113-10,-,0
BR_TAGO_GGB234001204,5,4,27.5,20.0,42.0,17:30:00,19:30:00,1113-11,-,0
BR_TAGO_GGB234001241,108,107,10.0,10.0,10.0,05:00:00,22:50:00,M7412,-,0
BR_TAGO_GGB234001243,91,90,12.0,12.0,12.0,05:07:26,23:07:26,M5107,-,0
BR_TAGO_GGB234001244,45,44,25.0,25.0,25.0,05:00:00,24:00:00,9600,-,0
BR_TAGO_GGB234001245,217,216,5.0,5.0,5.0,05:00:00,23:54:43,M4108,-,0
BR_TAGO_GGB234001251,72,71,15.0,15.0,15.0,05:10:00,23:50:00,1311,-,0
BR_TAGO_GGB234001271,57,56,20.0,20.0,20.0,05:10:00,24:20:00,1570,-,0
BR_TAGO_GGB234001286,56,55,20.0,20.0,20.0,05:10:00,23:57:07,M5115,-,0
BR_TAGO_GGB234001290,38,37,30.0,30.0,30.0,05:30:00,23:52:35,1551B,-,0
BR_TAGO_GGB234001317,153,152,7.0,7.0,7.0,05:10:00,23:46:04,M5121,-,0
BR_TAGO_GGB234001318,57,56,20.0,20.0,20.0,05:00:00,23:42:31,M5422,-,0
BR_TAGO_GGB234001476,139,138,8.0,8.0,8.0,05:00:00,23:20:00,M2323,-,0
BR_TAGO_GGB234001511,52,51,20.0,20.0,20.0,05:50:00,22:50:00,1000-1,-,0
BR_TAGO_GGB234001516,110,109,10.0,10.0,10.0,05:00:00,23:55:00,1113-2,-,0
BR_TAGO_GGB234001574,3,2,20.0,20.0,20.0,06:40:00,07:20:00,9000-1,-,0
BR_TAGO_GGB234001577,219,218,5.0,5.0,5.0,05:00:00,24:14:39,M4130,-,0
BR_TAGO_GGB234001609,5,4,30.0,20.69,51.163333333333334,23:00:00,25:16:56,500-1A,-,0
BR_TAGO_GGB234001619,110,109,10.0,10.0,10.0,05:20:00,23:59:54,M4434,-,0
BR_TAGO_GGB234001622,219,218,5.0,5.0,5.0,05:00:00,24:15:04,M4137,-,0
BR_TAGO_GGB234001660,109,108,10.0,10.0,10.0,05:30:00,24:24:35,M5438,-,0
BR_TAGO_GGB234001668,55,54,20.0,20.0,20.0,05:00:00,23:43:58,M5342,-,0
BR_TAGO_GGB234001691,26,25,40.0,34.00000000000001,40.0,06:00:00,21:40:00,1311B,-,0
BR_TAGO_GGB234001694,69,68,15.0,15.0,15.0,05:00:00,23:03:50,3201,-,0
BR_TAGO_GGB234001695,73,72,15.0,15.0,15.0,05:00:00,23:40:00,G3202,-,0
BR_TAGO_GGB234001697,55,54,20.0,20.0,20.0,05:30:00,24:24:45,6600,-,0
BR_TAGO_GGB234001705,49,48,20.0,20.0,20.0,05:30:00,21:30:00,3800,-,0
BR_TAGO_GGB234001708,17,16,70.0,58.666666666666664,70.0,05:50:00,23:03:22,1552,-,0
BR_TAGO_GGB234001709,2,1,30.0,30.0,30.0,07:00:00,07:30:00,P9243(출근),-,0
BR_TAGO_GGB234001710,2,1,30.0,30.0,30.0,18:15:00,18:45:00,P9243(퇴근),-,0
BR_TAGO_GGB234001711,2,1,30.0,30.0,30.0,07:00:00,07:30:00,P9401(출근),-,0
BR_TAGO_GGB234001712,2,1,30.0,30.0,30.0,18:30:00,19:00:00,P9401(퇴근),-,0
BR_TAGO_GGB234001713,2,1,30.0,30.0,30.0,07:00:00,07:30:00,P9402(출근),-,0
BR_TAGO_GGB234001714,2,1,30.0,30.0,30.0,18:30:00,19:00:00,P9402(퇴근),-,0
BR_TAGO_GGB234001715,2,1,30.0,30.0,30.0,07:00:00,07:30:00,P9404(출근),-,0
BR_TAGO_GGB234001716,2,1,30.0,30.0,30.0,18:30:00,19:00:00,P9404(퇴근),-,0
BR_TAGO_GGB234001736,73,72,15.0,15.0,15.0,05:00:00,23:37:15,3302,-,0
BR_TAGO_GGB234001738,4,3,40.0,36.0,52.0,22:50:00,25:00:00,500-2N,-,0
BR_TAGO_GGB234001742,111,110,10.0,10.0,10.0,05:00:00,24:44:40,5401,-,0
BR_TAGO_GGB234001743,23,22,40.0,40.0,40.0,06:20:00,21:00:00,신현양재MDRT,-,0
BR_TAGO_GGB235000020,46,45,25.0,25.0,25.0,04:20:00,23:54:24,118,-,0
BR_TAGO_GGB235000080,17,16,60.0,47.5,60.0,06:30:00,21:30:00,19,-,0
BR_TAGO_GGB235000081,2,1,215.0,215.0,215.0,11:55:00,15:30:00,19-1,-,0
BR_TAGO_GGB235000085,38,37,30.0,29.296666666666667,30.69,05:35:47,24:00:00,1100,-,0
BR_TAGO_GGB235000092,73,72,15.0,14.951666666666666,15.014999999999999,05:06:00,22:56:02,G1300,-,0
BR_TAGO_GGB235000104,75,74,15.0,14.676666666666668,15.163333333333332,05:05:40,24:05:00,G1200,-,0
BR_TAGO_GGB235000115,75,74,15.0,14.496666666666666,15.545,05:06:02,24:30:42,1101,-,0
BR_TAGO_GGB235000116,3,2,20.0,20.0,20.0,23:15:54,23:55:54,G1300N,-,0
BR_TAGO_GGB235000118,73,72,15.0,15.0,15.0,05:00:00,22:50:00,1304,-,0
BR_TAGO_GGB236000048,45,44,23.0,23.0,23.0,04:30:00,21:20:00,72,-,0
BR_TAGO_GGB236000050,34,33,35.0,35.0,35.0,05:00:00,24:21:22,11,-,0
BR_TAGO_GGB236000052,54,53,20.0,20.0,20.0,04:50:00,23:31:34,72-3,-,0
BR_TAGO_GGB236000063,30,29,35.0,35.0,35.0,04:40:00,21:40:00,1386,-,0
BR_TAGO_GGB236000149,76,75,15.0,15.0,15.0,04:41:26,23:00:56,3200,-,0
BR_TAGO_GGB236000176,59,58,20.0,19.861666666666668,20.07,04:40:45,25:00:00,3500,-,0
BR_TAGO_GGB236000190,32,31,40.0,39.68333333333333,40.21666666666667,04:30:42,25:35:00,3600,-,0
BR_TAGO_GGB236000222,56,55,20.0,20.0,20.0,04:30:00,22:40:00,3006,-,0
BR_TAGO_GGB236000234,44,43,25.0,25.0,25.0,05:00:00,23:50:00,1403,-,0
BR_TAGO_GGB236000237,2,1,16.9,16.9,16.9,23:50:38,24:07:32,3100N,-,0
BR_TAGO_GGB238000015,22,21,50.0,50.0,50.0,04:35:00,22:05:00,39,-,0
BR_TAGO_GGB238000048,38,37,30.0,30.0,30.0,04:30:00,22:40:00,G2001,-,0
BR_TAGO_GGB239000024,22,21,60.0,35.0,60.0,05:00:00,25:25:00,1330-44,-,0
BR_TAGO_GGB239000104,7,6,195.0,90.0,240.0,06:00:00,23:30:00,8005,-,0
BR_TAGO_GGB239000110,22,21,60.0,40.0,60.0,05:00:00,25:10:00,1330-2,-,0
BR_TAGO_GGB239000111,42,41,30.0,30.0,30.0,04:45:00,25:40:00,1330-4,-,0
BR_TAGO_GGB239000135,5,4,160.0,134.0,308.50000000000006,06:15:00,19:50:00,1330-3,-,0
BR_TAGO_GGB239000139,6,5,210.0,132.0,210.0,06:30:00,21:50:00,7000,-,0
BR_TAGO_GGB239000140,33,32,35.0,35.0,35.0,05:30:00,23:55:00,7001,-,0
BR_TAGO_GGB239000141,6,5,195.0,195.0,216.0,05:55:00,22:45:00,7002,-,0
BR_TAGO_GGB240000007,4,3,112.21666666666667,111.97666666666667,180.91,10:30:00,17:32:13,2000-1,-,0
BR_TAGO_GGB240000008,1,0,,,,06:50:00,06:50:00,2000-2,-,0
BR_TAGO_GGB240000174,14,13,60.0,60.0,60.0,06:00:00,19:00:00,G9311,-,0
BR_TAGO_ICB161000004,49,48,25.0,25.0,25.0,05:00:00,24:30:00,M6450,-,0
BR_TAGO_ICB161000015,31,30,30.0,30.0,30.0,05:10:00,20:00:00,M6751,-,0
BR_TAGO_ICB165000052,68,67,17.0,17.0,17.0,05:00:00,24:30:00,78,-,0
BR_TAGO_ICB165000145,49,48,25.0,25.0,25.0,05:00:00,25:00:00,1000,-,0
BR_TAGO_ICB165000146,41,40,30.0,30.0,30.0,05:00:00,24:50:00,1100,-,0
BR_TAGO_ICB165000147,33,32,35.0,35.0,35.0,05:00:00,23:30:00,1101,-,0
BR_TAGO_ICB165000148,20,19,60.0,60.0,60.0,05:00:00,24:00:00,1200,-,0
BR_TAGO_ICB165000149,22,21,60.0,40.0,60.0,05:00:00,25:00:00,1300,-,0
BR_TAGO_ICB165000150,19,18,60.0,60.0,60.0,05:00:00,23:00:00,1301,-,0
BR_TAGO_ICB165000151,41,40,30.0,30.0,30.0,05:00:00,25:00:00,1400,-,0
BR_TAGO_ICB165000152,32,31,40.0,40.0,40.0,05:00:00,25:00:00,1500,-,0
BR_TAGO_ICB165000154,43,42,28.0,28.0,28.0,04:40:00,24:50:00,1601,-,0
BR_TAGO_ICB165000160,56,55,20.0,20.0,20.0,05:00:00,23:10:00,9100,-,0
BR_TAGO_ICB165000161,69,68,16.0,16.0,16.0,05:00:00,23:00:00,9200,-,0
BR_TAGO_ICB165000162,23,22,50.0,50.0,50.0,05:00:00,23:30:00,9300,-,0
BR_TAGO_ICB165000163,40,39,30.0,30.0,30.0,05:00:00,25:00:00,9500,-,0
BR_TAGO_ICB165000164,59,58,20.0,20.0,20.0,05:00:00,25:00:00,9501,-,0
BR_TAGO_ICB165000215,74,73,15.0,15.0,15.0,05:00:00,23:00:00,M6405,-,0
BR_TAGO_ICB165000245,48,47,23.0,23.0,23.0,05:00:00,23:00:00,9201,-,0
BR_TAGO_ICB165000303,33,32,35.0,35.0,35.0,05:00:00,23:40:00,9802,-,0
BR_TAGO_ICB165000377,55,54,20.0,20.0,20.0,05:00:00,23:00:00,7700,-,0
BR_TAGO_ICB165000381,29,28,40.0,40.0,40.0,05:00:00,24:30:00,M6724,-,0
BR_TAGO_ICB165000391,8,7,140.0,128.0,140.0,05:10:00,21:00:00,60-5,-,0
BR_TAGO_ICB165000409,32,31,30.0,30.0,30.0,06:35:00,21:20:00,M6628,-,0
BR_TAGO_ICB165000412,18,17,60.0,60.0,60.0,05:40:00,22:00:00,117,-,0
BR_TAGO_ICB165000421,19,18,60.0,60.0,60.0,05:00:00,23:00:00,1302,-,0
BR_TAGO_ICB168000005,44,43,25.0,25.0,25.0,05:00:00,23:00:00,M6439,-,0
BR_TAGO_ICB168000047,36,35,31.0,31.0,31.0,04:30:00,22:30:00,86,-,0
RR_ACC1_S-1-1-10D,1,0,,,,18:26:00,18:26:00,서울 1호선,서울 1호선(서울역-천안)(급행)<하행>,1
RR_ACC1_S-1-1-10U,1,0,,,,05:44:00,05:44:00,서울 1호선,서울 1호선(서울역-천안)(급행)<상행>,1
RR_ACC1_S-1-1-11D,8,7,36.0,18.6,209.40000000000006,09:22:00,19:34:00,서울 1호선,서울 1호선(용산-동인천)(급행)<하행>,1
RR_ACC1_S-1-1-11U,7,6,54.0,24.5,169.5,07:36:00,15:52:00,서울 1호선,서울 1호선(용산-동인천)(급행)<상행>,1
RR_ACC1_S-1-1-1D,131,130,7.5,2.0,20.0,05:00:00,24:42:00,서울 1호선,서울 1호선(소요산-인천)<하행>,1
RR_ACC1_S-1-1-1U,137,136,8.0,2.0,14.0,05:00:00,24:48:00,서울 1호선,서울 1호선(소요산-인천)<상행>,1
RR_ACC1_S-1-1-2D,51,50,19.0,7.800000000000001,36.0,05:00:00,22:01:00,서울 1호선,서울 1호선(광운대-신창(순천향대))<하행>,1
RR_ACC1_S-1-1-2U,53,52,17.5,5.1000000000000005,36.9,05:00:00,22:14:00,서울 1호선,서울 1호선(광운대-신창(순천향대))<상행>,1
RR_ACC1_S-1-1-3D,20,19,51.0,41.6,71.8,05:31:00,22:31:00,서울 1호선,서울 1호선(영등포-광명)<하행>,1
RR_ACC1_S-1-1-3U,20,19,57.0,34.8,73.0,06:30:00,23:39:00,서울 1호선,서울 1호선(영등포-광명)<상행>,1
RR_ACC1_S-1-1-4D,58,57,19.0,7.6000000000000005,28.4,05:12:00,22:47:00,서울 1호선,서울 1호선(광운대-서동탄)<하행>,1
RR_ACC1_S-1-1-4U,57,56,19.0,9.5,29.5,05:02:00,23:35:00,서울 1호선,서울 1호선(광운대-서동탄)<상행>,1
RR_ACC1_S-1-1-5D,96,95,8.0,5.0,22.200000000000014,05:30:00,23:09:00,서울 1호선,서울 1호선(용산-동인천)(급행)<하행>,1
RR_ACC1_S-1-1-5U,97,96,9.0,3.0,20.5,05:27:00,22:51:00,서울 1호선,서울 1호선(용산-동인천)(급행)<상행>,1
RR_ACC1_S-1-1-6D,8,7,63.0,58.6,98.40000000000003,06:53:00,15:29:00,서울 1호선,서울 1호선(소요산-인천)(급행)<하행>,1
RR_ACC1_S-1-1-6U,7,6,62.0,35.5,122.0,05:10:00,12:29:00,서울 1호선,서울 1호선(소요산-인천)(급행)<상행>,1
RR_ACC1_S-1-1-7D,5,4,65.0,25.7,442.40000000000015,06:25:00,18:48:00,서울 1호선,서울 1호선(청량리-신창(순천향대))(급행)<하행>,1
RR_ACC1_S-1-1-7U,4,3,80.0,44.0,513.6,07:16:00,19:33:00,서울 1호선,서울 1호선(청량리-신창(순천향대))(급행)<상행>,1
RR_ACC1_S-1-1-8D,20,19,33.0,16.8,74.59999999999998,06:00:00,20:02:00,서울 1호선,서울 1호선(청량리-신창(순천향대))(급행)<하행>,1
RR_ACC1_S-1-1-8U,18,17,30.0,14.6,59.8,09:10:00,20:39:00,서울 1호선,서울 1호선(청량리-신창(순천향대))(급행)<상행>,1
RR_ACC1_S-1-1-9U,1,0,,,,06:09:00,06:09:00,서울 1호선,서울 1호선(신창(순천향대)-서울역)(급행)<상행>,1
RR_ACC1_S-1-2-1D,110,109,10.0,9.0,14.0,05:30:00,24:51:00,서울 2호선,서울 2호선(신정지선)<내선>,1
RR_ACC1_S-1-2-1U,110,109,10.0,9.0,14.0,05:30:00,24:53:00,서울 2호선,서울 2호선(신정지선)<외선>,1
RR_ACC1_S-1-2-2D,113,112,10.0,7.0,12.0,05:30:00,24:51:00,서울 2호선,서울 2호선(성수지선)<내선>,1
RR_ACC1_S-1-2-2U,113,112,10.0,7.0,12.900000000000006,05:30:00,24:51:00,서울 2호선,서울 2호선(성수지선)<외선>,1
RR_ACC1_S-1-2-3D,34,33,7.0,1.1,14.8,05:30:00,18:23:00,서울 2호선,서울 2호선(본선)<내선>,1
RR_ACC1_S-1-2-3U,34,33,5.5,2.1,17.4,05:30:00,17:30:00,서울 2호선,서울 2호선(본선)<외선>,1
RR_ACC1_S-1-3-1D,189,188,6.0,1.0,11.150000000000006,05:16:00,24:03:00,서울 3호선,서울 3호선(오금-대화)<하행>,1
RR_ACC1_S-1-3-1U,192,191,6.0,2.0,9.0,05:22:00,24:27:00,서울 3호선,서울 3호선(오금-대화)<상행>,1
RR_ACC1_S-1-4-1D,3,2,59.0,49.4,68.6,18:19:00,20:17:00,서울 4호선,서울 4호선(당고개-오이도)(급행)<하행>,1
RR_ACC1_S-1-4-1U,4,3,17.0,14.6,43.4,06:42:00,08:03:00,서울 4호선,서울 4호선(당고개-오이도)(급행)<상행>,1
RR_ACC1_S-1-4-2D,153,152,6.25,3.5,11.0,05:30:00,23:15:00,서울 4호선,서울 4호선(안산-오이도)<하행>,1
RR_ACC1_S-1-4-2U,156,155,7.0,1.7000000000000002,13.299999999999995,05:08:00,24:12:00,서울 4호선,서울 4호선(안산-오이도)<상행>,1
RR_ACC1_S-1-4-3U,1,0,,,,05:30:00,05:30:00,서울 4호선,서울 4호선(남태령-진접)<상행>,1
RR_ACC1_S-1-4-4D,79,78,14.0,9.5,21.0,05:24:00,24:25:00,서울 4호선,서울 4호선(진접-사당)<하행>,1
RR_ACC1_S-1-4-4U,78,77,14.0,5.8,21.0,05:32:00,23:49:00,서울 4호선,서울 4호선(진접-사당)<상행>,1
RR_ACC1_S-1-5-1D,100,99,13.0,6.0,13.100000000000001,05:30:00,23:37:00,서울 5호선,서울 5호선(방화-하남풍산)<하행>,1
RR_ACC1_S-1-5-1U,102,101,13.0,4.0,16.0,05:30:00,24:18:00,서울 5호선,서울 5호선(방화-하남풍산)<상행>,1
RR_ACC1_S-1-5-2D,112,111,11.5,3.0,13.0,05:30:00,23:20:00,서울 5호선,서울 5호선(방화-마천)<하행>,1
RR_ACC1_S-1-5-2U,98,97,13.0,7.300000000000001,13.5,05:31:00,24:29:00,서울 5호선,서울 5호선(방화-마천)<상행>,1
RR_ACC1_S-1-5-3D,4,3,22.0,20.4,26.0,23:28:00,24:37:00,서울 5호선,서울 5호선(방화-강동)<하행>,1
RR_ACC1_S-1-5-3U,3,2,3.5,2.3,4.7,05:30:00,05:37:00,서울 5호선,서울 5호선(방화-강동)<상행>,1
RR_ACC1_S-1-6-1,31,30,8.5,2.0,17.70000000000001,05:30:00,18:14:00,서울 6호선,서울 6호선(신내-응암),1
RR_ACC1_S-1-7-1D,200,199,4.5,1.0,11.0,05:30:00,24:22:00,서울 7호선,서울 7호선(석남(거북시장)-장암)<하행>,1
RR_ACC1_S-1-7-1U,199,198,5.5,2.0,8.150000000000006,05:28:00,24:30:00,서울 7호선,서울 7호선(석남(거북시장)-장암)<상행>,1
RR_ACC1_S-1-8-1D,146,145,8.5,5.0,10.0,05:26:00,24:48:00,서울 8호선,서울 8호선(모란-암사)<하행>,1
RR_ACC1_S-1-8-1U,145,144,8.5,5.0,9.700000000000017,05:30:00,24:35:00,서울 8호선,서울 8호선(모란-암사)<상행>,1
RR_ACC1_S-1-9-1D,116,115,11.0,6.333333333333333,12.0,05:52:00,24:12:40,서울 9호선,서울 9호선(중앙보훈병원-김포공항)(급행)<하행>,1
RR_ACC1_S-1-9-1U,115,114,11.0,6.333333333333333,11.291666666666668,05:30:00,23:28:20,서울 9호선,서울 9호선(중앙보훈병원-김포공항)(급행)<상행>,1
RR_ACC1_S-1-9-2D,125,124,11.0,6.333333333333333,12.0,05:30:00,24:45:00,서울 9호선,서울 9호선(개화-중앙보훈병원)<하행>,1
RR_ACC1_S-1-9-2U,124,123,11.0,6.333333333333333,11.799999999999995,05:30:00,24:43:00,서울 9호선,서울 9호선(개화-중앙보훈병원)<상행>,1
RR_ACC1_S-1-AP-1D,154,153,7.0,5.5,9.5,05:20:00,24:00:00,공항철도,공항철도(인천공항2터미널-서울역)<하행>,1
RR_ACC1_S-1-AP-1U,150,149,8.0,1.5,12.5,05:18:00,23:50:00,공항철도,공항철도(인천공항2터미널-서울역)<상행>,1
RR_ACC1_S-1-GC-1D,52,51,23.0,14.0,31.0,05:10:00,23:45:00,경춘선,경춘선(청량리-춘천)<하행>,1
RR_ACC1_S-1-GC-1U,52,51,21.0,12.0,28.0,05:00:00,22:44:00,경춘선,경춘선(청량리-춘천)<상행>,1
RR_ACC1_S-1-GC-2D,2,1,707.0,707.0,707.0,08:44:00,20:31:00,경춘선,경춘선(광운대-춘천)<하행>,1
RR_ACC1_S-1-GC-2U,2,1,704.0,704.0,704.0,07:03:00,18:47:00,경춘선,경춘선(광운대-춘천)<상행>,1
RR_ACC1_S-1-GC-3D,3,2,398.5,228.5,568.5,08:25:00,21:42:00,경춘선,경춘선(청량리-춘천)(급행)<하행>,1
RR_ACC1_S-1-GC-3U,2,1,831.0,831.0,831.0,06:12:00,20:03:00,경춘선,경춘선(청량리-춘천)(급행)<상행>,1
RR_ACC1_S-1-GTXA-1D,52,51,20.0,14.0,34.5,05:45:00,24:39:00,GTX-A,GTX-A(동탄-수서)<하행>,1
RR_ACC1_S-1-GTXA-1U,52,51,21.0,14.0,32.0,05:30:00,24:27:00,GTX-A,GTX-A(동탄-수서)<상행>,1
RR_ACC1_S-1-KJ-1D,21,20,44.0,17.9,84.2000000000001,05:07:00,22:50:00,경의중앙선,경의중앙선(문산-서울역)<하행>,1
RR_ACC1_S-1-KJ-1U,21,20,34.5,15.9,99.8000000000001,05:43:00,23:37:00,경의중앙선,경의중앙선(문산-서울역)<상행>,1
RR_ACC1_S-1-KJ-2D,86,85,13.0,2.0,21.60000000000001,05:00:00,23:02:00,경의중앙선,경의중앙선(문산-지평)<하행>,1
RR_ACC1_S-1-KJ-2U,82,81,13.0,3.0,25.0,05:00:00,23:16:00,경의중앙선,경의중앙선(문산-지평)<상행>,1
RR_ACC1_S-1-KJ-3D,8,7,55.0,26.6,166.80000000000007,06:34:00,16:27:00,경의중앙선,경의중앙선(문산-서울역)(급행)<하행>,1
RR_ACC1_S-1-KJ-3U,8,7,72.0,57.6,111.8,11:34:00,21:11:00,경의중앙선,경의중앙선(문산-서울역)(급행)<상행>,1
RR_ACC1_S-1-KJ-4D,1,0,,,,17:47:00,17:47:00,경의중앙선,경의중앙선(문산-용문)(급행)<하행>,1
RR_ACC1_S-1-KJ-4U,2,1,18.0,18.0,18.0,06:07:00,06:25:00,경의중앙선,경의중앙선(문산-용문)(급행)<상행>,1
RR_ACC1_S-1-KJ-5U,2,1,22.0,22.0,22.0,06:53:00,07:15:00,경의중앙선,경의중앙선(용문-수색)(급행)<상행>,1
RR_ACC1_S-1-KJ-6U,1,0,,,,18:20:00,18:20:00,경의중앙선,경의중앙선(문산-덕소)(급행)<상행>,1
RR_ACC1_S-1-KJ-7D,3,2,26.0,18.8,33.2,06:23:00,07:15:00,경의중앙선,경의중앙선(문산-팔당)(급행)<하행>,1
RR_ACC1_S-1-KJ-7U,1,0,,,,17:28:00,17:28:00,경의중앙선,경의중앙선(문산-팔당)(급행)<상행>,1
RR_ACC1_S-1-KJ-8D,2,1,180.0,180.0,180.0,18:16:00,21:16:00,경의중앙선,경의중앙선(문산-용문)(급행)<하행>,1
RR_ACC1_S-1-KP-1D,230,229,5.716666666666667,0.6166666666666667,8.716666666666667,05:26:00,24:26:27,김포도시철도,김포도시철도(김포공항-양촌)<하행>,1
RR_ACC1_S-1-KP-1U,230,229,6.0,3.0,6.0,05:30:00,24:29:10,김포도시철도,김포도시철도(김포공항-양촌)<상행>,1
RR_ACC1_S-1-SB-1D,163,162,7.0,5.0,9.850000000000007,05:30:00,24:21:33,신분당선,신분당선(광교(경기대)-신사)<하행>,1
RR_ACC1_S-1-SB-1U,162,161,7.0,5.0,9.0,05:30:00,23:55:50,신분당선,신분당선(광교(경기대)-신사)<상행>,1
RR_ACC1_S-1-SD-10D,6,5,119.0,74.0,211.2,07:48:00,19:04:00,수인분당선,수인분당선(청량리-죽전)<하행>,1
RR_ACC1_S-1-SD-10U,2,1,555.0,555.0,555.0,06:33:00,15:48:00,수인분당선,수인분당선(청량리-죽전)<상행>,1
RR_ACC1_S-1-SD-1D,2,1,307.0,307.0,307.0,10:43:00,15:50:00,수인분당선,수인분당선(인천-청량리)<하행>,1
RR_ACC1_S-1-SD-1U,4,3,73.0,48.2,173.0,07:45:00,12:58:00,수인분당선,수인분당선(인천-청량리)<상행>,1
RR_ACC1_S-1-SD-2U,1,0,,,,08:05:00,08:05:00,수인분당선,수인분당선(청량리-고색)(급행)<상행>,1
RR_ACC1_S-1-SD-4D,7,6,30.0,15.0,340.0,06:44:00,19:34:00,수인분당선,수인분당선(왕십리-고색)(급행)<하행>,1
RR_ACC1_S-1-SD-4U,6,5,30.0,15.8,420.20000000000005,06:33:00,19:28:00,수인분당선,수인분당선(왕십리-고색)(급행)<상행>,1
RR_ACC1_S-1-SD-5D,43,42,22.0,11.1,36.9,05:29:00,21:33:00,수인분당선,수인분당선(왕십리-인천)<하행>,1
RR_ACC1_S-1-SD-5U,43,42,18.5,13.1,36.0,05:28:00,21:32:00,수인분당선,수인분당선(왕십리-인천)<상행>,1
RR_ACC1_S-1-SD-6D,2,1,26.0,26.0,26.0,21:51:00,22:17:00,수인분당선,수인분당선(왕십리-오이도)<하행>,1
RR_ACC1_S-1-SD-6U,1,0,,,,05:36:00,05:36:00,수인분당선,수인분당선(왕십리-오이도)<상행>,1
RR_ACC1_S-1-SD-7D,41,40,24.5,7.9,46.0,05:13:00,22:51:00,수인분당선,수인분당선(왕십리-고색)<하행>,1
RR_ACC1_S-1-SD-7U,47,46,15.5,9.0,44.5,05:03:00,21:56:00,수인분당선,수인분당선(왕십리-고색)<상행>,1
RR_ACC1_S-1-SD-8D,66,65,14.0,4.4,23.800000000000004,07:46:00,23:35:00,수인분당선,수인분당선(왕십리-죽전)<하행>,1
RR_ACC1_S-1-SD-8U,62,61,12.0,5.0,17.0,05:00:00,23:27:00,수인분당선,수인분당선(왕십리-죽전)<상행>,1
RR_ACC1_S-1-SD-9D,1,0,,,,16:56:00,16:56:00,수인분당선,수인분당선(청량리-고색)<하행>,1
RR_ACC1_S-1-SD-9U,2,1,268.0,268.0,268.0,12:51:00,17:19:00,수인분당선,수인분당선(청량리-고색)<상행>,1
RR_ACC1_S-1-SH-1D,85,84,11.0,2.0,25.700000000000003,05:00:00,23:31:00,서해선,서해선(원시-일산)<하행>,1
RR_ACC1_S-1-SH-1U,86,85,13.0,9.4,16.0,05:00:00,23:30:00,서해선,서해선(원시-일산)<상행>,1
RR_ACC1_S-1-SL-1D,192,191,7.0,3.0,9.0,05:30:00,24:44:00,신림선,신림선(관악산(서울대)-샛강)<하행>,1
RR_ACC1_S-1-SL-1U,192,191,7.0,3.0,9.0,05:30:00,24:44:00,신림선,신림선(관악산(서울대)-샛강)<상행>,1
RR_ACC1_S-1-WS-1D,258,257,4.0,2.8833333333333333,5.5,05:30:00,24:37:00,우이신설경전철,우이신설경전철(북한산우이-신설동)<하행>,1
RR_ACC1_S-1-WS-1U,258,257,4.0,2.8833333333333333,5.100000000000002,05:30:00,24:37:00,우이신설경전철,우이신설경전철(북한산우이-신설동)<상행>,1
