"내부번호","공연시설명","주소_원문","위도","경도"
"77415eb3-db99-55b4-a353-a28d966225cd","BRST STUDIO","서울특별시 마포구 와우산로18길 30 (서교동)","37.5514862","126.9240873"
"fd8e163e-65d6-5b7e-9298-8b4dd7fb476d","CJ아지트 광흥창","서울특별시 마포구 창전로 14 (신정동) CJ아지트","37.5442311","126.9304470"
"faefad90-60a1-5ca7-a669-f5ce9e509629","entry55 [성수]","서울특별시 성동구 성수일로8길 60 (성수동2가)","37.5448753","127.0568179"
"22b08fa1-8744-5d16-a23f-6d38e34cb981","et theatre 1 (구. 눈빛극장)","서울특별시 종로구 혜화로 17 (명륜1가)","37.5871099","126.9997845"
"870d96b0-7f59-5a16-9815-c3330ce5a26e","GB가빈아트홀","서울특별시 강남구 삼성로 534 (삼성동)","37.5096777","127.0555363"
"6e25592e-5c85-5058-bcf4-e9c87792d872","GB성암아트홀","서울특별시 강남구 선릉로111길 6 (논현동)","37.5110252","127.0429998"
"aa6fa3d1-7992-5a27-b30f-5deb7114e989","H-스테이지","서울특별시 마포구 와우산로 97(서교동)","37.5530940","126.9243535"
"9eba9eab-bed6-571f-bfa5-12a808942ab6","JCC 아트센터","서울특별시 종로구 창경궁로35길 29 (혜화동) JCC 아트센터","37.5869508","127.0017267"
"d7a1ae29-cfb2-5ada-b44b-b9c2dae77b19","JS 아트홀 (JS ART HALL) [서울 양천]","서울특별시 양천구 등촌로 36 (목동)","37.5331993","126.8639849"
"858dfed8-27ed-5ffb-aa0e-3a54235cd53e","JS아트홀 (구. 고스트씨어터 구.다소니씨어터)","서울특별시 종로구 동숭길 94 (동숭동)","37.5824158","127.0043280"
"e6b27591-75b4-520e-948b-6b236505297a","JTN 아트홀(구. 대학로예술마당)","서울특별시 종로구 이화장길 26 (이화동)","37.5767066","127.0037621"
"b1df1c30-b404-5ad7-8d4a-4726f4ec5c06","KBS [본관]","서울특별시 영등포구 여의공원로 13 (여의도동)","37.5262735","126.9154860"
"69641e16-7e7b-5ca9-bf3f-2da008e40599","KBS스포츠월드(아레나)","서울특별시 강서구 공항대로 376 (화곡동) kbs스포츠월드","37.5567802","126.8476094"
"4076ead7-5c65-55b7-bf9e-628388dedc7e","KOCCA콘텐츠문화광장","서울특별시 동대문구 회기로 66 (청량리동)","37.5909630","127.0445760"
"411be611-b34b-5615-9ac6-f44fdc0425f2","KT&G 상상마당 대치아트홀","서울특별시 강남구 영동대로 416 (대치동)","37.5065437","127.0653516"
"19048005-1554-5c5c-94cd-31302bce8ed5","KT&G 상상마당 라이브홀 [마포]","서울특별시 마포구 어울마당로 65 (서교동)","37.5509250","126.9211420"
"7181fd84-0431-53bd-8f2d-902ffb6e508e","LDK","서울특별시 용산구 대사관로20길 8 (한남동)","37.5331280","127.0035086"
"a2e74de3-7c24-5a25-ab71-7d0336ab03ef","LG아트센터 서울","서울특별시 강서구 마곡중앙로 136(마곡동)","37.5653630","126.8293888"
"389c8c88-9da2-5a98-b717-8d523bb03a93","M극장","서울특별시 강남구 논현로4길 36 (개포동)","37.4736304","127.0529192"
"b42eef2c-d0c2-5075-8287-1682a2cd2b23","NCM STUDIO","서울특별시 관악구 난곡로 60 (신림동)","37.4608870","126.9193410"
"a72ffb84-3f8c-59e1-8616-6681a7710487","NC문화재단 홀","서울특별시 종로구 이화장길 100 (동숭동)","37.5798042","127.0046166"
"44961ee7-dec1-5ad0-b3f2-09ba9ce20218","NH아트홀","서울특별시 중구 통일로 120 (충정로1가)","37.5658125","126.9675261"
"7ed0e03e-1ee2-5719-8897-616e2e2b8e21","NOL 서경스퀘어(구. 서경대학교 공연예술센터)","서울특별시 종로구 동숭길 148 (혜화동)","37.5835210","127.0021390"
"2d7d62fa-e27a-5a3d-9282-d6fbc07f5328","NOL 씨어터 대학로 (구. 대학로뮤지컬센터)","서울특별시 종로구 동숭길 100","37.5820171","127.0035363"
"9e1fba6a-12c0-5528-af49-d9e75c835b4e","NOL 씨어터 합정(구, 신한카드 SOL페이 스퀘어)","서울특별시 마포구 양화로 45 (서교동, 메세나폴리스)","37.5515008","126.9139502"
"50765f34-9cdc-5c79-ba17-6ecae55b728f","R&J씨어터(구. 연진아트홀)","서울특별시 종로구 낙산길 14 (동숭동)","37.5802937","127.0052653"
"236ab99c-1f0b-50bc-bcb4-e5213001f630","SCC 선 아트홀","서울특별시 서초구 동산로 44(양재동)","37.4710999","127.0438459"
"b29136d3-62e1-590b-ae42-220109076417","SH아트홀","서울특별시 종로구 동숭길 25 (동숭동)","37.5798541","127.0035752"
"dd36658c-ebf1-5aa5-b845-95bf4586c326","TOUCH FIVE 전용관","서울특별시 마포구 와우산로 76-1 (서교동)","37.5512740","126.9235668"
"4137d1fd-8360-58db-afad-808a9c3bc371","Vel.R 벨르 (구. 벨로주 [홍대])","서울특별시 마포구 잔다리로 46 (서교동)","37.5524309","126.9188172"
"6e408204-9b5e-5529-b7a4-5797135ad8dc","XSCALA(엑스칼라)","서울특별시 중구 남대문시장10길 2 (회현동1가)","37.5603730","126.9796010"
"11658d42-2cdb-5cba-bca5-2762bdd76321","감마홀 [홍대]","서울특별시 마포구 와우산로21길 19-11 (서교동)","37.5518550","126.9229290"
"70e8c6b2-45a5-5b5d-a735-1b83a1cf783e","강남씨어터","서울특별시 강남구 역삼로7길 16 (역삼동)","37.4951880","127.0332163"
"1b01b681-7514-57cf-9f53-9fd7ec324bd0","강동구민회관","서울특별시 강동구 상암로 168 (천호동) 강동구민회관","37.5457299","127.1412042"
"b8596e27-eee2-529b-9527-1c7c498a2e77","강동아트센터","서울특별시 강동구 동남로 870 (상일동)","37.5512621","127.1576191"
"61762203-7303-5fc2-aac5-1fd2bfa2e340","강북문화예술회관","서울특별시 강북구 삼각산로 85 (수유동)","37.6407764","127.0131584"
"9565aea1-25f4-55c5-b7d5-e2a875a6cbd1","갤러리 디 아르테 청담","서울특별시 강남구 영동대로131길 14 (청담동, 청담동테라스)","37.5205582","127.0551411"
"06bfba80-54bf-5648-8153-de20e2c4457c","거암아트홀","서울특별시 강남구 강남대로 652(신사동)","37.5195101","127.0191060"
"1d033500-8257-530c-bebf-ac5ca3b53673","건설회관","서울특별시 강남구 언주로 711 (논현동)","37.5173236","127.0341480"
"ef5acc41-37c9-56cf-aeee-3c0e6bced1e1","경복궁아트홀","서울특별시 종로구 자하문로 82 (효자동)","37.5833005","126.9706998"
"b14fc7b3-265f-5e9a-8c67-2e7a2cb73e9f","경향아트힐","서울특별시 중구 정동길 3 (정동)","37.5681269","126.9699522"
"bc7533ed-1332-547c-9847-f37868dfbd19","경희대학교 평화의전당","서울특별시 동대문구 경희대로 26 (회기동)","37.5986820","127.0527730"
"a6ffccf3-fa2d-5a6d-a850-35a0fee22385","고라니 특공대","서울특별시 마포구 토정로 136(상수동)","37.5452785","126.9263242"
"92b8293f-cc8c-5fbc-bd70-264c43217a90","고려대학교 화정체육관","서울특별시 성북구 안암로 145 (안암동5가)","37.5929400","127.0249030"
"6134063d-dda8-5f01-86f5-6cd202d999e9","공간 서론","서울특별시 성북구 동소문로 24 (동소문동2가)","37.5893810","127.0087810"
"90df2463-4b9c-5d90-8e2f-e1b278d39a00","공간아울","서울특별시 종로구 대학로 120 (동숭동)","37.5818372","127.0022796"
"2738263c-7e52-5acf-a909-bd6066633df5","공감센터","서울특별시 중구 퇴계로88길 38 (신당동)","37.5640044","127.0201980"
"c8b27d78-e286-5be4-8fd3-6311be234c8a","광림아트센터","서울특별시 강남구 논현로163길 33 (신사동)","37.5238342","127.0251165"
"142aaf1f-69e2-5805-8b5d-f57e1d70de1e","광복극장","서울특별시 종로구 성균관로 15-10 (명륜3가)","37.5838860","126.9971560"
"37edfb6a-c8f7-58ed-8e1a-800a39a9eea9","광야아트센터","서울특별시 강남구 선릉로 806 (청담동)","37.5238653","127.0396166"
"6c52d03a-9ec4-506f-9630-ee8c9e82c081","광운대학교 동해문화예술관","서울특별시 노원구 광운로 20(월계동)","37.6193203","127.0583381"
"11b1e975-b011-53bf-b01c-c493b0a55455","구로구민회관","서울특별시 구로구 가마산로25길 21 (구로동)","37.4970570","126.8895588"
"d87f7cb9-bfb6-5ed2-82b3-413723b005fe","구로아트밸리","서울특별시 구로구 가마산로25길 9-24 (구로동)","37.4965397","126.8889682"
"12235277-f04b-58bc-82d1-b00e5d3bb113","구로창의아트홀","서울특별시 구로구 경인로 416 (고척동)","37.4982916","126.8658154"
"257f2608-85fb-52de-a687-6fd2de4343fe","구름아래소극장","서울특별시 마포구 와우산로29가길 15 (서교동)","37.5541887","126.9285390"
"bbb33dfc-6e03-5351-ac2b-84e353629c8e","국립국악원","서울특별시 서초구 남부순환로 2364 (서초동) 국립국악원","37.4786094","127.0113069"
"caddb869-0fd7-5aa1-9d62-d9dff75f0bf6","국립극단 [명동]","서울특별시 중구 명동길 35 (명동1가)","37.5639990","126.9841738"
"cf9549a9-7fe5-5267-8379-c63c0ab89093","국립극장","서울특별시 중구 장충단로 59 (장충동2가)","37.5523153","126.9996360"
"8a2ec70a-4a74-58c1-8041-9f1e9fdbd4b3","국립정동극장","서울특별시 중구 정동길 43 (정동)","37.5659672","126.9728593"
"f9b7f31a-dbe2-5a7d-bd5c-9e3329411b5e","국립정동극장 세실 (구.세실극장)","서울특별시 중구 세종대로19길 16 (정동)","37.5667701","126.9760823"
"fd76f135-a928-5337-bc9d-03ba146efc8c","국립중앙박물관 극장 용","서울특별시 용산구 서빙고로 137 (용산동6가)","37.5234203","126.9799399"
"80a7b93b-4deb-5236-a012-ab1a095c0db9","굿씨어터","서울특별시 종로구 대학로 144 (혜화동)","37.5867550","127.0003554"
"1f9e3348-7d3a-5531-a0b0-c1e48c43d762","그랜드하얏트서울","서울특별시 용산구 소월로 322 (한남동)","37.5395421","126.9978140"
"7924e520-dd72-589a-9e24-0ba4104b42b4","극장 PLOT","서울특별시 서대문구 연세로4길 27(창천동)","37.5576008","126.9381984"
"ebc4d959-4003-5ae8-861f-e79f1b90a606","극장 동국","서울특별시 종로구 창경궁로 259","37.5845149","127.0000258"
"1f079d11-338d-5eec-bb5e-607c32136c3b","극장 봄 (봄소극장)","서울특별시 성북구 삼선교로 14 (삼선동1가)","37.5875069","127.0073524"
"04d301e7-4452-52ec-9abe-2835c2b60b2d","극장 온 (ON) (구.CJ아지트)","서울특별시 종로구 대학로12길 69 (동숭동)","37.5809629","127.0039499"
"687a2208-f91a-5a29-b317-8445d65a937e","금나래아트홀","서울특별시 금천구 시흥대로73길 70 (시흥동)","37.4564588","126.8959125"
"6b18dd86-5aa2-50e4-a91d-58f7434a0214","금천뮤지컬센터","서울특별시 금천구 시흥대로115길 48(독산동)","37.4687771","126.8944749"
"b30f4d1f-29ee-5fdb-b11e-14b7f3fb6c12","금호아트홀 연세","서울특별시 서대문구 연세로 50 (신촌동) 연세대학교 백양누리 B1 금호아트홀 연세","37.5640890","126.9389809"
"63cc6961-fe1b-52a0-b947-efb4fefb828a","김희수아트센터","서울특별시 동대문구 홍릉로 118 (청량리동)","37.5905713","127.0429186"
"2133a6f1-434d-5786-879a-907b8d4fa224","까망돌어울마당","서울특별시 동작구 서달로 129 (흑석동)","37.5051190","126.9606110"
"f5eef996-53c1-5395-9a17-7b69e29074ef","꿈의숲아트센터","서울특별시 강북구 월계로 173 (번동)","37.6214312","127.0406246"
"1a5ec712-39ac-527c-9112-b1054f055d72","나루아트센터","서울특별시 광진구 능동로 76 (자양동)","37.5373529","127.0705248"
"be9da487-80eb-51e5-8429-cb276df900ad","나온씨어터","서울특별시 종로구 혜화로9길 7 (명륜1가)","37.5876677","126.9993926"
"94b2052b-365d-5324-aff9-b08dd147a776","나인 씨어터","서울특별시 종로구 대학로8가길 30 (동숭동)","37.5822870","127.0025580"
"f2ab54dc-de88-56f8-bf2f-b8055616c327","나인진홀 (구.청년극장)","서울특별시 종로구 동숭길 47 (동숭동)","37.5803040","127.0042440"
"87295095-be77-563c-ae38-732a61335a34","난지한강공원","서울특별시 마포구 한강난지로 162 (상암동)","37.5596650","126.8893715"
"5236c8a2-1213-5bdb-a69a-19e89af969c3","남극장(NAM THEATER)","서울특별시 관악구 관악로14나길 13 (봉천동)","37.4774330","126.9574410"
"07b3caf9-0f77-57d9-8f77-9dbbf82ffe14","노들섬","서울특별시 용산구 양녕로 445 (이촌동)","37.5170464","126.9602196"
"1de4f055-dff6-55f8-80b2-d220afaf0c2c","노원구민의전당(구. 노원구민회관)","서울특별시 노원구 동일로 1229 (중계동)","37.6389549","127.0663326"
"9011d3ed-0d8c-5775-a115-390685839f0e","노원어린이극장 (구.노원어울림극장)","서울특별시 노원구 노해로 502 (상계동)","37.6543814","127.0636656"
"7311c9a6-bf7f-5227-ae6a-053d05a2597c","논현1 문화센터","서울특별시 강남구 학동로20길 25 (논현동)","37.5115175","127.0285527"
"eb6e725e-b0d6-571c-8598-5011772b7396","놀터예술공방","서울특별시 성북구 성북로2길 21 - 0 태고종선부암","37.5894620","127.0070139"
"942e8c50-8caa-57d5-80cb-b1bebe786db5","다리 소극장","서울특별시 마포구 월드컵북로2길 49(동교동)","37.5572115","126.9230290"
"778b156e-497d-5340-ad8d-c0d5272500b6","다케이씨어터 (구. 창조소극장)","서울특별시 종로구 창경궁로 259 (명륜2가)","37.5845149","127.0000258"
"6aab2e37-9aee-570b-b448-caaf58370088","대학로 마로니에소극장(플레이더씨어터)","서울특별시 종로구 동숭길 50 (동숭동)","37.5805247","127.0045603"
"9dc72482-e580-540b-b580-ab8dee0de010","대학로 무하아트센터","서울특별시 종로구 이화장길 72 (동숭동)","37.5784995","127.0046477"
"b855844e-7290-589e-9367-deba11d00b80","대학로 스카이씨어터","서울특별시 종로구 대학로8가길 52 (동숭동)","37.5829439","127.0026271"
"fcb53b78-b633-540e-a2f5-9b58fa332a77","대학로 스타릿홀","서울특별시 종로구 대학로8가길 111 (동숭동)","37.5809650","127.0034900"
"363dc2d4-a7a4-5604-b67c-ae30b6e01cc6","대학로 이음센터(한국장애인문화예술원)","서울특별시 종로구 대학로 112 (동숭동)","37.5811397","127.0023829"
"3b103fea-bc97-50b4-902b-881e214a81b7","대학로 자유극장 (자유문화발전소)","서울특별시 종로구 대학로12길 31 (동숭동)","37.5827026","127.0036052"
"abd007fe-8bcf-51cb-85d9-415b0bb8d33b","대학로예술극장","서울특별시 종로구 대학로10길 17 (동숭동)","37.5820961","127.0031785"
"9b5dcfad-2a6b-5e39-94da-1095c78e3117","대한성공회 서울주교좌성당","서울특별시 중구 세종대로21길 15 (정동)","37.5671180","126.9760530"
"94f60e5b-a783-580f-85d0-65d4f991d0e5","댕로홀","서울특별시 종로구 대학로12길 50 (동숭동)","37.5818195","127.0037098"
"cee158ab-58ca-594c-a8d8-3a71328bca4f","더 서울라이티움 (갤러리아포레)","서울특별시 성동구 서울숲2길 32-14 (성수동1가)","37.5457838","127.0424798"
"dd4ec93c-b7c0-5d37-99f8-d88055a854e9","더 씨어터","서울특별시 종로구 대학로3길 10 (효제동) 고운빌딩","37.5740036","127.0016449"
"bcd3a96a-92ff-5001-aedc-e9e91f6e18d2","더 오페라(THE OPERA)","서울특별시 동대문구 장한로2길 36 (장안동)","37.5617490","127.0670910"
"fcafb219-358a-5692-9019-b2df52dd964e","더 줌 아트센터","서울특별시 용산구 독서당로 111 (한남동)","37.5369721","127.0094906"
"68c077cd-0443-58c6-b91a-8b59546be29c","더더더","서울특별시 중구 을지로38길 9-4 (광희동1가)","37.5660433","127.0039785"
"e4291256-0da4-5b71-a75b-87a03d160a1a","도곡2문화센터","서울특별시 강남구 남부순환로378길 34-9 (도곡동)","37.4837128","127.0464374"
"b8b273e6-368b-5943-8d8a-5906fdedcf62","도토리씨어터","서울특별시 종로구 대학로12길 63(동숭동)","37.5812241","127.0040212"
"19643dc7-616c-5e59-ab1b-048190ee5aec","동네극장","서울특별시 동대문구 안암로6길 19(용두동)","37.5791469","127.0259164"
"c6cfb2cc-2135-5a0c-8215-1cf7aa7cabb8","동덕여대공연예술센터","서울특별시 종로구 동숭길 126 (동숭동)","37.5836998","127.0032999"
"b1ec7258-28ed-5672-a309-fbc2e7c2c507","동숭무대소극장","서울특별시 종로구 혜화로 35 (명륜1가)","37.5864426","127.0004982"
"caa7af7f-99f5-5400-ad1e-f8e2d7b738b4","두산아트센터","서울특별시 종로구 종로33길 15 (연지동)","37.5717290","127.0011893"
"50363ce4-d344-51d9-9f7d-04cfcbb1a579","드림시어터 [대학로]","서울특별시 종로구 대학로10길 15 - 11","37.5822206","127.0027636"
"f7c55654-e180-514c-b527-164cfebfa2de","든해소극장 (구. 모모씨어터)","서울특별시 종로구 성균관로 15-8 (명륜3가)","37.5839742","126.9972423"
"339c3278-948c-5c89-be49-85f04209f999","디너씨어터","서울특별시 송파구 백제고분로48길 7 (방이동)","37.5116556","127.1141774"
"1a148978-8a9c-54f9-8edd-2774e64b5da9","디큐브링크아트센터","서울특별시 구로구 경인로 662 (신도림동, 디큐브시티)","37.5084321","126.8887332"
"6b9eb04d-4de4-5e67-983d-5fef6885d81b","뜻밖의 극장(구. 해우소소극장)","서울특별시 성북구 동소문로20나길 27 (동선동1가)","37.5924500","127.0181255"
"1d928db2-7d31-5d42-8563-d06590dc609b","라온씨어터","서울특별시 종로구 대학로10길 12 (동숭동) 3층","37.5816149","127.0028075"
"0327f966-4b6c-57e8-bf32-f6248346b6c6","라온아트홀","서울특별시 종로구 대학로10길 11 (동숭동)","37.5818530","127.0028053"
"1a9d7bf8-2ddc-5639-856b-b2420da3efa3","라율아트홀","서울특별시 서초구 반포대로 20 (서초동) 2층","37.4824610","127.0126495"
"fa0aabb3-6f96-5cb2-a1fa-a4d4003f09fe","라이브 썸데이즈홀 (구. 이수ENT)","서울특별시 종로구 대학로12길 10 지하1층","37.5824997","127.0026331"
"d6e815f8-111d-581a-af17-8d8abff54d8f","레드루즈씨어터","서울특별시 강남구 학동로2길 56 (논현동)","37.5079650","127.0236090"
"9461d15b-3d94-5f4e-8179-be05213cfa5e","레미어린이극장 [금천]","서울특별시 금천구 두산로 71 (독산동)","37.4704705","126.8956692"
"9f327273-050e-5d9f-9bd2-2bd111a1ae74","로데아트센터","서울특별시 서초구 남부순환로317길 79 (서초동)","37.4831337","127.0103014"
"2ae68381-85d0-5f69-84f6-6bf2235f9074","로비 바이 컨템포러리 테일즈","서울특별시 종로구 대학로14길 26-1 (혜화동)","37.5845280","127.0026880"
"1a2859cc-6437-5f04-8a41-da36e0435cb6","롤링홀","서울특별시 마포구 어울마당로 35 (서교동) 지하 1층","37.5484417","126.9201058"
"4bc07aab-9610-51f4-b4f1-061bcc5ce4c9","롯데백화점 [영등포]","서울특별시 영등포구 경인로 846 (영등포동 618-496)","37.5648082","126.9810886"
"99ad838a-8e83-56eb-b812-30eb83ea2326","롯데시네마 [도곡]","서울특별시 강남구 남부순환로 2753 (도곡동)","37.4874740","127.0471050"
"db985c21-b172-5266-95fc-a2adb2afd668","롯데시네마 에비뉴엘 [서울 중구]","서울특별시 중구 남대문로 73 (남대문로2가)","37.5642000","126.9817200"
"77dff8ea-e8a8-5d1d-b69b-e68fcbed0ac2","롯데콘서트홀","서울특별시 송파구 올림픽로 300 (신천동) 롯데월드몰 8층 롯데문화재단","37.5130605","127.1034950"
"17eca39d-4667-5765-9df1-c05ad1876e49","루미나아트홀 (구.시온아트홀)","서울특별시 종로구 대학로8가길 52 (동숭동)","37.5829439","127.0026271"
"2bbdbab2-fe7f-5af6-aef9-9d8e27a19123","링크더스페이스(LINK THE SPACE)","서울특별시 종로구 대학로8가길 105 (동숭동)","37.5813750","127.0035270"
"e1d53e03-4487-5239-8c60-af856c8d4316","링크아트센터","서울특별시 종로구 대학로14길 29(혜화동)","37.5846899","127.0022947"
"7a3a8710-ba44-594c-aa59-acbfb80069db","링크아트센터드림","서울특별시 종로구 동숭길 123 (동숭동)","37.5820171","127.0035363"
"2c421e61-22e1-5d63-94d3-78ba3bb8791d","링크원스테이지(LINK ONE STAGE)","서울특별시 서대문구 응암로 118 (북가좌동)","37.5829360","126.9138580"
"32cf0c91-4dc3-5053-8240-e985126a6b70","마루아트홀","서울특별시 종로구 대학로8가길 30 (동숭동)","37.5822530","127.0025458"
"6f091d81-9105-5ddb-8650-088f81235917","마포아트센터","서울특별시 마포구 대흥로20길 28 (대흥동)","37.5499055","126.9455269"
"4ae618b8-1f11-528d-92c8-d986a5e7f139","매키탄 호텔","서울특별시 중구 퇴계로 212 (필동2가)","37.5610813","126.9953564"
"b4d79419-11e7-566b-a600-fa2f422bd5c5","맥거핀 서교","서울특별시 마포구 양화로7길 28(서교동)","37.5519656","126.9146894"
"22936b6f-c6cd-56ec-ba9b-56b6c6633221","명동난타극장","서울특별시 중구 명동길 26 (명동2가)","37.5634096","126.9837369"
"4ed804cc-5f77-50f9-963f-f779ca096ff7","명동대성당","서울특별시 중구 명동길 74 (명동2가) 명동성당","37.5631770","126.9873604"
"ffaa3c90-f6b6-5500-925c-2ed344cd0960","명륜아트홀","서울특별시 종로구 성균관로 48-2 (명륜1가)","37.5868080","126.9967585"
"d41cef06-10de-5643-9096-15371e07c964","명보아트홀","서울특별시 중구 마른내로 47 (초동)","37.5644290","126.9930010"
"3c17f9f5-9089-5438-aea7-0d7947022153","명화라이브홀","서울특별시 영등포구 버드나루로 30 (영등포동2가)","37.5215623","126.9124118"
"afc7b95b-2252-55cd-8a8d-91c7dfecaccd","모두예술극장","서울특별시 서대문구 충정로 7 (충정로3가)","37.5601124","126.9622821"
"598c6c67-8f5c-5c1d-9b97-9db857f61105","모스크바홀","서울특별시 서초구 효령로 242 (서초동)","37.4836706","127.0105919"
"6c073572-71b5-5aad-86d5-9be36045c533","모차르트홀","서울특별시 서초구 명달로 104 (서초동)","37.4855919","127.0042035"
"ab7bd7c2-b261-57a3-bad6-3c13501940a2","무신사 개러지 (구. 왓챠홀)","서울특별시 마포구 잔다리로 32(서교동)","37.5515788","126.9198284"
"b0b30cf2-6531-5e64-b151-9471fa2e6084","문래레코드","서울특별시 영등포구 도림로 481 (문래동4가)","37.5164088","126.8901004"
"d6073ee1-80e5-516e-a9af-f962a1425bf2","문화공간 아이원","서울특별시 금천구 시흥대로 167 (시흥동)","37.4488043","126.9024155"
"d116788f-2676-5649-85b0-b2a4363debc3","문화비축기지","서울특별시 마포구 증산로 87 (성산동)","37.5716073","126.8953690"
"c1627bf7-b1ff-53c4-afed-5349017f986d","미마지아트센터","서울특별시 종로구 혜화로 17 (명륜1가)","37.5870645","126.9997721"
"9e15e1ed-f771-5fca-bc5b-7ba96f2cf5cf","반포심산아트홀","서울특별시 서초구 사평대로 55 (반포동)","37.4988598","126.9905166"
"54644579-6c81-56bc-84c4-1849d7b65b63","백암아트홀","서울특별시 강남구 테헤란로113길 7 (삼성동)","37.5103488","127.0659625"
"b9fe9316-cee0-5cd7-be27-a9535cbbcaa9","베짱이홀","서울특별시 마포구 독막로15길 3-12 (상수동)","37.5484185","126.9215116"
"872c5cc1-b737-5d29-9a7b-1acd2872b2e1","보광극장","서울특별시 용산구 장문로19길 4 (보광동)","37.5260989","126.9977628"
"5aa88d41-1ad2-5c3a-a2df-a1768eeaaa40","보라 아트홀(구. 지구인아트홀)","서울특별시 종로구 창경궁로 260 (명륜2가)","37.5843848","127.0005190"
"7a035cc9-b1c9-50c1-8de2-24a6866301de","복합문화공간 몽향","서울특별시 서대문구 연세로5다길 10 (창천동)","37.5565279","126.9350240"
"932e2819-6684-5bab-8441-6f27c2c68c6e","복합문화공간에무","서울특별시 종로구 경희궁1가길 7 (신문로2가)","37.5720343","126.9689848"
"0caead8c-b630-587f-bcf2-7d3064ea5960","본동어울마당 아트홀","서울특별시 동작구 노량진로32길 79 (본동)","37.5105300","126.9568940"
"6bd492d4-14c1-560a-bf6f-55184c04b463","봄날아트홀 (구. 아리랑소극장)","서울특별시 종로구 동숭길 39 (동숭동)","37.5799517","127.0042510"
"0f6994aa-5f33-5752-862d-4656c054d927","북극곰소극장","서울특별시 종로구 이화장1길 24 (이화동)","37.5773694","127.0057571"
"1c66d496-10ba-5419-9909-354830956bee","북아현아트홀","서울특별시 서대문구 북아현로 51(북아현동)","37.5618398","126.9554383"
"5aeaabed-27ca-57d7-9662-6c42c5cfac4f","북촌창우극장","서울특별시 종로구 창덕궁길 29-6 (원서동)","37.5788675","126.9888445"
"d350bf8e-dc42-5744-a0de-40e095053457","브릭스씨어터 (구. 콘텐츠 그라운드)","서울특별시 종로구 대학로8길 25 (동숭동)","37.5809157","127.0037003"
"52053923-b9ce-5c4f-a3df-a5707d0d7227","브이씨어터","서울특별시 종로구 혜화로 18 (혜화동)","37.5871701","127.0001984"
"3f51389c-d583-5ee1-bfde-fc6e3a71d78b","블랙박스 1357","서울특별시 종로구 대학로 135-7 (명륜4가)","37.5831270","127.0011540"
"08c8030c-4af9-5351-a1e3-e8c4366924ee","블루스퀘어","서울특별시 용산구 이태원로 294 (한남동)","37.5408717","127.0024401"
"9227cc37-37d7-5531-8915-62cc16bdaee2","비유아트홀(구. 효천아트센터 그라운드씬)","서울특별시 종로구 성균관로 87 (명륜1가)","37.5899206","126.9982675"
"a7332889-6b85-5409-ac26-81d2a7f4c7d4","산울림소극장","서울특별시 마포구 와우산로 157 (서교동)","37.5550460","126.9300776"
"e286d2f4-22df-5a70-be1d-0eaee7386a9b","살롱 문보우","서울특별시 마포구 잔다리로 113 (서교동)","37.5570807","126.9137973"
"4402cbdb-5161-5f00-ac67-b38999daf6f6","삼세영 갤러리","서울특별시 종로구 평창44길 2 (평창동)","37.6136260","126.9782750"
"2146b958-2496-5d72-b3c2-073ab2434136","삼일로창고극장","서울특별시 중구 삼일대로9길 12 (저동1가)","37.5633965","126.9878853"
"5a45decc-05d3-5afb-9f9a-c6861dd4dc43","삼청각","서울특별시 성북구 대사관로 3","37.5971435","126.9843235"
"cb7a0402-d4e5-5518-a683-df9e3f77b628","상도어울마당 아트홀","서울특별시 동작구 성대로 180 (상도동)","37.4992555","126.9403722"
"a82b702c-f45a-5a2a-bde8-e4e61748541e","상명아트홀","서울특별시 종로구 동숭길 133 (동숭동)","37.5833331","127.0027272"
"9edfbf03-fd17-5386-8f1e-5890a4d9100a","상상나라극장","서울특별시 광진구 능동로 216 (능동)","37.5520117","127.0787724"
"c0ed921f-0e62-5435-a771-a79349e5c0c7","생기 스튜디오","서울특별시 마포구 와우산로 137 (서교동)","37.5538644","126.9285846"
"57f9053b-c32c-5979-bec3-5c245aa27a38","샤로수길 일대","서울특별시 관악구 관악로14길 104 (봉천동)","37.4776940","126.9580660"
"0c306c99-3fb4-5b82-96ac-5e6fa00016c4","샤롯데씨어터","서울특별시 송파구 올림픽로 240 (잠실동)","37.5105162","127.1005630"
"42528714-6e63-54ce-bccd-dd619e7b88b8","샤봉디씨어터","서울특별시 종로구 창경궁로34길 24-6 (명륜2가)","37.5839750","127.0008330"
"92a4f56c-780c-50e3-9243-75fe5e12b46f","서강대 메리홀","서울특별시 마포구 백범로 35 서강대학교","37.5499528","126.9391127"
"a95b3286-9698-51f3-8af2-9785c9f09b1e","서교스퀘어","서울특별시 마포구 양화로 72 (서교동, 서교동 효성 해링턴 타워)","37.5508138","126.9164940"
"2c033a9c-537c-5c4b-8b05-f1ee6349a09c","서대문문화체육회관","서울특별시 서대문구 백련사길 39 (홍은동)","37.5808378","126.9317514"
"65f8ec57-e88c-5d82-8671-400f9a8217c8","서보아트스페이스(서보미술문화공간)[서울]","서울특별시 마포구 월드컵북로12안길 3 (성산동)","37.5620777","126.9152742"
"f8490841-5f9d-5696-835e-d044a3a02b2b","서소문성지 역사박물관","서울특별시 중구 칠패로 5 (의주로2가)","37.5605679","126.9688672"
"79b49b0d-677a-5159-b50b-fb8c5f9c5e70","서연아트홀 (구. 인아소극장)","서울특별시 종로구 창경궁로 258 - 9","37.5838644","127.0005610"
"77899de3-aeee-519d-939a-2b4e40771514","서울남산국악당","서울특별시 중구 퇴계로34길 28 (필동2가)","37.5593110","126.9944310"
"0a81c1db-9e7b-539c-8506-cefadcbb843c","서울돈화문국악당","서울특별시 종로구 율곡로 102 - 0","37.5772009","126.9906739"
"fe110577-d8a3-5a34-ac89-d75927b14bba","서울문화예술교육센터 강북","서울특별시 강북구 솔샘로48길 14 (미아동)","37.6195500","127.0176070"
"eb882d85-c812-5a55-933b-1b360ea59242","서울문화예술교육센터 서초","서울특별시 서초구 신반포로19길 6 (반포동)","37.5047177","126.9983081"
"2a2ecbb3-9d31-52a3-8d3f-f84428a85255","서울문화예술교육센터 은평(서울무용창작센터)","서울특별시 은평구 수색로 322-2 (수색동)","37.5850950","126.8937670"
"7a776c7e-3749-535b-8598-b1b161cb75f6","서울문화재단 대학로극장 쿼드 (예술청)","서울특별시 종로구 동숭길 122(동숭동)","37.5836990","127.0037167"
"21537697-9ba5-503f-b582-8cf485248054","서울아트센터","서울특별시 종로구 평창문화로 70 (평창동)","37.6057568","126.9678907"
"959f0a30-5da6-5f58-856f-b0cfc6edc385","서울어린이대공원","서울특별시 광진구 능동로 216 (능동)","37.5495623","127.0810303"
"09a78b3a-9bf4-59ba-9cee-4169d603bfb8","서울연극창작센터","서울특별시 성북구 성북로 8 (동소문동1가)","37.5892179","127.0060408"
"43e2bf67-c6a2-5a5b-ae6e-b02bafd2e3b3","서점 바람길","서울특별시 중랑구 동일로114길 9 (상봉동)","37.5933680","127.0809230"
"c8b7c510-c29e-5d44-a521-0f3de386b37f","서초문화예술회관(구. 서초구민회관)","서울특별시 서초구 강남대로 201 (양재동) 서초구민회관","37.4818100","127.0357439"
"2f8ac849-0ccd-50ed-a2a4-9b5709ea8425","선농단역사문화관","서울특별시 동대문구 무학로44길 38 (제기동)","37.5811838","127.0318885"
"b24cff65-eb9c-5377-aa01-ef94a8624ec5","선돌극장","서울특별시 종로구 혜화로5길 5 (명륜1가)","37.5867715","126.9997500"
"2ddf51f9-0432-5e55-a8a3-866194ebbdf3","선릉아트홀","서울특별시 강남구 테헤란로 337 (역삼동)","37.5047895","127.0484597"
"d59b0d4d-616e-52b3-9cec-37518b13b01a","성균소극장","서울특별시 종로구 성균관로 12-3 (명륜2가)","37.5845012","126.9990943"
"9d00f094-7b05-5594-a32a-518c0ad91820","성북마을극장","서울특별시 성북구 동소문로20다길 10 (동선동1가)","37.5915775","127.0173297"
"e6f012bb-4cde-518c-8025-e0b6a4b466a1","성북미디어문화마루 꿈빛극장","서울특별시 성북구 길음로7길 20 (길음동)","37.6037552","127.0222037"
"645c0efd-660d-5fca-8a39-1de54996bf6b","성수 소극장(일루미 스튜디오)","서울특별시 성동구 성덕정길 135-1 (성수동2가)","37.5366733","127.0584054"
"d0ded4e2-568e-5ed3-b779-8d2ffb45751c","성수아트홀(성수문화복지회관)","서울특별시 성동구 뚝섬로1길 43 (성수동1가)","37.5443376","127.0469275"
"b7c1b9f3-eb36-5e8b-ba14-b5e7b048f44e","성신여자대학교 운정그린캠퍼스","서울특별시 강북구 도봉로76가길 55 (미아동)","37.5916714","127.0212424"
"fcd3b6bf-160a-5e21-9a70-2d76cfbcffbd","세우아트센터","서울특별시 종로구 대학로12길 49 (동숭동)","37.5819127","127.0039690"
"86059741-ffa6-55f2-b3df-9d713e2cf9ff","세종대학교 대양홀","서울특별시 광진구 능동로 209 (군자동)","37.5485943","127.0744884"
"aa567c34-a7af-5dd6-946f-b00088b5bf4c","세종문화회관","서울특별시 종로구 세종대로 175 (세종로)","37.5725254","126.9756429"
"10981533-7b1c-5471-a063-11b6e938ef6a","세티 라이브홀 (SETI LIVE HALL)","서울특별시 마포구 와우산로21길 31 (서교동)","37.5522263","126.9221353"
"e6a82a09-1469-5c2c-b378-cae3338944ab","소극장 성북오름","서울특별시 성북구 동소문로15길 49 (동소문동6가)","37.5947260","127.0137550"
"c0a2d6d8-0573-56be-b1a6-03b08493b316","소극장 창덕궁","서울특별시 종로구 창경궁로 227(명륜4가)","37.5824263","126.9977518"
"bbac6725-8a56-5c23-b7af-7238dbcee7e7","소극장 플랫폼74","서울특별시 종로구 동숭길 74 (동숭동)","37.5815333","127.0043015"
"9c70ee28-05ce-584f-a05d-9ad657436c77","소극장 혜화당 (구. 까망소극장)","서울특별시 종로구 대학로12길 63 (동숭동)","37.5812279","127.0039110"
"08857b38-992d-571f-96eb-5c8104e8886e","소셜베뉴 라움","서울특별시 강남구 언주로 564 (역삼동) 라움아트센터","37.5081914","127.0395701"
"b3b0fa88-4a6a-51d5-a599-6c1b31a38b58","소월아트홀 (성동문화회관)","서울특별시 성동구 왕십리로 281","37.5592760","127.0359937"
"1271df3d-41c7-501c-b304-148327891e14","소태산홀","서울특별시 동작구 현충로 75 (흑석동)","37.5097591","126.9638593"
"b0fd0c2f-b5ab-5096-a6b7-63eb36d632a0","송파어린이문화회관","서울특별시 송파구 중대로 235(오금동)","37.5027425","127.1284004"
"de8bada4-84d7-5c41-92ec-9820375aff9e","송해아트홀","서울특별시 구로구 경인로 611-17 (신도림동)","37.5069406","126.8835704"
"1c3295c2-9183-5bab-b848-fffab4164385","수상한창고","서울특별시 금천구 금하로24길 7(시흥동)","37.4506581","126.9088159"
"52f33a24-ff64-509c-b866-d8b9cf74c426","숲세권 라이브","서울특별시 영등포구 도림로126길 1 (문래동3가)","37.5139790","126.8965070"
"7e736a20-1b49-53e7-969f-b84f10e49d86","숲세권 라이브 2호점 [독립문]","서울특별시 종로구 사직로 8 (교북동)","37.5721200","126.9610990"
"8aa65561-9daf-58fc-8c5a-0ea618a2871e","쉼잉 서울대입구역점","서울특별시 관악구 봉천로 469-17 (봉천동)","37.4826710","126.9524980"
"c8c3b96d-5c68-58a9-ba2b-b6314d463a09","스카이아트홀","서울특별시 강서구 화곡로63길 65(등촌동)","37.5579738","126.8491891"
"8a618ae3-e804-5737-9e3e-64e0f4cdca59","스케네웨이 [홍대]","서울특별시 마포구 와우산로 76 (서교동)","37.5511290","126.9235390"
"16d2af53-2d04-5038-a7a2-3d244d7dd3bb","스케치홀 (구.소극장 선물 1관)","서울특별시 종로구 동숭길 145 (동숭동)","37.5831766","127.0022799"
"6c9239ac-f27e-59b0-b7b7-1e8c3101d50d","스타스테이지","서울특별시 종로구 대학로12길 15(동숭동)","37.5827347","127.0028450"
"2a937b4e-c94e-5507-8fcc-803fc6f3ad95","스튜디오 QDA(구. 춤공장)","서울특별시 영등포구 도림로126길 1 (문래동3가)","37.5176033","126.8952890"
"2bc2f9ad-d4b2-563e-bca4-3ccdc777556b","스튜디오 블루","서울특별시 종로구 대학로8가길 80(동숭동)","37.5824773","127.0032680"
"dbe00aa3-0fe8-5b99-ada3-7b2b8b2cd2be","스튜디오 아르카나","서울특별시 동작구 동작대로9길 72-12 (사당동)","37.4812333","126.9775754"
"3dd666b9-e971-585d-99e3-ef33cf62a67e","스튜디오 엔텐바흐(Studio ENTENBACH)","서울특별시 마포구 동교로 178 (동교동)","37.5562830","126.9217570"
"764724b8-3d6e-5adc-9f20-5f6bd9f1adb8","시윤아트홀","서울특별시 종로구 대학로 116 (동숭동)","37.5815327","127.0023365"
"4f06998a-95da-5ae8-902c-6287d49f8060","신도시","서울특별시 중구 을지로11길 31 (수표동)","37.5678117","126.9907362"
"2e5ea49d-d4bd-5d7d-889a-d4443a72a375","신세계남산","서울특별시 중구 장충단로 180 (장충동1가)","37.5604780","127.0063084"
"e3387317-f39c-5ec4-a1fc-fa3409fd07c1","신영체임버홀","서울특별시 영등포구 국제금융로8길 16 (여의도동)","37.5212571","126.9288713"
"6f2b5c8e-5d52-57eb-8b9c-e4c8034cbe57","심심(XIMXIM)","서울특별시 성동구 연무장15길 11 (성수동2가)","37.5426230","127.0592830"
"555238b9-fded-5b8c-9476-5b6227452fcd","쌀롱드무지끄","서울특별시 종로구 창의문로 129 (부암동)","37.5923644","126.9659950"
"3e93cda8-6ff9-5097-93d5-43529b0d5f70","씨어터 쿰","서울특별시 종로구 창경궁로 253-7 (명륜2가)","37.5844442","126.9994928"
"60a2f822-7998-5754-9793-88aebee2ade6","씨어터조이 (구. 마당세실극장)","서울특별시 종로구 이화장길 78 (동숭동)","37.5786430","127.0046295"
"02e93a2e-6afb-54ef-ad9c-e310c475ab3b","아라아트홀","서울특별시 종로구 대학로8가길 30 (동숭동)","37.5822940","127.0025606"
"049461f4-898e-51b9-a81a-95a08bd50ef7","아람브릿지 [송파방이점]","서울특별시 송파구 오금로31길 12 (방이동)","37.5067870","127.1217400"
"4d0f70c4-1f1f-5875-9bd9-5bb4b91b25cf","아루또소극장 (구. 소담소극장, 구. 코메디컬센터)","서울특별시 종로구 대학로8가길 48 (동숭동)","37.5828996","127.0024036"
"61b66382-eeb8-5b89-b9b8-64600e9d07dd","아르코 꿈밭극장","서울특별시 종로구 대학로12길 46 (동숭동)","37.5820420","127.0037310"
"6e17b000-68cd-529a-9846-274fe0218ce9","아르코예술극장","서울특별시 종로구 대학로8길 7 (동숭동)","37.5811855","127.0029999"
"705aa942-ae97-578e-916f-8912677a8736","아스가르드 씨어터 (구. 낙산씨어터)","서울특별시 종로구 동숭길 140(혜화동)","37.5836705","127.0025639"
"3a219225-2fd6-53f8-9838-96fda382835d","아스트라홀","서울특별시 마포구 동교로22길 14 (서교동)","37.5551140","126.9188160"
"f081b345-930e-550d-8034-06cbd7367fea","아지토 라이브 홀","서울특별시 서대문구 신촌역로 13 (대현동)","37.5578040","126.9425830"
"f83cf0e7-57b2-5ac4-8fe6-7f2b14546b99","아트센터 림","서울특별시 종로구 율곡로3길 77 (소격동)","37.5790870","126.9820330"
"db52a1a2-93aa-593a-b191-2b3d8cc5f30d","아트포레스트 아트홀","서울특별시 종로구 대학로12길 22 (동숭동)","37.5825141","127.0030633"
"da465240-8758-5e24-8d6e-6c1c302bd88e","아트하우스","서울특별시 종로구 대학로10길 26(동숭동)","37.5816067","127.0037204"
"9e9cb26d-bd00-59d6-b550-2b830a45a83c","안똔체홉극장","서울특별시 종로구 성균관로3길 23 (명륜3가)","37.5830504","126.9970100"
"4e7950eb-0439-505c-a48f-75bc12fd2cea","야기스튜디오","서울특별시 강남구 헌릉로569길 37(세곡동)","37.4668167","127.0976059"
"de37de54-05f8-56b8-9f52-7f2facf844a8","양천문화회관","서울특별시 양천구 목동서로 367 (신정동)","37.5164555","126.8632321"
"e0e45612-f922-544f-a7ed-bbe2d6e7172d","언더그라운드 H","서울특별시 마포구 월드컵북로 120 (성산동)","37.5639060","126.9133220"
"5b2e17b5-2f00-5c11-a88a-ed2d7a644b0c","언더시티 (UNDER CITY)","서울특별시 성동구 성수이로22길 61 (성수동2가)","37.5431482","127.0639071"
"ec1b0dd0-1a36-5ba5-a3bd-64ee05421e2f","얼터(alter)","서울특별시 영등포구 경인로74길 6 (문래동1가)","37.5108430","126.8930750"
"ee60f53c-713d-568c-bbac-162cb371b204","업스테이지 (UP Stage)","서울특별시 종로구 동숭길 41 (동숭동)","37.5801085","127.0042703"
"d10b8a94-523e-5296-8f6d-89d22d1f0994","에스팩토리","서울특별시 성동구 연무장 15길 11 (성수동2가)","37.5426700","127.0594650"
"9df904b3-b316-58d1-820b-7bbd073f9348","엠피엠지","서울특별시 마포구 서강로 78 (창전동)","37.5500559","126.9325997"
"78589f42-bc4a-5143-88fc-6646487e2559","여행자극장","서울특별시 성북구 성북로5길 9-3 (성북동1가)","37.5889086","127.0046366"
"41a8452b-6500-5701-8ecf-5c0b34b29c3a","연극실험실 혜화동1번지","서울특별시 종로구 창경궁로35길 7 (혜화동)","37.5863370","127.0013307"
"e9f15906-45f5-5d4a-9c92-bcec518a1b94","연남스페이스","서울특별시 마포구 성미산로22길 16(연남동)","37.5621581","126.9208818"
"1f3d4cd9-413a-513d-8d55-8133836ffb0d","연세대학교 대강당","서울특별시 서대문구 연세로 50 (신촌동)","37.5643122","126.9389179"
"14d31790-0e81-5558-a38f-4e9e63ee66b9","연세대학교 백주년기념관","서울특별시 서대문구 연세로 50 (신촌동)","37.5620902","126.9380569"
"652e611c-069c-5bc6-b050-54c1898fb47c","연세대학교 음악대학 체임버홀","서울특별시 서대문구 연세로 50(신촌동)","37.5638064","126.9429309"
"950231a2-00df-5b83-97e6-eca896ef4a93","연우소극장","서울특별시 종로구 창경궁로35길 21 (혜화동)","37.5869515","127.0017528"
"8666b18d-cdfb-55f2-bc80-36b23550eddc","연희예술극장","서울특별시 서대문구 연희맛로 2-3 (연희동)","37.5656012","126.9285411"
"0b0153b9-b771-5d30-a2c4-85843547a972","열린극장","서울특별시 종로구 창경궁로 258-12 (명륜2가)","37.5836706","127.0003428"
"4fc67823-2e66-5494-8df6-abcc56811bfa","영등포아트홀","서울특별시 영등포구 국회대로 596 (당산동3가)","37.5260380","126.9000890"
"c5647e80-7b31-5bf2-9b30-6c7154ea7ad9","영산아트홀","서울특별시 영등포구 여의공원로 101 (여의도동)","37.5292309","126.9248721"
"76b745da-8642-51ed-bdc4-65a3f620712b","예그린씨어터","서울특별시 종로구 동숭길 130-5 (동숭동)","37.5838441","127.0030601"
"83286ffc-5cb6-58f1-ae0f-4ebe2cfaa97c","예림당아트홀","서울특별시 강남구 언주로 337 (역삼동)","37.4978390","127.0442979"
"647f0d3a-dbb3-5dca-bd2e-0f691539ebc2","예술가의 집","서울특별시 종로구 동숭길 3 (동숭동)","37.5805023","127.0032562"
"c1661a38-79c3-5e8c-a706-da0622f49c52","예술공간 혜화","서울특별시 종로구 혜화로 10-3 (혜화동)","37.5866280","127.0004750"
"1bb4f0cb-9c97-56a4-a9a6-67889974e723","예술의전당 [서울]","서울특별시 서초구 남부순환로 2406 (서초동)","37.4786896","127.0118241"
"8e2328fe-26e4-5ae9-a8ce-170403ca4843","예스24 라이브홀 (구. 악스코리아)","서울특별시 광진구 구천면로 20 (광장동)","37.5456881","127.1079671"
"52ae36f2-f01c-5601-b858-506d2d5d00f9","예스24 스테이지(구. DCF대명문화공장)","서울특별시 종로구 대학로12길 21 (동숭동)","37.5827158","127.0032484"
"b0af119f-1a39-548b-b102-5df902cf5c2d","예스24 원더로크홀","서울특별시 서대문구 신촌로 129 (창천동)","37.5565639","126.9403281"
"da0d5d4f-d9e8-5bbc-88d4-deea970612a2","예스24아트원(구.대학로아트원씨어터)","서울특별시 종로구 대학로12길 83 (동숭동)","37.5802316","127.0040004"
"216c8ae8-71ab-53c6-a4c4-f943a46a7e79","오류아트홀","서울특별시 구로구 경인로20가길 38 (오류동)","37.4958396","126.8456366"
"38414bac-6bc1-5a70-a651-f3112ba313dc","오마이갓 전용관","서울특별시 종로구 동숭길 68 (동숭동)","37.5813131","127.0043055"
"1b716065-720b-5ced-80e7-0052ab889cf3","옥타바리움 라이브홀","서울특별시 마포구 와우산로18길 16 (서교동)","37.5509163","126.9238938"
"3480786e-2ddb-5c1f-a140-be44aa740ab9","온맘씨어터","서울특별시 마포구 어울마당로 94-8 (서교동)","37.5531403","126.9222208"
"ab22893c-505e-591e-a1fa-44617bc3f254","온쉼표","서울특별시 송파구 송파대로37길 50 (석촌동)","37.5002447","127.1066645"
"db46d00a-a9db-56c8-bc96-5d361b48038c","올래홀","서울특별시 종로구 대학로10길 24 (동숭동)","37.5815685","127.0035399"
"cd867526-5472-58bb-88f1-d2dc832c1fa6","올림픽공원","서울특별시 송파구 올림픽로 424 올림픽공원 (방이동)","37.5211200","127.1283636"
"c25de664-1fa1-581a-a547-5f49f92c9c0f","올웨이즈 씨어터(구.아티스탄홀)","서울특별시 종로구 대학로 132 (동숭동)","37.5830591","127.0020855"
"3b11f4e9-124b-5705-8c81-9e3b7c4dcd1a","용산아트홀","서울특별시 용산구 녹사평대로 150(이태원동 34-87)","37.5324851","126.9903470"
"79696d59-2c1d-5e8d-abe8-b6469ac35bb1","우리소극장 [대학로]","서울특별시 종로구 이화장길 86-11(동숭동)","37.5792262","127.0051573"
"0973b820-76ec-5b78-8969-79befe826b98","우무지","서울특별시 마포구 독막로8길 7 (합정동)","37.5475140","126.9183740"
"5af0384f-d8ea-54cf-bdae-2464a494086e","원베일리 인바이트","서울특별시 서초구 반포대로 333 (반포동, 래미안 원베일리)","37.5065440","126.9987050"
"96cc5434-d18d-544b-81da-1d4f175243a5","웨스트브릿지 라이브홀","서울특별시 마포구 와우산로25길 6 (서교동)","37.5536390","126.9261445"
"c95ac9a8-de29-55bf-b778-9210b48f0881","유니플렉스","서울특별시 종로구 대학로12길 64 (동숭동)","37.5811328","127.0036997"
"019c135f-38cb-58e0-a0a4-a4bb06940ea1","윤당아트홀","서울특별시 강남구 언주로 844 (신사동)","37.5256519","127.0337152"
"8a3bdd4a-9593-5005-b518-0bdb745af6d8","은평문화예술회관","서울특별시 은평구 녹번로 16 (녹번동)","37.6036744","126.9278650"
"17c242d2-2df2-5ab5-9b18-f357dcab4d84","음악공간 중력장","서울특별시 동작구 현충로 104(흑석동)","37.5074916","126.9650050"
"95396cab-9da2-540e-91be-a9299975c99f","음악의집","서울특별시 서초구 언남길 15-13 (양재동, 파크하우스)","37.4709730","127.0408760"
"906ebd57-2733-5036-9ac0-9599ae1a720b","이들스","서울특별시 종로구 삼일대로 428 (낙원동)","37.5722170","126.9876446"
"046d0f39-72f5-5bad-88e3-313cc5d767e1","이화여자대학교 삼성홀","서울특별시 서대문구 이화여대길 52 (대현동)","37.5614238","126.9469727"
"837aa981-80f7-503e-9fd4-a2ac056707fc","인왕산 수성동계곡","서울특별시 종로구 옥인길 89 (옥인동)","37.5819660","126.9639390"
"964c81e8-7805-51da-83ba-87d84d8b05f5","일신홀","서울특별시 용산구 한남대로 98 (한남동)","37.5372055","127.0055232"
"11c7ab21-f906-5c34-96f0-05069b429143","자양스테이션(파리뮤직포럼)","서울특별시 광진구 자양로11길 18 (자양동)","37.5346187","127.0830326"
"c37e5108-9834-56d4-aa40-69516747c5ec","잠실종합운동장","서울특별시 송파구 올림픽로 25 (잠실동)","37.5140929","127.0749534"
"6488164d-14e4-532a-ada0-238ee9f406b2","잠실학생체육관","서울특별시 송파구 올림픽로 25 (잠실동)","37.5164791","127.0729996"
"00c23cbe-e832-51ea-9f8b-4a203061a9f0","장충체육관","서울특별시 중구 동호로 241 (장충동2가)","37.5581719","127.0067176"
"4132ef62-9afa-52a0-8d77-ffb40c126699","전태일기념관","서울특별시 종로구 청계천로 105 (관수동)","37.5684665","126.9893003"
"75308b56-e5e3-5135-a8d9-cc34fc740c70","정극장 (구. M시어터, 구.하모니아트홀)","서울특별시 종로구 대학로12길 69 (동숭동)","37.5818321","127.0034270"
"5d1947ed-dafa-5f08-989d-ce418bb333c8","제나아트홀 (구. 룸씨어터)","서울특별시 종로구 대학로10길 12(동숭동) 지하1층","37.5816149","127.0028075"
"afdb0d4c-cf55-5b17-969d-5768017a0713","제이원 씨어터 (구. 서완소극장, 구. 씨어터고리)","서울특별시 종로구 창경궁로34길 18-12","37.5841705","127.0004290"
"c10d9081-4753-5ba8-8da7-9fc6e3ece9ab","종로아이들극장","서울특별시 종로구 성균관로 91 - 0 국민생활관","37.5904340","126.9987747"
"72da7d80-be9f-5f8d-900e-f7ed599add8e","종로아트홀","서울특별시 종로구 삼일대로15길 8 (관철동)","37.5689220","126.9870060"
"5ef20a59-668d-5f9c-a1fe-70b2c20d42ea","지인시어터(구. 알과핵소극장)","서울특별시 종로구 동숭길 25 (동숭동)","37.5798541","127.0035752"
"c1538488-a77c-536a-9fc4-f43a8c71a612","지즐소극장","서울특별시 종로구 성균관로4길 42 (명륜2가)","37.5847101","126.9996688"
"3a4907ab-6c0b-5a5c-8cc3-7e1807462081","지지대악","서울특별시 종로구 인사동5길 10 (인사동)","37.5728650","126.9856530"
"c6e35d1f-750f-56f4-9a35-d16c5ebe9716","창동극장","서울특별시 도봉구 노해로 391 (창동)","37.6527874","127.0515936"
"09fe4e8a-5fdb-5fb4-8d8a-fbb7cd69eb8c","창동역","서울특별시 도봉구 마들로11길 77 (창동)","37.6532085","127.0476838"
"28b737aa-84c6-5fda-b91e-2f66689cc3ae","창작공간 BBB","서울특별시 종로구 이화장길 46 (이화동)","37.5773620","127.0047090"
"97462e4d-0cbb-5843-a5ee-95f9d0296799","창작플랫폼 경험과 상상","서울특별시 영등포구 선유동2로 56 (당산동5가, 유원제일2차아파트)","37.5329180","126.8988554"
"56521b92-db7a-5b8b-8301-8efb10b35c17","초록씨어터","서울특별시 종로구 대학로 128(동숭동)","37.5827051","127.0021572"
"34061d01-bcfa-559e-b40e-66502927b467","충무아트센터","서울특별시 중구 퇴계로 387 (흥인동)","37.5660139","127.0148131"
"52644074-067e-58c2-a796-df88c9c0b275","카페 언플러그드","서울특별시 마포구 와우산로33길 26 (서교동)","37.5555046","126.9292123"
"223f511d-ec05-5c25-a64e-5274d6aec745","컬쳐씨어터(구. 휴먼시어터)","서울특별시 종로구 대학로8가길 80 (동숭동)","37.5824518","127.0032519"
"090a36fe-34d1-5a8e-bc76-9bd26c382dd6","케이크샵(Cakeshop)","서울특별시 용산구 이태원로 134 (이태원동)","37.5339010","126.9887850"
"20501672-04a3-58aa-b63f-0751c1563b70","코델아트홀","서울특별시 종로구 동숭길 78 (동숭동) 지하1층","37.5817072","127.0042819"
"f7001259-0ac7-5aa3-80cb-2b0a4aabd4a8","코브하우스","서울특별시 마포구 와우산로 39-15 (상수동)","37.5480420","126.9221460"
"0cdc4be0-1ae2-524b-80cc-ff6a0db036c2","코엑스아티움(Coex Artium)","서울특별시 강남구 영동대로 511 (삼성동)","37.5104890","127.0612120"
"02f6fd36-f31a-56b0-ba98-e393d4b05e39","콘서트홀 나누","서울특별시 마포구 망원로 66 (망원동)","37.5570634","126.9042133"
"6edb7c61-3c21-5c6a-9d44-a7c548c15283","콘텐츠박스(구. 르메이에르 씨어터)","서울특별시 종로구 동숭길 55 (동숭동)","37.5807178","127.0041660"
"27a1a694-08d3-522e-9a3f-920f3b313720","큐씨어터(구. 수상한흥신소전용관)","서울특별시 종로구 대학로8가길 79 (동숭동)","37.5824389","127.0035453"
"0e70ff5e-89ab-57c5-9238-eee91a8fc03c","크레디아 클래식 클럽","서울특별시 종로구 자하문로9길 8 (통인동)","37.5795854","126.9706700"
"03b7193d-4bf8-5cb2-8937-3bb41794fdbd","크레스트72(CREST72)","서울특별시 중구 장충단로 72 (장충동2가)","37.5514172","127.0025216"
"f55c19cf-e1c3-58b3-bfd5-8aeca3acb802","클래시카 서울","서울특별시 서초구 반포대로30길 32 (서초동)","37.4918440","127.0103740"
"0cb123d1-21a4-5317-9520-fc4a04e4d242","클럽 A.O.R(All Of Rock)","서울특별시 마포구 와우산로 156 (서교동)","37.5548494","126.9304125"
"718d7793-4c8e-52d6-906b-8473d4045888","클럽 FF","서울특별시 마포구 와우산로17길 12 (서교동)","37.5502781","126.9223051"
"728bb261-3ffc-5462-9d47-f5bc376da127","클럽 프리버드","서울특별시 마포구 와우산로17길 19-22(서교동)","37.5493791","126.9213150"
"41ddebea-1206-54c4-812c-13ddbdad3445","톤스튜디오 서울","서울특별시 마포구 성미산로 64-5 (성산동)","37.5593835","126.9154822"
"55ebae2e-eb9b-596d-b97f-231f51690d16","티오엠씨어터(구. 문화공간필링)","서울특별시 종로구 대학로8가길 85 (동숭동)","37.5822467","127.0037166"
"09e625c8-cf21-553f-b8b1-eca6caf297dd","티켓링크 1975 씨어터(구.능동 어린이회관)","서울특별시 광진구 광나루로 441 (능동)","37.5465004","127.0788059"
"db95cb00-d310-5959-851d-aec745936309","틴틴홀","서울특별시 종로구 대학로10길 24 (동숭동)","37.5815685","127.0035399"
"ba9e59de-e5a8-58ff-9329-87a23228213e","파랑씨어터 (구. 도향아트홀, 구. 뮤디스홀)","서울특별시 종로구 대학로8가길 36 (동숭동)","37.5825016","127.0024545"
"5f125aeb-70dc-5294-9872-b936b2ac9c4e","펍지 성수(PUBG 성수)","서울특별시 성동구 왕십리로4길 5 (성수동1가)","37.5458010","127.0455550"
"97e93839-04d2-52ab-931a-0421eec2be18","페리지홀","서울특별시 서초구 반포대로 18 (서초동)","37.4821798","127.0126517"
"d17575e9-78d8-5e67-a550-9999c15fd69a","푸르지오아트홀","서울특별시 중구 을지로 170 (을지로4가)","37.5661792","126.9973242"
"40aaf192-c679-55d5-81f6-354a1c535e41","프로타주 갤러리(FROTTAGE)","서울특별시 마포구 독막로15길 12 (상수동)","37.5483670","126.9223020"
"c43b76b7-a13a-5bbb-aad3-6b1c900d36ee","프리즘홀 (프리즘플러스)","서울특별시 마포구 양화로12길 6 (서교동)","37.5516588","126.9175099"
"0e94f9f8-40bd-5793-83a4-a1be7722fd78","플랫폼 엘","서울특별시 강남구 언주로133길 11 (논현동)","37.5161390","127.0342670"
"ea29a300-7031-5863-b3bb-1a32737336f0","플러스씨어터(구. 컬처스페이스 엔유)","서울특별시 종로구 대학로12길 73 (동숭동)","37.5807747","127.0039649"
"4789be84-d842-548c-9720-b0ee735ce292","플렉스라운지 (구. 스테이라운지, 구. 인디팍)","서울특별시 마포구 양화로 100-10 (서교동)","37.5524844","126.9189927"
"3f4eda9b-1e3d-5f04-aa07-48f1789b68b8","피오레아트앤엔터(피오레움)","서울특별시 서초구 효령로52길 16 (서초동)","37.4835990","127.0128440"
"0e8aae17-5041-56bf-af30-e48fcb11a9a4","하땅세극장","서울특별시 성북구 성북로 5-7(성북동1가)","37.5887016","127.0051567"
"50a69ba0-af4e-5f6b-a089-c4228fd66031","한국문화의집 KOUS","서울특별시 강남구 테헤란로92길 12-9 (대치동)","37.5067845","127.0604609"
"2ce8bf1a-1429-52f9-a661-e9e39fce02a3","한국방송회관 코바코홀 (구. 브로드홀)","서울특별시 양천구 목동동로 233 (목동) 한국방송회관","37.5269334","126.8713879"
"94bc5b50-77e1-5796-b352-ebbb19ce555e","한국콘텐츠진흥원 CKL스테이지","서울특별시 중구 청계천로 40","37.5684894","126.9816134"
"bfddecc7-8600-5590-8e80-4df982798ad4","한바탕 소극장","서울특별시 송파구 송이로32길 19 (문정동)","37.4882251","127.1277366"
"9034618d-528e-51f6-9907-9445538f88c4","한성아트홀(구. 인켈아트홀)","서울특별시 종로구 창경궁로 254 (명륜2가)","37.5728677","126.9970786"
"1e92b4bb-f94a-575b-9c85-986a64ccbdcf","한전아트센터","서울특별시 서초구 효령로72길 60 (서초동)","37.4856845","127.0280225"
"d166147e-949c-5deb-b314-f12a6f09a59d","해피씨어터","서울특별시 종로구 대학로10길 5 (동숭동)","37.5818197","127.0025595"
"9903823c-6bc5-540b-8fa2-a28422cab4bc","헤르만아트홀","서울특별시 성동구 상원6나길 24(성수동1가, 청호 서울숲 뜨레피움 오피스텔)","37.5478713","127.0500545"
"6860c708-83a5-56ed-9f32-97cf1a92e18e","현대백화점 문화홀 [압구정]","서울특별시 강남구 압구정로29길 21","37.5273460","127.0273550"
"b125ed4c-b1bb-565b-99dc-dc0029a3458d","현대카드 언더스테이지","서울특별시 용산구 이태원로 246 (한남동)","37.5365851","127.0006662"
"ac660600-7763-54c3-97fb-e7ba1e1ee560","홍대난타극장(구. 뮤직쇼웨딩 전용관)","서울특별시 마포구 양화로16길 29 (서교동)","37.5547020","126.9222449"
"3f75a823-fd14-57c9-ad86-0d1b9b2e8a84","홍대우주정거장","서울특별시 마포구 와우산로29길 16(서교동)","37.5550169","126.9290200"
"cdfbc3ac-c931-5ad4-904c-834ebe3dc33f","홍익대 대학로 아트센터","서울특별시 종로구 대학로 57 (연건동)","37.5769696","127.0020331"
"55cc4505-1b04-5cbf-afa9-08e62ce9594d","후암스테이지","서울특별시 종로구 대학로11길 23 (명륜4가)","37.5820588","127.0004181"
"22113d8f-479f-5b88-a855-11df53a55ad8","후암씨어터(콘텐츠룸)","서울특별시 종로구 대학로11길 23 (명륜4가)","37.5820588","127.0004181"
"2a0c83a4-d537-5dc8-ab58-e57d6a959137","후케즈","서울특별시 영등포구 경인로 715(문래동2가)","37.5119070","126.8931680"
