facility_id,facility_category,facility_name,address,latitude,longitude,source_record_count,source_dataset,x_epsg5179,y_epsg5179
PFCL_E315051EA93F,공연,BRST STUDIO,서울특별시 마포구 와우산로18길 30 (서교동),37.5514862,126.9240873,1,seoul_show_facilities_deduplicated.csv,949129.7838500834,1950394.184709942
PFCL_14B771519071,공연,CJ아지트 광흥창,서울특별시 마포구 창전로 14 (신정동) CJ아지트,37.5442311,126.930447,1,seoul_show_facilities_deduplicated.csv,949686.6629305863,1949585.8453510609
PFCL_7EED71137A5D,공연,entry55 [성수],서울특별시 성동구 성수일로8길 60 (성수동2가),37.5448753,127.0568179,1,seoul_show_facilities_deduplicated.csv,960850.4549328096,1949597.1931750367
PFCL_A22018923D6A,공연,et theatre 1 (구. 눈빛극장),서울특별시 종로구 혜화로 17 (명륜1가),37.5871099,126.9997845,1,seoul_show_facilities_deduplicated.csv,955837.1838394832,1954308.1866636544
PFCL_1F2DF531F2D9,공연,GB가빈아트홀,서울특별시 강남구 삼성로 534 (삼성동),37.5096777,127.0555363,1,seoul_show_facilities_deduplicated.csv,960718.7886315581,1945692.7641724532
PFCL_1C7633D3AFFF,공연,GB성암아트홀,서울특별시 강남구 선릉로111길 6 (논현동),37.5110252,127.0429998,1,seoul_show_facilities_deduplicated.csv,959611.5466223652,1945847.5681999233
PFCL_E07B5C9C7026,공연,H-스테이지,서울특별시 마포구 와우산로 97(서교동),37.553094,126.9243535,1,seoul_show_facilities_deduplicated.csv,949154.3897544078,1950572.418191056
PFCL_5A143DD8774F,공연,JCC 아트센터,서울특별시 종로구 창경궁로35길 29 (혜화동) JCC 아트센터,37.5869508,127.0017267,1,seoul_show_facilities_deduplicated.csv,956008.5634622215,1954289.6238658244
PFCL_E1953F4474D8,공연,JS 아트홀 (JS ART HALL) [서울 양천],서울특별시 양천구 등촌로 36 (목동),37.5331993,126.8639849,1,seoul_show_facilities_deduplicated.csv,943807.1769623185,1948399.5621147
PFCL_1A3DB9E0B6A7,공연,JS아트홀 (구. 고스트씨어터 구.다소니씨어터),서울특별시 종로구 동숭길 94 (동숭동),37.5824158,127.004328,1,seoul_show_facilities_deduplicated.csv,956235.5729940428,1953785.2717617385
PFCL_30194A05431E,공연,JTN 아트홀(구. 대학로예술마당),서울특별시 종로구 이화장길 26 (이화동),37.5767066,127.0037621,1,seoul_show_facilities_deduplicated.csv,956182.2618408073,1953152.1271182029
PFCL_0BDC35F14C34,공연,KBS [본관],서울특별시 영등포구 여의공원로 13 (여의도동),37.5262735,126.915486,1,seoul_show_facilities_deduplicated.csv,948352.6386911633,1947601.6541581012
PFCL_CD5305D56C58,공연,KBS스포츠월드(아레나),서울특별시 강서구 공항대로 376 (화곡동) kbs스포츠월드,37.5567802,126.8476094,1,seoul_show_facilities_deduplicated.csv,942378.5162563289,1951025.664264312
PFCL_E6655E091DB5,공연,KOCCA콘텐츠문화광장,서울특별시 동대문구 회기로 66 (청량리동),37.590963,127.044576,1,seoul_show_facilities_deduplicated.csv,959793.812333956,1954715.553061704
PFCL_3B9CB6426447,공연,KT&G 상상마당 대치아트홀,서울특별시 강남구 영동대로 416 (대치동),37.5065437,127.0653516,1,seoul_show_facilities_deduplicated.csv,961584.6523841226,1945341.0145809813
PFCL_FCCEC406FB3F,공연,KT&G 상상마당 라이브홀 [마포],서울특별시 마포구 어울마당로 65 (서교동),37.550925,126.921142,1,seoul_show_facilities_deduplicated.csv,948869.2405971403,1950333.5202471144
PFCL_B316B6619803,공연,LDK,서울특별시 용산구 대사관로20길 8 (한남동),37.533128,127.0035086,1,seoul_show_facilities_deduplicated.csv,956134.3407215285,1948317.4281643936
PFCL_459F7B1EBAC0,공연,LG아트센터 서울,서울특별시 강서구 마곡중앙로 136(마곡동),37.565363,126.8293888,1,seoul_show_facilities_deduplicated.csv,940775.9830325493,1951989.215630703
PFCL_90AACA683084,공연,M극장,서울특별시 강남구 논현로4길 36 (개포동),37.4736304,127.0529192,1,seoul_show_facilities_deduplicated.csv,960468.4972354702,1941694.651024585
PFCL_62034B09DBC1,공연,NCM STUDIO,서울특별시 관악구 난곡로 60 (신림동),37.460887,126.919341,1,seoul_show_facilities_deduplicated.csv,948648.5179896065,1940345.303719303
PFCL_4E095C63A099,공연,NC문화재단 홀,서울특별시 종로구 이화장길 100 (동숭동),37.5798042,127.0046166,1,seoul_show_facilities_deduplicated.csv,956259.5266619825,1953495.392753012
PFCL_84C2E250A15D,공연,NH아트홀,서울특별시 중구 통일로 120 (충정로1가),37.5658125,126.9675261,1,seoul_show_facilities_deduplicated.csv,952975.7558242208,1951960.995754505
PFCL_C429193EF930,공연,NOL 서경스퀘어(구. 서경대학교 공연예술센터),서울특별시 종로구 동숭길 148 (혜화동),37.583521,127.002139,1,seoul_show_facilities_deduplicated.csv,956042.9479483557,1953908.9105534675
PFCL_1827788C997D,공연,NOL 씨어터 대학로 (구. 대학로뮤지컬센터),서울특별시 종로구 동숭길 100,37.5820171,127.0035363,1,seoul_show_facilities_deduplicated.csv,956165.4371092699,1953741.4070137606
PFCL_B5383809E2FC,공연,"NOL 씨어터 합정(구, 신한카드 SOL페이 스퀘어)","서울특별시 마포구 양화로 45 (서교동, 메세나폴리스)",37.5515008,126.9139502,1,seoul_show_facilities_deduplicated.csv,948234.3785519619,1950401.3384467873
PFCL_ED336FC25828,공연,R&J씨어터(구. 연진아트홀),서울특별시 종로구 낙산길 14 (동숭동),37.5802937,127.0052653,1,seoul_show_facilities_deduplicated.csv,956317.090772723,1953549.3986040442
PFCL_5CF256766E18,공연,SCC 선 아트홀,서울특별시 서초구 동산로 44(양재동),37.4710999,127.0438459,1,seoul_show_facilities_deduplicated.csv,959664.8592845014,1941417.7570622852
PFCL_5374E5B86E3E,공연,SH아트홀 | 지인시어터(구. 알과핵소극장),서울특별시 종로구 동숭길 25 (동숭동),37.5798541,127.0035752,2,seoul_show_facilities_deduplicated.csv,956167.6036552277,1953501.4143005963
PFCL_AB21273E30DB,공연,TOUCH FIVE 전용관,서울특별시 마포구 와우산로 76-1 (서교동),37.551274,126.9235668,1,seoul_show_facilities_deduplicated.csv,949083.6634597377,1950370.9239605197
PFCL_12622CCC7742,공연,Vel.R 벨르 (구. 벨로주 [홍대]),서울특별시 마포구 잔다리로 46 (서교동),37.5524309,126.9188172,1,seoul_show_facilities_deduplicated.csv,948664.9211742611,1950501.8594938614
PFCL_7D108EA03409,공연,XSCALA(엑스칼라),서울특별시 중구 남대문시장10길 2 (회현동1가),37.560373,126.979601,1,seoul_show_facilities_deduplicated.csv,954038.7897002498,1951351.5366502265
PFCL_6AE89F59C8FE,공연,감마홀 [홍대],서울특별시 마포구 와우산로21길 19-11 (서교동),37.551855,126.922929,1,seoul_show_facilities_deduplicated.csv,949027.7217960524,1950435.7286943796
PFCL_211D39CAC51A,공연,강남씨어터,서울특별시 강남구 역삼로7길 16 (역삼동),37.495188,127.0332163,1,seoul_show_facilities_deduplicated.csv,958738.1872791491,1944094.7756686697
PFCL_20C84BA94148,공연,강동구민회관,서울특별시 강동구 상암로 168 (천호동) 강동구민회관,37.5457299,127.1412042,1,seoul_show_facilities_deduplicated.csv,968305.3096144316,1949660.2134324065
PFCL_66E4967E3085,공연,강동아트센터,서울특별시 강동구 동남로 870 (상일동),37.5512621,127.1576191,1,seoul_show_facilities_deduplicated.csv,969757.5808177425,1950268.5712008912
PFCL_F81F20C0A040,공연,강북문화예술회관,서울특별시 강북구 삼각산로 85 (수유동),37.6407764,127.0131584,1,seoul_show_facilities_deduplicated.csv,957048.8193398532,1960256.05658875
PFCL_CC555305A1BB,공연,갤러리 디 아르테 청담,"서울특별시 강남구 영동대로131길 14 (청담동, 청담동테라스)",37.5205582,127.0551411,1,seoul_show_facilities_deduplicated.csv,960689.5687509101,1946900.0532343702
PFCL_3225052CE374,공연,거암아트홀,서울특별시 강남구 강남대로 652(신사동),37.5195101,127.019106,1,seoul_show_facilities_deduplicated.csv,957504.6755171492,1946799.440873715
PFCL_1B6192C44AFD,공연,건설회관,서울특별시 강남구 언주로 711 (논현동),37.5173236,127.034148,1,seoul_show_facilities_deduplicated.csv,958832.7036308574,1946550.173409916
PFCL_C94B83B86C3E,공연,경복궁아트홀,서울특별시 종로구 자하문로 82 (효자동),37.5833005,126.9706998,1,seoul_show_facilities_deduplicated.csv,953266.9662129416,1953899.6233069396
PFCL_79FB0E54A758,공연,경향아트힐,서울특별시 중구 정동길 3 (정동),37.5681269,126.9699522,1,seoul_show_facilities_deduplicated.csv,953191.4613226797,1952216.5559338024
PFCL_BA4FF2813D55,공연,경희대학교 평화의전당,서울특별시 동대문구 경희대로 26 (회기동),37.598682,127.052773,1,seoul_show_facilities_deduplicated.csv,960521.549929865,1955568.4624389487
PFCL_FE41F5C2E650,공연,고라니 특공대,서울특별시 마포구 토정로 136(상수동),37.5452785,126.9263242,1,seoul_show_facilities_deduplicated.csv,949323.1677179469,1949704.26330642
PFCL_573C75AB5716,공연,고려대학교 화정체육관,서울특별시 성북구 안암로 145 (안암동5가),37.59294,127.024903,1,seoul_show_facilities_deduplicated.csv,958058.1207362483,1954943.4955831033
PFCL_0D40915D802C,공연,공간 서론,서울특별시 성북구 동소문로 24 (동소문동2가),37.589381,127.008781,1,seoul_show_facilities_deduplicated.csv,956632.7858623539,1954555.962827559
PFCL_EFA5A1206205,공연,공간아울,서울특별시 종로구 대학로 120 (동숭동),37.5818372,127.0022796,1,seoul_show_facilities_deduplicated.csv,956054.3720850777,1953722.0351044273
PFCL_1F88F526CCAC,공연,공감센터,서울특별시 중구 퇴계로88길 38 (신당동),37.5640044,127.020198,1,seoul_show_facilities_deduplicated.csv,957626.3627042229,1951735.3433477327
PFCL_1B91E892C289,공연,광림아트센터,서울특별시 강남구 논현로163길 33 (신사동),37.5238342,127.0251165,1,seoul_show_facilities_deduplicated.csv,958038.2324008651,1947276.475906036
PFCL_42027E6B3947,공연,광복극장,서울특별시 종로구 성균관로 15-10 (명륜3가),37.583886,126.997156,1,seoul_show_facilities_deduplicated.csv,955603.2036883521,1953951.749014287
PFCL_4995D079D986,공연,광야아트센터,서울특별시 강남구 선릉로 806 (청담동),37.5238653,127.0396166,1,seoul_show_facilities_deduplicated.csv,959319.5178379508,1947273.556619243
PFCL_ACB9E2AE074D,공연,광운대학교 동해문화예술관,서울특별시 노원구 광운로 20(월계동),37.6193203,127.0583381,1,seoul_show_facilities_deduplicated.csv,961023.5769040757,1957855.8648360062
PFCL_D4401854F290,공연,구로구민회관,서울특별시 구로구 가마산로25길 21 (구로동),37.497057,126.8895588,1,seoul_show_facilities_deduplicated.csv,946040.6725603616,1944374.796407696
PFCL_7341B8ED3B2F,공연,구로아트밸리,서울특별시 구로구 가마산로25길 9-24 (구로동),37.4965397,126.8889682,1,seoul_show_facilities_deduplicated.csv,945988.093977333,1944317.7437120012
PFCL_ED04940D3822,공연,구로창의아트홀,서울특별시 구로구 경인로 416 (고척동),37.4982916,126.8658154,1,seoul_show_facilities_deduplicated.csv,943942.7998539686,1944525.645206424
PFCL_3B1E557F71D5,공연,구름아래소극장,서울특별시 마포구 와우산로29가길 15 (서교동),37.5541887,126.928539,1,seoul_show_facilities_deduplicated.csv,949524.8274542569,1950691.6140518335
PFCL_4530B22A41D1,공연,국립국악원,서울특별시 서초구 남부순환로 2364 (서초동) 국립국악원,37.4786094,127.0113069,1,seoul_show_facilities_deduplicated.csv,956791.9243701384,1942265.318314462
PFCL_53A410152DA8,공연,국립극단 [명동],서울특별시 중구 명동길 35 (명동1가),37.563999,126.9841738,1,seoul_show_facilities_deduplicated.csv,954444.8664141246,1951751.5967788873
PFCL_AD40F72F6441,공연,국립극장,서울특별시 중구 장충단로 59 (장충동2가),37.5523153,126.999636,1,seoul_show_facilities_deduplicated.csv,955803.5174915502,1950447.9678184206
PFCL_79560237FF1B,공연,국립정동극장,서울특별시 중구 정동길 43 (정동),37.5659672,126.9728593,1,seoul_show_facilities_deduplicated.csv,953446.8452174806,1951975.5036295864
PFCL_F1EBC473C5EA,공연,국립정동극장 세실 (구.세실극장),서울특별시 중구 세종대로19길 16 (정동),37.5667701,126.9760823,1,seoul_show_facilities_deduplicated.csv,953731.9753428305,1952062.9897117019
PFCL_C02290153799,공연,국립중앙박물관 극장 용,서울특별시 용산구 서빙고로 137 (용산동6가),37.5234203,126.9799399,1,seoul_show_facilities_deduplicated.csv,954046.0458264076,1947251.6677370402
PFCL_E71AA7CBC94A,공연,굿씨어터,서울특별시 종로구 대학로 144 (혜화동),37.586755,127.0003554,1,seoul_show_facilities_deduplicated.csv,955887.3781049125,1954268.543885322
PFCL_A10246604AB2,공연,그랜드하얏트서울,서울특별시 용산구 소월로 322 (한남동),37.5395421,126.997814,1,seoul_show_facilities_deduplicated.csv,955635.0122345041,1949031.708253567
PFCL_CCF3C767CA12,공연,극장 PLOT,서울특별시 서대문구 연세로4길 27(창천동),37.5576008,126.9381984,1,seoul_show_facilities_deduplicated.csv,950380.2785636701,1951065.0267252745
PFCL_73B41BF13CC5,공연,극장 동국,서울특별시 종로구 창경궁로 259,37.5845149,127.0000258,1,seoul_show_facilities_deduplicated.csv,955856.9553587165,1954020.1700547123
PFCL_6DCE93C5D257,공연,극장 봄 (봄소극장),서울특별시 성북구 삼선교로 14 (삼선동1가),37.5875069,127.0073524,1,seoul_show_facilities_deduplicated.csv,956505.5707192691,1954348.7006895188
PFCL_8F07F4369E2A,공연,극장 온 (ON) (구.CJ아지트),서울특별시 종로구 대학로12길 69 (동숭동),37.5809629,127.0039499,1,seoul_show_facilities_deduplicated.csv,956201.3379899869,1953624.25561464
PFCL_6A35E496E159,공연,금나래아트홀,서울특별시 금천구 시흥대로73길 70 (시흥동),37.4564588,126.8959125,1,seoul_show_facilities_deduplicated.csv,946573.411993579,1939867.0533274682
PFCL_1406328C204C,공연,금천뮤지컬센터,서울특별시 금천구 시흥대로115길 48(독산동),37.4687771,126.8944749,1,seoul_show_facilities_deduplicated.csv,946455.0521080695,1941234.5057132933
PFCL_506BADB0E82C,공연,금호아트홀 연세,서울특별시 서대문구 연세로 50 (신촌동) 연세대학교 백양누리 B1 금호아트홀 연세,37.564089,126.9389809,1,seoul_show_facilities_deduplicated.csv,950453.6883325243,1951784.448354472
PFCL_1EA09E7549B0,공연,김희수아트센터,서울특별시 동대문구 홍릉로 118 (청량리동),37.5905713,127.0429186,1,seoul_show_facilities_deduplicated.csv,959647.2798355288,1954672.806594565
PFCL_9D422B6B701A,공연,까망돌어울마당,서울특별시 동작구 서달로 129 (흑석동),37.505119,126.960611,1,seoul_show_facilities_deduplicated.csv,952326.4372718869,1945230.8630602176
PFCL_06450BB1BEBF,공연,꿈의숲아트센터,서울특별시 강북구 월계로 173 (번동),37.6214312,127.0406246,1,seoul_show_facilities_deduplicated.csv,959461.5078979741,1958097.5634915745
PFCL_E38D5C71C9C5,공연,나루아트센터,서울특별시 광진구 능동로 76 (자양동),37.5373529,127.0705248,1,seoul_show_facilities_deduplicated.csv,962057.4806730718,1948757.007109976
PFCL_078AC6B932EB,공연,나온씨어터,서울특별시 종로구 혜화로9길 7 (명륜1가),37.5876677,126.9993926,1,seoul_show_facilities_deduplicated.csv,955802.9135334186,1954370.2563297036
PFCL_C17DA7F80FE2,공연,나인 씨어터,서울특별시 종로구 대학로8가길 30 (동숭동),37.582287,127.002558,1,seoul_show_facilities_deduplicated.csv,956079.2174905738,1953771.8080871552
PFCL_4245FABC6CC5,공연,나인진홀 (구.청년극장),서울특별시 종로구 동숭길 47 (동숭동),37.580304,127.004244,1,seoul_show_facilities_deduplicated.csv,956226.9199002006,1953551.0167223401
PFCL_1DFDB8F48E89,공연,난지한강공원,서울특별시 마포구 한강난지로 162 (상암동),37.559665,126.8893715,1,seoul_show_facilities_deduplicated.csv,946069.2118884828,1951320.9369287635
PFCL_6BB2FA2DC0F1,공연,남극장(NAM THEATER),서울특별시 관악구 관악로14나길 13 (봉천동),37.477433,126.957441,1,seoul_show_facilities_deduplicated.csv,952028.553005577,1942160.88422917
PFCL_55154EBC6B04,공연,노들섬,서울특별시 용산구 양녕로 445 (이촌동),37.5170464,126.9602196,1,seoul_show_facilities_deduplicated.csv,952299.4346229137,1946554.336505769
PFCL_DE59AB2F425A,공연,노원구민의전당(구. 노원구민회관),서울특별시 노원구 동일로 1229 (중계동),37.6389549,127.0663326,1,seoul_show_facilities_deduplicated.csv,961739.1575891263,1960030.9533459602
PFCL_52B43726A0C6,공연,노원어린이극장 (구.노원어울림극장),서울특별시 노원구 노해로 502 (상계동),37.6543814,127.0636656,1,seoul_show_facilities_deduplicated.csv,961511.8182316293,1961743.55634742
PFCL_C05DCBCCD0E7,공연,논현1 문화센터,서울특별시 강남구 학동로20길 25 (논현동),37.5115175,127.0285527,1,seoul_show_facilities_deduplicated.csv,958335.0168799261,1945908.485179673
PFCL_074B6D3C1217,공연,놀터예술공방,서울특별시 성북구 성북로2길 21 - 0 태고종선부암,37.589462,127.0070139,1,seoul_show_facilities_deduplicated.csv,956476.8238123609,1954565.7667813872
PFCL_FE71981C9F26,공연,다리 소극장,서울특별시 마포구 월드컵북로2길 49(동교동),37.5572115,126.923029,1,seoul_show_facilities_deduplicated.csv,949040.2025178323,1951029.9520608834
PFCL_520EA99C62BF,공연,다케이씨어터 (구. 창조소극장),서울특별시 종로구 창경궁로 259 (명륜2가),37.5845149,127.0000258,1,seoul_show_facilities_deduplicated.csv,955856.9553587165,1954020.1700547123
PFCL_6D2D730A531B,공연,대학로 마로니에소극장(플레이더씨어터),서울특별시 종로구 동숭길 50 (동숭동),37.5805247,127.0045603,1,seoul_show_facilities_deduplicated.csv,956254.9771138352,1953575.3550022212
PFCL_4180EB32DAAA,공연,대학로 무하아트센터,서울특별시 종로구 이화장길 72 (동숭동),37.5784995,127.0046477,1,seoul_show_facilities_deduplicated.csv,956261.5094719334,1953350.6280634513
PFCL_C3284A34E8E0,공연,대학로 스카이씨어터 | 루미나아트홀 (구.시온아트홀),서울특별시 종로구 대학로8가길 52 (동숭동),37.5829439,127.0026271,2,seoul_show_facilities_deduplicated.csv,956085.7044650266,1953844.655736284
PFCL_4880A4BC1E60,공연,대학로 스타릿홀,서울특별시 종로구 대학로8가길 111 (동숭동),37.580965,127.00349,1,seoul_show_facilities_deduplicated.csv,956160.7321636218,1953624.7031169874
PFCL_39B3CFF86E97,공연,대학로 이음센터(한국장애인문화예술원),서울특별시 종로구 대학로 112 (동숭동),37.5811397,127.0023829,1,seoul_show_facilities_deduplicated.csv,956063.0829853779,1953644.6024672159
PFCL_37346CA9CAC7,공연,대학로 자유극장 (자유문화발전소),서울특별시 종로구 대학로12길 31 (동숭동),37.5827026,127.0036052,1,seoul_show_facilities_deduplicated.csv,956171.922452345,1953817.4278486236
PFCL_C2DA7A820B5D,공연,대학로예술극장,서울특별시 종로구 대학로10길 17 (동숭동),37.5820961,127.0031785,1,seoul_show_facilities_deduplicated.csv,956133.8918109908,1953750.3387068412
PFCL_AFE70DF4F082,공연,대한성공회 서울주교좌성당,서울특별시 중구 세종대로21길 15 (정동),37.567118,126.976053,1,seoul_show_facilities_deduplicated.csv,953729.6029958617,1952101.6019402284
PFCL_79447F35F23D,공연,댕로홀,서울특별시 종로구 대학로12길 50 (동숭동),37.5818195,127.0037098,1,seoul_show_facilities_deduplicated.csv,956180.6403287641,1953719.403285539
PFCL_AE300DC9C576,공연,더 서울라이티움 (갤러리아포레),서울특별시 성동구 서울숲2길 32-14 (성수동1가),37.5457838,127.0424798,1,seoul_show_facilities_deduplicated.csv,959584.3483531692,1949704.0530671468
PFCL_BC60109591FB,공연,더 씨어터,서울특별시 종로구 대학로3길 10 (효제동) 고운빌딩,37.5740036,127.0016449,1,seoul_show_facilities_deduplicated.csv,955993.72151384,1952853.2319212237
PFCL_9C7B1DDD643E,공연,더 오페라(THE OPERA),서울특별시 동대문구 장한로2길 36 (장안동),37.561749,127.067091,1,seoul_show_facilities_deduplicated.csv,961766.5794778257,1951465.0087671122
PFCL_25DF882A8908,공연,더 줌 아트센터,서울특별시 용산구 독서당로 111 (한남동),37.5369721,127.0094906,1,seoul_show_facilities_deduplicated.csv,956665.0860436561,1948741.1359826191
PFCL_8F2472C26E7C,공연,더더더,서울특별시 중구 을지로38길 9-4 (광희동1가),37.5660433,127.0039785,1,seoul_show_facilities_deduplicated.csv,956195.1249502794,1951968.9857214116
PFCL_D43093BA0ADE,공연,도곡2문화센터,서울특별시 강남구 남부순환로378길 34-9 (도곡동),37.4837128,127.0464374,1,seoul_show_facilities_deduplicated.csv,959900.7523569528,1942815.9648929625
PFCL_79E1820F41A9,공연,도토리씨어터,서울특별시 종로구 대학로12길 63(동숭동),37.5812241,127.0040212,1,seoul_show_facilities_deduplicated.csv,956207.7864485307,1953653.2012729691
PFCL_3C2291CD8225,공연,동네극장,서울특별시 동대문구 안암로6길 19(용두동),37.5791469,127.0259164,1,seoul_show_facilities_deduplicated.csv,958139.8614885865,1953412.7646460186
PFCL_F9B7F8786B40,공연,동덕여대공연예술센터,서울특별시 종로구 동숭길 126 (동숭동),37.5836998,127.0032999,1,seoul_show_facilities_deduplicated.csv,956145.5514722128,1953928.2049734
PFCL_8A3D2A75E66F,공연,동숭무대소극장,서울특별시 종로구 혜화로 35 (명륜1가),37.5864426,127.0004982,1,seoul_show_facilities_deduplicated.csv,955899.8014045754,1954233.8175001377
PFCL_9CE3B97922C1,공연,두산아트센터,서울특별시 종로구 종로33길 15 (연지동),37.571729,127.0011893,1,seoul_show_facilities_deduplicated.csv,955952.1506912857,1952601.0896732549
PFCL_658D1801DB6C,공연,드림시어터 [대학로],서울특별시 종로구 대학로10길 15 - 11,37.5822206,127.0027636,1,seoul_show_facilities_deduplicated.csv,956097.3317125046,1953764.3452144596
PFCL_D603AFBFBC7B,공연,든해소극장 (구. 모모씨어터),서울특별시 종로구 성균관로 15-8 (명륜3가),37.5839742,126.9972423,1,seoul_show_facilities_deduplicated.csv,955610.8756580803,1953961.4936080405
PFCL_4F719CC8C54B,공연,디너씨어터,서울특별시 송파구 백제고분로48길 7 (방이동),37.5116556,127.1141774,1,seoul_show_facilities_deduplicated.csv,965902.3461223022,1945889.333952503
PFCL_5AD38E5EC6DC,공연,디큐브링크아트센터,"서울특별시 구로구 경인로 662 (신도림동, 디큐브시티)",37.5084321,126.8887332,1,seoul_show_facilities_deduplicated.csv,945975.8908509677,1945637.2730510877
PFCL_741664555706,공연,뜻밖의 극장(구. 해우소소극장),서울특별시 성북구 동소문로20나길 27 (동선동1가),37.59245,127.0181255,1,seoul_show_facilities_deduplicated.csv,957459.5159827492,1954892.1806382409
PFCL_77CC2FAD0A47,공연,라온씨어터,서울특별시 종로구 대학로10길 12 (동숭동) 3층,37.5816149,127.0028075,1,seoul_show_facilities_deduplicated.csv,956100.8521563135,1953697.1251514829
PFCL_675D12DBF3FA,공연,라온아트홀,서울특별시 종로구 대학로10길 11 (동숭동),37.581853,127.0028053,1,seoul_show_facilities_deduplicated.csv,956100.797717491,1953723.5422464535
PFCL_595C68DC91A1,공연,라율아트홀,서울특별시 서초구 반포대로 20 (서초동) 2층,37.482461,127.0126495,1,seoul_show_facilities_deduplicated.csv,956912.843558216,1942692.0123997463
PFCL_C05DE3D632D3,공연,라이브 썸데이즈홀 (구. 이수ENT),서울특별시 종로구 대학로12길 10 지하1층,37.5824997,127.0026331,1,seoul_show_facilities_deduplicated.csv,956085.9732984549,1953795.3710374744
PFCL_32C12E3E0900,공연,레드루즈씨어터,서울특별시 강남구 학동로2길 56 (논현동),37.507965,127.023609,1,seoul_show_facilities_deduplicated.csv,957896.1106876598,1945516.5578559183
PFCL_7478493E0237,공연,레미어린이극장 [금천],서울특별시 금천구 두산로 71 (독산동),37.4704705,126.8956692,1,seoul_show_facilities_deduplicated.csv,946561.8673863374,1941421.699429858
PFCL_9BBA80E9E645,공연,로데아트센터,서울특별시 서초구 남부순환로317길 79 (서초동),37.4831337,127.0103014,1,seoul_show_facilities_deduplicated.csv,956705.6324781356,1942767.7211559196
PFCL_019E6436E383,공연,로비 바이 컨템포러리 테일즈,서울특별시 종로구 대학로14길 26-1 (혜화동),37.584528,127.002688,1,seoul_show_facilities_deduplicated.csv,956092.0119390768,1954020.3757183044
PFCL_01FAFDDF7340,공연,롤링홀,서울특별시 마포구 어울마당로 35 (서교동) 지하 1층,37.5484417,126.9201058,1,seoul_show_facilities_deduplicated.csv,948776.0123457893,1950058.5745004164
PFCL_51F454E8BFE1,공연,롯데백화점 [영등포],서울특별시 영등포구 경인로 846 (영등포동 618-496),37.5648082,126.9810886,1,seoul_show_facilities_deduplicated.csv,954172.8911040332,1951842.8734911375
PFCL_2ADAC05A4DB9,공연,롯데시네마 [도곡],서울특별시 강남구 남부순환로 2753 (도곡동),37.487474,127.047105,1,seoul_show_facilities_deduplicated.csv,959961.7821869471,1943232.9606286704
PFCL_2543B9B740FC,공연,롯데시네마 에비뉴엘 [서울 중구],서울특별시 중구 남대문로 73 (남대문로2가),37.5642,126.98172,1,seoul_show_facilities_deduplicated.csv,954228.280791304,1951775.0890115811
PFCL_8F8C7500C8AC,공연,롯데콘서트홀,서울특별시 송파구 올림픽로 300 (신천동) 롯데월드몰 8층 롯데문화재단,37.5130605,127.103495,1,seoul_show_facilities_deduplicated.csv,964958.9258626347,1946049.123326156
PFCL_10BE8FDDE5D9,공연,링크더스페이스(LINK THE SPACE),서울특별시 종로구 대학로8가길 105 (동숭동),37.581375,127.003527,1,seoul_show_facilities_deduplicated.csv,956164.2394879945,1953670.1734030654
PFCL_04EED704C45D,공연,링크아트센터,서울특별시 종로구 대학로14길 29(혜화동),37.5846899,127.0022947,1,seoul_show_facilities_deduplicated.csv,956057.382179451,1954038.5216777858
PFCL_C85A691FD76E,공연,링크아트센터드림,서울특별시 종로구 동숭길 123 (동숭동),37.5820171,127.0035363,1,seoul_show_facilities_deduplicated.csv,956165.4371092699,1953741.4070137606
PFCL_B3064F1E273F,공연,링크원스테이지(LINK ONE STAGE),서울특별시 서대문구 응암로 118 (북가좌동),37.582936,126.913858,1,seoul_show_facilities_deduplicated.csv,948247.9880889303,1953888.9804586128
PFCL_B5F86EADEAA3,공연,마루아트홀,서울특별시 종로구 대학로8가길 30 (동숭동),37.582253,127.0025458,1,seoul_show_facilities_deduplicated.csv,956078.1203305887,1953768.04165194
PFCL_6E7E3654C8CB,공연,마포아트센터,서울특별시 마포구 대흥로20길 28 (대흥동),37.5499055,126.9455269,1,seoul_show_facilities_deduplicated.csv,951022.5193167276,1950207.4280457888
PFCL_ABEE4B62E15D,공연,매키탄 호텔,서울특별시 중구 퇴계로 212 (필동2가),37.5610813,126.9953564,1,seoul_show_facilities_deduplicated.csv,955430.7250428178,1951422.5308561656
PFCL_4C27305543A1,공연,맥거핀 서교,서울특별시 마포구 양화로7길 28(서교동),37.5519656,126.9146894,1,seoul_show_facilities_deduplicated.csv,948299.9935580532,1950452.4989380462
PFCL_A03A7A7BDF69,공연,명동난타극장,서울특별시 중구 명동길 26 (명동2가),37.5634096,126.9837369,1,seoul_show_facilities_deduplicated.csv,954405.9221539459,1951686.4176624895
PFCL_711AD7BB3FD6,공연,명동대성당,서울특별시 중구 명동길 74 (명동2가) 명동성당,37.563177,126.9873604,1,seoul_show_facilities_deduplicated.csv,954725.7951359989,1951658.8600977962
PFCL_DFFC4EC3F4B7,공연,명륜아트홀,서울특별시 종로구 성균관로 48-2 (명륜1가),37.586808,126.9967585,1,seoul_show_facilities_deduplicated.csv,955569.8444010937,1954276.119287842
PFCL_DB8AD1E10EAA,공연,명보아트홀,서울특별시 중구 마른내로 47 (초동),37.564429,126.993001,1,seoul_show_facilities_deduplicated.csv,955224.7022910706,1951795.0608436947
PFCL_020C1BD6B0A4,공연,명화라이브홀,서울특별시 영등포구 버드나루로 30 (영등포동2가),37.5215623,126.9124118,1,seoul_show_facilities_deduplicated.csv,948077.7364321742,1947080.6643788714
PFCL_FA528DB30F9E,공연,모두예술극장,서울특별시 서대문구 충정로 7 (충정로3가),37.5601124,126.9622821,1,seoul_show_facilities_deduplicated.csv,952509.0218669458,1951331.2346044823
PFCL_B08C121DBC50,공연,모스크바홀,서울특별시 서초구 효령로 242 (서초동),37.4836706,127.0105919,1,seoul_show_facilities_deduplicated.csv,956731.6254404549,1942827.153119371
PFCL_DDC5295D3721,공연,모차르트홀,서울특별시 서초구 명달로 104 (서초동),37.4855919,127.0042035,1,seoul_show_facilities_deduplicated.csv,956167.9483726623,1943043.2638014324
PFCL_A9070C12273F,공연,무신사 개러지 (구. 왓챠홀),서울특별시 마포구 잔다리로 32(서교동),37.5515788,126.9198284,1,seoul_show_facilities_deduplicated.csv,948753.6564198006,1950406.7714359295
PFCL_3FA62975F0EF,공연,문래레코드,서울특별시 영등포구 도림로 481 (문래동4가),37.5164088,126.8901004,1,seoul_show_facilities_deduplicated.csv,946102.462516496,1946521.4600932542
PFCL_CDDAC2164ABA,공연,문화공간 아이원,서울특별시 금천구 시흥대로 167 (시흥동),37.4488043,126.9024155,1,seoul_show_facilities_deduplicated.csv,947143.1682691996,1939014.1694456446
PFCL_56EEECF85076,공연,문화비축기지,서울특별시 마포구 증산로 87 (성산동),37.5716073,126.895369,1,seoul_show_facilities_deduplicated.csv,946607.4416368859,1952642.456584878
PFCL_23AC976AB8DD,공연,미마지아트센터,서울특별시 종로구 혜화로 17 (명륜1가),37.5870645,126.9997721,1,seoul_show_facilities_deduplicated.csv,955836.0622420496,1954303.155573784
PFCL_AA548A162370,공연,반포심산아트홀,서울특별시 서초구 사평대로 55 (반포동),37.4988598,126.9905166,1,seoul_show_facilities_deduplicated.csv,954965.884639399,1944521.71318211
PFCL_20B19702BD68,공연,백암아트홀,서울특별시 강남구 테헤란로113길 7 (삼성동),37.5103488,127.0659625,1,seoul_show_facilities_deduplicated.csv,961640.5927796052,1945762.916984518
PFCL_57E3F7947F91,공연,베짱이홀,서울특별시 마포구 독막로15길 3-12 (상수동),37.5484185,126.9215116,1,seoul_show_facilities_deduplicated.csv,948900.1766051764,1950055.2355228516
PFCL_8B1BAD2599E0,공연,보광극장,서울특별시 용산구 장문로19길 4 (보광동),37.5260989,126.9977628,1,seoul_show_facilities_deduplicated.csv,955622.5241747102,1947540.2850606139
PFCL_37D206AD3CE4,공연,보라 아트홀(구. 지구인아트홀),서울특별시 종로구 창경궁로 260 (명륜2가),37.5843848,127.000519,1,seoul_show_facilities_deduplicated.csv,955900.4238410898,1954005.5044124417
PFCL_0E6433C6A6E9,공연,복합문화공간 몽향,서울특별시 서대문구 연세로5다길 10 (창천동),37.5565279,126.935024,1,seoul_show_facilities_deduplicated.csv,950099.189787319,1950947.6742614212
PFCL_EE6E9ABED1B0,공연,복합문화공간에무,서울특별시 종로구 경희궁1가길 7 (신문로2가),37.5720343,126.9689848,1,seoul_show_facilities_deduplicated.csv,953108.4793698303,1952650.545519089
PFCL_29091824E804,공연,본동어울마당 아트홀,서울특별시 동작구 노량진로32길 79 (본동),37.51053,126.956894,1,seoul_show_facilities_deduplicated.csv,952001.3747907403,1945833.071074735
PFCL_D5DA98070EBC,공연,봄날아트홀 (구. 아리랑소극장),서울특별시 종로구 동숭길 39 (동숭동),37.5799517,127.004251,1,seoul_show_facilities_deduplicated.csv,956227.3317163845,1953511.9274576942
PFCL_2B7E5C6C713A,공연,북극곰소극장,서울특별시 종로구 이화장1길 24 (이화동),37.5773694,127.0057571,1,seoul_show_facilities_deduplicated.csv,956358.8080349246,1953224.7330028936
PFCL_ADA1775290CB,공연,북아현아트홀,서울특별시 서대문구 북아현로 51(북아현동),37.5618398,126.9554383,1,seoul_show_facilities_deduplicated.csv,951905.6865749009,1951526.3612992128
PFCL_73D12E3C24E3,공연,북촌창우극장,서울특별시 종로구 창덕궁길 29-6 (원서동),37.5788675,126.9888445,1,seoul_show_facilities_deduplicated.csv,954866.3352698784,1953398.9306397983
PFCL_58A5DE1D3501,공연,브릭스씨어터 (구. 콘텐츠 그라운드),서울특별시 종로구 대학로8길 25 (동숭동),37.5809157,127.0037003,1,seoul_show_facilities_deduplicated.csv,956179.2717915965,1953619.1353987658
PFCL_8975A6C03A88,공연,브이씨어터,서울특별시 종로구 혜화로 18 (혜화동),37.5871701,127.0001984,1,seoul_show_facilities_deduplicated.csv,955873.7618471571,1954314.6710525977
PFCL_F4B399A02C99,공연,블랙박스 1357,서울특별시 종로구 대학로 135-7 (명륜4가),37.583127,127.001154,1,seoul_show_facilities_deduplicated.csv,955955.7478125035,1953865.6594831136
PFCL_43D86E6DE524,공연,블루스퀘어,서울특별시 용산구 이태원로 294 (한남동),37.5408717,127.0024401,1,seoul_show_facilities_deduplicated.csv,956044.482436561,1949177.047446636
PFCL_FA6ABE3EA158,공연,비유아트홀(구. 효천아트센터 그라운드씬),서울특별시 종로구 성균관로 87 (명륜1가),37.5899206,126.9982675,1,seoul_show_facilities_deduplicated.csv,955704.916426824,1954620.73525247
PFCL_441E90089094,공연,산울림소극장,서울특별시 마포구 와우산로 157 (서교동),37.555046,126.9300776,1,seoul_show_facilities_deduplicated.csv,949661.304512678,1950785.9022023664
PFCL_4B53192579BE,공연,살롱 문보우,서울특별시 마포구 잔다리로 113 (서교동),37.5570807,126.9137973,1,seoul_show_facilities_deduplicated.csv,948224.733443652,1951020.485620596
PFCL_64E66A59F14E,공연,삼세영 갤러리,서울특별시 종로구 평창44길 2 (평창동),37.613626,126.978275,1,seoul_show_facilities_deduplicated.csv,953954.4939600305,1957260.3650178523
PFCL_D9194214CB15,공연,삼일로창고극장,서울특별시 중구 삼일대로9길 12 (저동1가),37.5633965,126.9878853,1,seoul_show_facilities_deduplicated.csv,954772.2851486122,1951682.959785335
PFCL_0E11DFF99C7A,공연,삼청각,서울특별시 성북구 대사관로 3,37.5971435,126.9843235,1,seoul_show_facilities_deduplicated.csv,954478.2722508049,1955428.7514548905
PFCL_DF47C2044057,공연,상도어울마당 아트홀,서울특별시 동작구 성대로 180 (상도동),37.4992555,126.9403722,1,seoul_show_facilities_deduplicated.csv,950533.7605712375,1944590.7879644525
PFCL_4255284BEED3,공연,상명아트홀,서울특별시 종로구 동숭길 133 (동숭동),37.5833331,127.0027272,1,seoul_show_facilities_deduplicated.csv,956094.7711781149,1953887.788852672
PFCL_A25E0E7223EB,공연,상상나라극장,서울특별시 광진구 능동로 216 (능동),37.5520117,127.0787724,1,seoul_show_facilities_deduplicated.csv,962793.4146486107,1950380.02102412
PFCL_4462DD7A3AAE,공연,생기 스튜디오,서울특별시 마포구 와우산로 137 (서교동),37.5538644,126.9285846,1,seoul_show_facilities_deduplicated.csv,949528.6364638282,1950655.610073364
PFCL_AF2972DE5969,공연,샤로수길 일대,서울특별시 관악구 관악로14길 104 (봉천동),37.477694,126.958066,1,seoul_show_facilities_deduplicated.csv,952083.9807218164,1942189.522265858
PFCL_56EAE760BA5D,공연,샤롯데씨어터,서울특별시 송파구 올림픽로 240 (잠실동),37.5105162,127.100563,1,seoul_show_facilities_deduplicated.csv,964698.611376057,1945767.9455964088
PFCL_142E8BCED217,공연,샤봉디씨어터,서울특별시 종로구 창경궁로34길 24-6 (명륜2가),37.583975,127.000833,1,seoul_show_facilities_deduplicated.csv,955927.9057355429,1953959.891655453
PFCL_BDD7DA49D8A6,공연,서강대 메리홀,서울특별시 마포구 백범로 35 서강대학교,37.5499528,126.9391127,1,seoul_show_facilities_deduplicated.csv,950455.9695808702,1950216.036816933
PFCL_767BF8393DF7,공연,서교스퀘어,"서울특별시 마포구 양화로 72 (서교동, 서교동 효성 해링턴 타워)",37.5508138,126.916494,1,seoul_show_facilities_deduplicated.csv,948458.6006428433,1950323.7214030128
PFCL_B635787C627B,공연,서대문문화체육회관,서울특별시 서대문구 백련사길 39 (홍은동),37.5808378,126.9317514,1,seoul_show_facilities_deduplicated.csv,949826.4487084313,1953646.4870492762
PFCL_732D7F95B56E,공연,서보아트스페이스(서보미술문화공간)[서울],서울특별시 마포구 월드컵북로12안길 3 (성산동),37.5620777,126.9152742,1,seoul_show_facilities_deduplicated.csv,948358.6281124572,1951574.0665817256
PFCL_79ADAF7D1A87,공연,서소문성지 역사박물관,서울특별시 중구 칠패로 5 (의주로2가),37.5605679,126.9688672,1,seoul_show_facilities_deduplicated.csv,953090.9045630626,1951378.4630172998
PFCL_86AB42AAC402,공연,서연아트홀 (구. 인아소극장),서울특별시 종로구 창경궁로 258 - 9,37.5838644,127.000561,1,seoul_show_facilities_deduplicated.csv,955903.8251102419,1953947.7487529188
PFCL_A76F9D4D195C,공연,서울남산국악당,서울특별시 중구 퇴계로34길 28 (필동2가),37.559311,126.994431,1,seoul_show_facilities_deduplicated.csv,955347.938231962,1951226.5643492253
PFCL_BFBD45036530,공연,서울돈화문국악당,서울특별시 종로구 율곡로 102 - 0,37.5772009,126.9906739,1,seoul_show_facilities_deduplicated.csv,955026.8651027487,1953213.1519917555
PFCL_02BF7D24099E,공연,서울문화예술교육센터 강북,서울특별시 강북구 솔샘로48길 14 (미아동),37.61955,127.017607,1,seoul_show_facilities_deduplicated.csv,957429.1894564439,1957899.04280949
PFCL_AB8E4F8E7754,공연,서울문화예술교육센터 서초,서울특별시 서초구 신반포로19길 6 (반포동),37.5047177,126.9983081,1,seoul_show_facilities_deduplicated.csv,955658.0578432906,1945167.9111783898
PFCL_12D4F96FF5FD,공연,서울문화예술교육센터 은평(서울무용창작센터),서울특별시 은평구 수색로 322-2 (수색동),37.585095,126.893767,1,seoul_show_facilities_deduplicated.csv,946475.6301240018,1954139.77076679
PFCL_9A3A77D5BD64,공연,서울문화재단 대학로극장 쿼드 (예술청),서울특별시 종로구 동숭길 122(동숭동),37.583699,127.0037167,1,seoul_show_facilities_deduplicated.csv,956182.3511819723,1953927.921715675
PFCL_8823794C27C1,공연,서울아트센터,서울특별시 종로구 평창문화로 70 (평창동),37.6057568,126.9678907,1,seoul_show_facilities_deduplicated.csv,953033.0592218877,1956392.4535034841
PFCL_557B0AECCFA3,공연,서울어린이대공원,서울특별시 광진구 능동로 216 (능동),37.5495623,127.0810303,1,seoul_show_facilities_deduplicated.csv,962991.6423738144,1950107.382622466
PFCL_BD4ADBF61487,공연,서울연극창작센터,서울특별시 성북구 성북로 8 (동소문동1가),37.5892179,127.0060408,1,seoul_show_facilities_deduplicated.csv,956390.7709055186,1954539.1363755614
PFCL_034FD121298D,공연,서점 바람길,서울특별시 중랑구 동일로114길 9 (상봉동),37.593368,127.080923,1,seoul_show_facilities_deduplicated.csv,963003.8397974211,1954967.4375982566
PFCL_6521ACCF8041,공연,서초문화예술회관(구. 서초구민회관),서울특별시 서초구 강남대로 201 (양재동) 서초구민회관,37.48181,127.0357439,1,seoul_show_facilities_deduplicated.csv,958954.2989773502,1942609.4701274682
PFCL_ACEF323156D7,공연,선농단역사문화관,서울특별시 동대문구 무학로44길 38 (제기동),37.5811838,127.0318885,1,seoul_show_facilities_deduplicated.csv,958668.3088277426,1953636.104498295
PFCL_3013B80F738E,공연,선돌극장,서울특별시 종로구 혜화로5길 5 (명륜1가),37.5867715,126.99975,1,seoul_show_facilities_deduplicated.csv,955833.9379487198,1954270.6589709162
PFCL_25399D298AE8,공연,선릉아트홀,서울특별시 강남구 테헤란로 337 (역삼동),37.5047895,127.0484597,1,seoul_show_facilities_deduplicated.csv,960090.7609031613,1945153.4270094363
PFCL_85B271D7823B,공연,성균소극장,서울특별시 종로구 성균관로 12-3 (명륜2가),37.5845012,126.9990943,1,seoul_show_facilities_deduplicated.csv,955774.7039764364,1954019.0882524587
PFCL_CF90AAA10DB3,공연,성북마을극장,서울특별시 성북구 동소문로20다길 10 (동선동1가),37.5915775,127.0173297,1,seoul_show_facilities_deduplicated.csv,957388.763862907,1954795.7415399423
PFCL_543DAB172F93,공연,성북미디어문화마루 꿈빛극장,서울특별시 성북구 길음로7길 20 (길음동),37.6037552,127.0222037,1,seoul_show_facilities_deduplicated.csv,957825.9283941617,1956144.6021340983
PFCL_AC5F3AC468FD,공연,성수 소극장(일루미 스튜디오),서울특별시 성동구 성덕정길 135-1 (성수동2가),37.5366733,127.0584054,1,seoul_show_facilities_deduplicated.csv,960986.4177417005,1948686.568455973
PFCL_766A7DE49AEB,공연,성수아트홀(성수문화복지회관),서울특별시 성동구 뚝섬로1길 43 (성수동1가),37.5443376,127.0469275,1,seoul_show_facilities_deduplicated.csv,959976.4707724091,1949541.702645794
PFCL_C59BB8BBEB9C,공연,성신여자대학교 운정그린캠퍼스,서울특별시 강북구 도봉로76가길 55 (미아동),37.5916714,127.0212424,1,seoul_show_facilities_deduplicated.csv,957734.2411423255,1954804.3913300126
PFCL_689586AC7420,공연,세우아트센터,서울특별시 종로구 대학로12길 49 (동숭동),37.5819127,127.003969,1,seoul_show_facilities_deduplicated.csv,956203.5808339112,1953729.622509725
PFCL_AD4FE549CCBE,공연,세종대학교 대양홀,서울특별시 광진구 능동로 209 (군자동),37.5485943,127.0744884,1,seoul_show_facilities_deduplicated.csv,962413.2955970136,1950002.583883735
PFCL_2B83FA4B387F,공연,세종문화회관,서울특별시 종로구 세종대로 175 (세종로),37.5725254,126.9756429,1,seoul_show_facilities_deduplicated.csv,953696.7340274515,1952701.7288090405
PFCL_74B674FB49DD,공연,세티 라이브홀 (SETI LIVE HALL),서울특별시 마포구 와우산로21길 31 (서교동),37.5522263,126.9221353,1,seoul_show_facilities_deduplicated.csv,948957.867440946,1950477.3532746085
PFCL_95ACAF0D5AEB,공연,소극장 성북오름,서울특별시 성북구 동소문로15길 49 (동소문동6가),37.594726,127.013755,1,seoul_show_facilities_deduplicated.csv,957074.9877487905,1955146.681054435
PFCL_99140003F8E6,공연,소극장 창덕궁,서울특별시 종로구 창경궁로 227(명륜4가),37.5824263,126.9977518,1,seoul_show_facilities_deduplicated.csv,955654.9421895246,1953789.5207204362
PFCL_BC995C676BC5,공연,소극장 플랫폼74,서울특별시 종로구 동숭길 74 (동숭동),37.5815333,127.0043015,1,seoul_show_facilities_deduplicated.csv,956232.7165748127,1953687.3749158222
PFCL_810A13889AA3,공연,소극장 혜화당 (구. 까망소극장),서울특별시 종로구 대학로12길 63 (동숭동),37.5812279,127.003911,1,seoul_show_facilities_deduplicated.csv,956198.0585550795,1953653.6742416047
PFCL_95A92B92FDF4,공연,소셜베뉴 라움,서울특별시 강남구 언주로 564 (역삼동) 라움아트센터,37.5081914,127.0395701,1,seoul_show_facilities_deduplicated.csv,959306.898844482,1945534.6534736152
PFCL_03B9A52C32FC,공연,소월아트홀 (성동문화회관),서울특별시 성동구 왕십리로 281,37.559276,127.0359937,1,seoul_show_facilities_deduplicated.csv,959018.7755547272,1951203.747423655
PFCL_9C650AB0FE36,공연,소태산홀,서울특별시 동작구 현충로 75 (흑석동),37.5097591,126.9638593,1,seoul_show_facilities_deduplicated.csv,952616.471511515,1945744.0139027075
PFCL_10E17646FF17,공연,송파어린이문화회관,서울특별시 송파구 중대로 235(오금동),37.5027425,127.1284004,1,seoul_show_facilities_deduplicated.csv,967155.4250016959,1944895.42522815
PFCL_BCBD4E4BD5E9,공연,송해아트홀,서울특별시 구로구 경인로 611-17 (신도림동),37.5069406,126.8835704,1,seoul_show_facilities_deduplicated.csv,945518.511056358,1945474.776062128
PFCL_8B81B58266E6,공연,수상한창고,서울특별시 금천구 금하로24길 7(시흥동),37.4506581,126.9088159,1,seoul_show_facilities_deduplicated.csv,947710.5845509085,1939216.2648409735
PFCL_902D3D7E2EB2,공연,숲세권 라이브,서울특별시 영등포구 도림로126길 1 (문래동3가),37.513979,126.896507,1,seoul_show_facilities_deduplicated.csv,946666.8975296343,1946248.236024146
PFCL_8135BFE3827B,공연,숲세권 라이브 2호점 [독립문],서울특별시 종로구 사직로 8 (교북동),37.57212,126.961099,1,seoul_show_facilities_deduplicated.csv,952412.1697346577,1952664.0181714427
PFCL_FF01CFC30C5F,공연,쉼잉 서울대입구역점,서울특별시 관악구 봉천로 469-17 (봉천동),37.482671,126.952498,1,seoul_show_facilities_deduplicated.csv,951594.8832763185,1942744.5364545786
PFCL_D7AC654C96AC,공연,스카이아트홀,서울특별시 강서구 화곡로63길 65(등촌동),37.5579738,126.8491891,1,seoul_show_facilities_deduplicated.csv,942518.9595236963,1951157.1216524418
PFCL_EFC61A2D8D8F,공연,스케네웨이 [홍대],서울특별시 마포구 와우산로 76 (서교동),37.551129,126.923539,1,seoul_show_facilities_deduplicated.csv,949081.1092161017,1950354.851983945
PFCL_5BDB0251FC76,공연,스케치홀 (구.소극장 선물 1관),서울특별시 종로구 동숭길 145 (동숭동),37.5831766,127.0022799,1,seoul_show_facilities_deduplicated.csv,956055.1858976259,1953870.6350705265
PFCL_627C77702F91,공연,스타스테이지,서울특별시 종로구 대학로12길 15(동숭동),37.5827347,127.002845,1,seoul_show_facilities_deduplicated.csv,956104.8206921973,1953821.3441417546
PFCL_B9C14715E62A,공연,스튜디오 QDA(구. 춤공장),서울특별시 영등포구 도림로126길 1 (문래동3가),37.5176033,126.895289,1,seoul_show_facilities_deduplicated.csv,946561.8414201551,1946651.0235010716
PFCL_55DA1DD4381A,공연,스튜디오 블루,서울특별시 종로구 대학로8가길 80(동숭동),37.5824773,127.003268,1,seoul_show_facilities_deduplicated.csv,956142.0177607434,1953792.5892550037
PFCL_08A2251D31FE,공연,스튜디오 아르카나,서울특별시 동작구 동작대로9길 72-12 (사당동),37.4812333,126.9775754,1,seoul_show_facilities_deduplicated.csv,953811.1289743156,1942572.435558592
PFCL_DF5590CA3BA0,공연,스튜디오 엔텐바흐(Studio ENTENBACH),서울특별시 마포구 동교로 178 (동교동),37.556283,126.921757,1,seoul_show_facilities_deduplicated.csv,948927.2209759122,1950927.629864265
PFCL_49B0DF766E3F,공연,시윤아트홀,서울특별시 종로구 대학로 116 (동숭동),37.5815327,127.0023365,1,seoul_show_facilities_deduplicated.csv,956059.217068218,1953688.2256554242
PFCL_6D09087B26B2,공연,신도시,서울특별시 중구 을지로11길 31 (수표동),37.5678117,126.9907362,1,seoul_show_facilities_deduplicated.csv,955026.720314442,1952171.4360376406
PFCL_0A9D2EEBBA9C,공연,신세계남산,서울특별시 중구 장충단로 180 (장충동1가),37.560478,127.0063084,1,seoul_show_facilities_deduplicated.csv,956397.6419763045,1951350.460562985
PFCL_A9EA7583D71C,공연,신영체임버홀,서울특별시 영등포구 국제금융로8길 16 (여의도동),37.5212571,126.9288713,1,seoul_show_facilities_deduplicated.csv,949531.9882179814,1947037.8463370414
PFCL_F3FAB2463440,공연,심심(XIMXIM),서울특별시 성동구 연무장15길 11 (성수동2가),37.542623,127.059283,1,seoul_show_facilities_deduplicated.csv,961067.0452575446,1949346.2896855033
PFCL_BFC6570ABBD7,공연,쌀롱드무지끄,서울특별시 종로구 창의문로 129 (부암동),37.5923644,126.965995,1,seoul_show_facilities_deduplicated.csv,952857.283448733,1954907.573606115
PFCL_886B3C35C8C6,공연,씨어터 쿰,서울특별시 종로구 창경궁로 253-7 (명륜2가),37.5844442,126.9994928,1,seoul_show_facilities_deduplicated.csv,955809.8543421048,1954012.5768269098
PFCL_876A3C9849F8,공연,씨어터조이 (구. 마당세실극장),서울특별시 종로구 이화장길 78 (동숭동),37.578643,127.0046295,1,seoul_show_facilities_deduplicated.csv,956259.9863888199,1953366.5571722968
PFCL_B2A05C3D6F41,공연,아라아트홀,서울특별시 종로구 대학로8가길 30 (동숭동),37.582294,127.0025606,1,seoul_show_facilities_deduplicated.csv,956079.4511669653,1953772.5834884646
PFCL_6A6A23F67D8E,공연,아람브릿지 [송파방이점],서울특별시 송파구 오금로31길 12 (방이동),37.506787,127.12174,1,seoul_show_facilities_deduplicated.csv,966568.5335665905,1945346.480960216
PFCL_72584A3925E2,공연,"아루또소극장 (구. 소담소극장, 구. 코메디컬센터)",서울특별시 종로구 대학로8가길 48 (동숭동),37.5828996,127.0024036,1,seoul_show_facilities_deduplicated.csv,956065.9449293945,1953839.8453652041
PFCL_B1115B098DDB,공연,아르코 꿈밭극장,서울특별시 종로구 대학로12길 46 (동숭동),37.582042,127.003731,1,seoul_show_facilities_deduplicated.csv,956182.6425765265,1953744.078717604
PFCL_C2D5005476DF,공연,아르코예술극장,서울특별시 종로구 대학로8길 7 (동숭동),37.5811855,127.0029999,1,seoul_show_facilities_deduplicated.csv,956117.5880072555,1953649.3953671167
PFCL_03EB88660E5F,공연,아스가르드 씨어터 (구. 낙산씨어터),서울특별시 종로구 동숭길 140(혜화동),37.5836705,127.0025639,1,seoul_show_facilities_deduplicated.csv,956080.551215997,1953925.2981324124
PFCL_07B0ABCB1EB4,공연,아스트라홀,서울특별시 마포구 동교로22길 14 (서교동),37.555114,126.918816,1,seoul_show_facilities_deduplicated.csv,948666.6556498505,1950799.5370451745
PFCL_9878ABF0866D,공연,아지토 라이브 홀,서울특별시 서대문구 신촌역로 13 (대현동),37.557804,126.942583,1,seoul_show_facilities_deduplicated.csv,950767.6742738177,1951085.265100486
PFCL_8B2821E449E9,공연,아트센터 림,서울특별시 종로구 율곡로3길 77 (소격동),37.579087,126.982033,1,seoul_show_facilities_deduplicated.csv,954265.0280737756,1953426.5772936186
PFCL_111E1CC1FD4D,공연,아트포레스트 아트홀,서울특별시 종로구 대학로12길 22 (동숭동),37.5825141,127.0030633,1,seoul_show_facilities_deduplicated.csv,956123.9656543131,1953796.7676300984
PFCL_E49D66100BA7,공연,아트하우스,서울특별시 종로구 대학로10길 26(동숭동),37.5816067,127.0037204,1,seoul_show_facilities_deduplicated.csv,956181.4515258735,1953695.7891903121
PFCL_CC4FF53C968E,공연,안똔체홉극장,서울특별시 종로구 성균관로3길 23 (명륜3가),37.5830504,126.99701,1,seoul_show_facilities_deduplicated.csv,955589.8166664421,1953859.1121184507
PFCL_E2B0D2BBC4CF,공연,야기스튜디오,서울특별시 강남구 헌릉로569길 37(세곡동),37.4668167,127.0976059,1,seoul_show_facilities_deduplicated.csv,964416.5452871941,1940920.8991538873
PFCL_A6CFC1E04CFB,공연,양천문화회관,서울특별시 양천구 목동서로 367 (신정동),37.5164555,126.8632321,1,seoul_show_facilities_deduplicated.csv,943728.0896754094,1946542.3730624053
PFCL_559B76573E98,공연,언더그라운드 H,서울특별시 마포구 월드컵북로 120 (성산동),37.563906,126.913322,1,seoul_show_facilities_deduplicated.csv,948187.4798707725,1951777.9824313452
PFCL_23CD412EF2CC,공연,언더시티 (UNDER CITY),서울특별시 성동구 성수이로22길 61 (성수동2가),37.5431482,127.0639071,1,seoul_show_facilities_deduplicated.csv,961475.8107201041,1949402.6529696924
PFCL_694F66D2C39C,공연,얼터(alter),서울특별시 영등포구 경인로74길 6 (문래동1가),37.510843,126.893075,1,seoul_show_facilities_deduplicated.csv,946361.3506436578,1945902.26508438
PFCL_8D4DA325B643,공연,업스테이지 (UP Stage),서울특별시 종로구 동숭길 41 (동숭동),37.5801085,127.0042703,1,seoul_show_facilities_deduplicated.csv,956229.1276369004,1953529.3146763279
PFCL_76A14234C396,공연,에스팩토리,서울특별시 성동구 연무장 15길 11 (성수동2가),37.54267,127.059465,1,seoul_show_facilities_deduplicated.csv,961083.1476569066,1949351.4287223776
PFCL_0A5961B328F8,공연,엠피엠지,서울특별시 마포구 서강로 78 (창전동),37.5500559,126.9325997,1,seoul_show_facilities_deduplicated.csv,949880.7305407716,1950230.9276527013
PFCL_7C174A5F6F23,공연,여행자극장,서울특별시 성북구 성북로5길 9-3 (성북동1가),37.5889086,127.0046366,1,seoul_show_facilities_deduplicated.csv,956266.6192159792,1954505.4738594934
PFCL_3F297BED0914,공연,연극실험실 혜화동1번지,서울특별시 종로구 창경궁로35길 7 (혜화동),37.586337,127.0013307,1,seoul_show_facilities_deduplicated.csv,955973.2397533753,1954221.7111412187
PFCL_2CB301232339,공연,연남스페이스,서울특별시 마포구 성미산로22길 16(연남동),37.5621581,126.9208818,1,seoul_show_facilities_deduplicated.csv,948853.9352571212,1951579.9200803563
PFCL_33245B8B2BC9,공연,연세대학교 대강당,서울특별시 서대문구 연세로 50 (신촌동),37.5643122,126.9389179,1,seoul_show_facilities_deduplicated.csv,950448.272294677,1951809.244546162
PFCL_EB4E775F7857,공연,연세대학교 백주년기념관,서울특별시 서대문구 연세로 50 (신촌동),37.5620902,126.9380569,1,seoul_show_facilities_deduplicated.csv,950370.758780442,1951563.1786064936
PFCL_1A353E55A284,공연,연세대학교 음악대학 체임버홀,서울특별시 서대문구 연세로 50(신촌동),37.5638064,126.9429309,1,seoul_show_facilities_deduplicated.csv,950802.3489596569,1951751.0200813205
PFCL_81D3A70B9504,공연,연우소극장,서울특별시 종로구 창경궁로35길 21 (혜화동),37.5869515,127.0017528,1,seoul_show_facilities_deduplicated.csv,956010.8681998828,1954289.6893041453
PFCL_F36160746B29,공연,연희예술극장,서울특별시 서대문구 연희맛로 2-3 (연희동),37.5656012,126.9285411,1,seoul_show_facilities_deduplicated.csv,949532.7114102357,1951957.775037518
PFCL_C6064D0A94F3,공연,열린극장,서울특별시 종로구 창경궁로 258-12 (명륜2가),37.5836706,127.0003428,1,seoul_show_facilities_deduplicated.csv,955884.4454317612,1953926.350002664
PFCL_21D5E615109C,공연,영등포아트홀,서울특별시 영등포구 국회대로 596 (당산동3가),37.526038,126.900089,1,seoul_show_facilities_deduplicated.csv,946991.9881311664,1947584.092527142
PFCL_92A7055BB6B4,공연,영산아트홀,서울특별시 영등포구 여의공원로 101 (여의도동),37.5292309,126.9248721,1,seoul_show_facilities_deduplicated.csv,949184.0033470269,1947924.6492597202
PFCL_5C53D33F59DB,공연,예그린씨어터,서울특별시 종로구 동숭길 130-5 (동숭동),37.5838441,127.0030601,1,seoul_show_facilities_deduplicated.csv,956124.4637,1953944.3263577467
PFCL_A145B38692E4,공연,예림당아트홀,서울특별시 강남구 언주로 337 (역삼동),37.497839,127.0442979,1,seoul_show_facilities_deduplicated.csv,959719.1858216897,1944384.0867349524
PFCL_42F36AE8ECA0,공연,예술가의 집,서울특별시 종로구 동숭길 3 (동숭동),37.5805023,127.0032562,1,seoul_show_facilities_deduplicated.csv,956139.8172586106,1953573.477884488
PFCL_CE21B9D6DEFC,공연,예술공간 혜화,서울특별시 종로구 혜화로 10-3 (혜화동),37.586628,127.000475,1,seoul_show_facilities_deduplicated.csv,955897.8624878948,1954254.397662805
PFCL_B6BBB5CDAD44,공연,예술의전당 [서울],서울특별시 서초구 남부순환로 2406 (서초동),37.4786896,127.0118241,1,seoul_show_facilities_deduplicated.csv,956837.6993188686,1942273.9787638637
PFCL_29A247E9EDE2,공연,예스24 라이브홀 (구. 악스코리아),서울특별시 광진구 구천면로 20 (광장동),37.5456881,127.1079671,1,seoul_show_facilities_deduplicated.csv,965369.2367178709,1949667.299457423
PFCL_3CB16C93F184,공연,예스24 스테이지(구. DCF대명문화공장),서울특별시 종로구 대학로12길 21 (동숭동),37.5827158,127.0032484,1,seoul_show_facilities_deduplicated.csv,956140.4271279913,1953819.0588543229
PFCL_9EC7DF47E738,공연,예스24 원더로크홀,서울특별시 서대문구 신촌로 129 (창천동),37.5565639,126.9403281,1,seoul_show_facilities_deduplicated.csv,950567.695562411,1950948.8655891584
PFCL_022A1D7EB8AC,공연,예스24아트원(구.대학로아트원씨어터),서울특별시 종로구 대학로12길 83 (동숭동),37.5802316,127.0040004,1,seoul_show_facilities_deduplicated.csv,956205.3685410183,1953543.097820548
PFCL_80B4FDB1F8FE,공연,오류아트홀,서울특별시 구로구 경인로20가길 38 (오류동),37.4958396,126.8456366,1,seoul_show_facilities_deduplicated.csv,942157.2328043774,1944265.8192570058
PFCL_696394849AA3,공연,오마이갓 전용관,서울특별시 종로구 동숭길 68 (동숭동),37.5813131,127.0043055,1,seoul_show_facilities_deduplicated.csv,956232.940846092,1953662.9429082382
PFCL_9E0216B04856,공연,옥타바리움 라이브홀,서울특별시 마포구 와우산로18길 16 (서교동),37.5509163,126.9238938,1,seoul_show_facilities_deduplicated.csv,949112.3044128168,1950331.0618480293
PFCL_43E116616C3E,공연,온맘씨어터,서울특별시 마포구 어울마당로 94-8 (서교동),37.5531403,126.9222208,1,seoul_show_facilities_deduplicated.csv,948966.0428942466,1950578.7106733301
PFCL_2EFF97219EFA,공연,온쉼표,서울특별시 송파구 송파대로37길 50 (석촌동),37.5002447,127.1066645,1,seoul_show_facilities_deduplicated.csv,965233.0881110652,1944626.1185719646
PFCL_FA158D9676A8,공연,올래홀 | 틴틴홀,서울특별시 종로구 대학로10길 24 (동숭동),37.5815685,127.0035399,2,seoul_show_facilities_deduplicated.csv,956165.4919447274,1953691.635290307
PFCL_F67D55EE9D9B,공연,올림픽공원,서울특별시 송파구 올림픽로 424 올림픽공원 (방이동),37.52112,127.1283636,1,seoul_show_facilities_deduplicated.csv,967160.2252963802,1946934.3017999947
PFCL_C62586DD0623,공연,올웨이즈 씨어터(구.아티스탄홀),서울특별시 종로구 대학로 132 (동숭동),37.5830591,127.0020855,1,seoul_show_facilities_deduplicated.csv,956037.9526810929,1953857.6899581945
PFCL_7D7883AFD228,공연,용산아트홀,서울특별시 용산구 녹사평대로 150(이태원동 34-87),37.5324851,126.990347,1,seoul_show_facilities_deduplicated.csv,954971.1018754845,1948252.3223989934
PFCL_D2B144F805C9,공연,우리소극장 [대학로],서울특별시 종로구 이화장길 86-11(동숭동),37.5792262,127.0051573,1,seoul_show_facilities_deduplicated.csv,956306.9309546537,1953431.0148112667
PFCL_54C149D01F42,공연,우무지,서울특별시 마포구 독막로8길 7 (합정동),37.547514,126.918374,1,seoul_show_facilities_deduplicated.csv,948622.3985610171,1949956.59581443
PFCL_BA7A3574F7D3,공연,원베일리 인바이트,"서울특별시 서초구 반포대로 333 (반포동, 래미안 원베일리)",37.506544,126.998705,1,seoul_show_facilities_deduplicated.csv,955694.217351891,1945370.3410022622
PFCL_359FB14A6D75,공연,웨스트브릿지 라이브홀,서울특별시 마포구 와우산로25길 6 (서교동),37.553639,126.9261445,1,seoul_show_facilities_deduplicated.csv,949312.9554108208,1950631.9160136627
PFCL_9463A2FF4D93,공연,유니플렉스,서울특별시 종로구 대학로12길 64 (동숭동),37.5811328,127.0036997,1,seoul_show_facilities_deduplicated.csv,956179.3460613635,1953643.2218913136
PFCL_2B10FD06A5A7,공연,윤당아트홀,서울특별시 강남구 언주로 844 (신사동),37.5256519,127.0337152,1,seoul_show_facilities_deduplicated.csv,958799.0368353578,1947474.3378364113
PFCL_1C742C8343AD,공연,은평문화예술회관,서울특별시 은평구 녹번로 16 (녹번동),37.6036744,126.927865,1,seoul_show_facilities_deduplicated.csv,949498.7301969049,1956182.1948912342
PFCL_93038EFCB12F,공연,음악공간 중력장,서울특별시 동작구 현충로 104(흑석동),37.5074916,126.965005,1,seoul_show_facilities_deduplicated.csv,952716.2977052667,1945491.8718999624
PFCL_2D664E77676D,공연,음악의집,"서울특별시 서초구 언남길 15-13 (양재동, 파크하우스)",37.470973,127.040876,1,seoul_show_facilities_deduplicated.csv,959402.1776318697,1941404.954499786
PFCL_BAAB436BFEDB,공연,이들스,서울특별시 종로구 삼일대로 428 (낙원동),37.572217,126.9876446,1,seoul_show_facilities_deduplicated.csv,954756.3629692377,1952661.6666271829
PFCL_D05D8BEC6D12,공연,이화여자대학교 삼성홀,서울특별시 서대문구 이화여대길 52 (대현동),37.5614238,126.9469727,1,seoul_show_facilities_deduplicated.csv,951157.7486185055,1951484.5739381337
PFCL_3BF4FD5C571F,공연,인왕산 수성동계곡,서울특별시 종로구 옥인길 89 (옥인동),37.581966,126.963939,1,seoul_show_facilities_deduplicated.csv,952669.1915304285,1953754.9515216986
PFCL_957853926941,공연,일신홀,서울특별시 용산구 한남대로 98 (한남동),37.5372055,127.0055232,1,seoul_show_facilities_deduplicated.csv,956314.7130324357,1948768.8661010948
PFCL_2C995BBD43DD,공연,자양스테이션(파리뮤직포럼),서울특별시 광진구 자양로11길 18 (자양동),37.5346187,127.0830326,1,seoul_show_facilities_deduplicated.csv,963161.1579275079,1948448.6905513306
PFCL_398729DADCE9,공연,잠실종합운동장,서울특별시 송파구 올림픽로 25 (잠실동),37.5140929,127.0749534,1,seoul_show_facilities_deduplicated.csv,962437.0716984255,1946174.6738170427
PFCL_BEDCC4B8668E,공연,잠실학생체육관,서울특별시 송파구 올림픽로 25 (잠실동),37.5164791,127.0729996,1,seoul_show_facilities_deduplicated.csv,962265.6078816049,1946440.1895810429
PFCL_95F6753A404B,공연,장충체육관,서울특별시 중구 동호로 241 (장충동2가),37.5581719,127.0067176,1,seoul_show_facilities_deduplicated.csv,956432.4395811398,1951094.4209414702
PFCL_250E6839A40F,공연,전태일기념관,서울특별시 종로구 청계천로 105 (관수동),37.5684665,126.9893003,1,seoul_show_facilities_deduplicated.csv,954900.309382971,1952244.7710424424
PFCL_926017C65854,공연,"정극장 (구. M시어터, 구.하모니아트홀)",서울특별시 종로구 대학로12길 69 (동숭동),37.5818321,127.003427,1,seoul_show_facilities_deduplicated.csv,956155.6780629181,1953720.9331473673
PFCL_D2741F450810,공연,제나아트홀 (구. 룸씨어터),서울특별시 종로구 대학로10길 12(동숭동) 지하1층,37.5816149,127.0028075,1,seoul_show_facilities_deduplicated.csv,956100.8521563135,1953697.1251514829
PFCL_316B8F649070,공연,"제이원 씨어터 (구. 서완소극장, 구. 씨어터고리)",서울특별시 종로구 창경궁로34길 18-12,37.5841705,127.000429,1,seoul_show_facilities_deduplicated.csv,955892.3511740592,1953981.7710862118
PFCL_B8118AAD3EC5,공연,종로아이들극장,서울특별시 종로구 성균관로 91 - 0 국민생활관,37.590434,126.9987747,1,seoul_show_facilities_deduplicated.csv,955749.9984647471,1954677.4555615885
PFCL_45625F82D96D,공연,종로아트홀,서울특별시 종로구 삼일대로15길 8 (관철동),37.568922,126.987006,1,seoul_show_facilities_deduplicated.csv,954697.97512963,1952296.4101329886
PFCL_4A7F3DBB2032,공연,지즐소극장,서울특별시 종로구 성균관로4길 42 (명륜2가),37.5847101,126.9996688,1,seoul_show_facilities_deduplicated.csv,955825.5507410388,1954041.9944084024
PFCL_E1AD4A15931A,공연,지지대악,서울특별시 종로구 인사동5길 10 (인사동),37.572865,126.985653,1,seoul_show_facilities_deduplicated.csv,954580.8866890862,1952734.519942537
PFCL_841E4BB66AA1,공연,창동극장,서울특별시 도봉구 노해로 391 (창동),37.6527874,127.0515936,1,seoul_show_facilities_deduplicated.csv,960446.1203305089,1961571.730385387
PFCL_33F94C85A98D,공연,창동역,서울특별시 도봉구 마들로11길 77 (창동),37.6532085,127.0476838,1,seoul_show_facilities_deduplicated.csv,960101.4607808263,1961620.1059703836
PFCL_7C936773BD87,공연,창작공간 BBB,서울특별시 종로구 이화장길 46 (이화동),37.577362,127.004709,1,seoul_show_facilities_deduplicated.csv,956266.256847951,1953224.3993810418
PFCL_A4FBD6968717,공연,창작플랫폼 경험과 상상,"서울특별시 영등포구 선유동2로 56 (당산동5가, 유원제일2차아파트)",37.532918,126.8988554,1,seoul_show_facilities_deduplicated.csv,946887.8651691003,1948348.0885928941
PFCL_F4A72079DA30,공연,초록씨어터,서울특별시 종로구 대학로 128(동숭동),37.5827051,127.0021572,1,seoul_show_facilities_deduplicated.csv,956044.0751437929,1953818.3817744374
PFCL_74A95EFC4F14,공연,충무아트센터,서울특별시 중구 퇴계로 387 (흥인동),37.5660139,127.0148131,1,seoul_show_facilities_deduplicated.csv,957151.9442006551,1951960.728709334
PFCL_CE97DA0FC16E,공연,카페 언플러그드,서울특별시 마포구 와우산로33길 26 (서교동),37.5555046,126.9292123,1,seoul_show_facilities_deduplicated.csv,949585.1847388871,1950837.245380986
PFCL_031501C4E896,공연,컬쳐씨어터(구. 휴먼시어터),서울특별시 종로구 대학로8가길 80 (동숭동),37.5824518,127.0032519,1,seoul_show_facilities_deduplicated.csv,956140.5812733741,1953789.7676673285
PFCL_A2976F71DE8D,공연,케이크샵(Cakeshop),서울특별시 용산구 이태원로 134 (이태원동),37.533901,126.988785,1,seoul_show_facilities_deduplicated.csv,954833.9488851412,1948410.157625032
PFCL_FE5DBB3B3B82,공연,코델아트홀,서울특별시 종로구 동숭길 78 (동숭동) 지하1층,37.5817072,127.0042819,1,seoul_show_facilities_deduplicated.csv,956231.0878064703,1953706.6774272188
PFCL_642C8598C84B,공연,코브하우스,서울특별시 마포구 와우산로 39-15 (상수동),37.548042,126.922146,1,seoul_show_facilities_deduplicated.csv,948955.9590344201,1950013.120084409
PFCL_AB5521EF5DCB,공연,코엑스아티움(Coex Artium),서울특별시 강남구 영동대로 511 (삼성동),37.510489,127.061212,1,seoul_show_facilities_deduplicated.csv,961220.8230436468,1945780.4185263002
PFCL_52F34F424062,공연,콘서트홀 나누,서울특별시 마포구 망원로 66 (망원동),37.5570634,126.9042133,1,seoul_show_facilities_deduplicated.csv,947378.2243934831,1951023.8887254582
PFCL_C06DF078D9E2,공연,콘텐츠박스(구. 르메이에르 씨어터),서울특별시 종로구 동숭길 55 (동숭동),37.5807178,127.004166,1,seoul_show_facilities_deduplicated.csv,956220.2751043476,1953596.96220668
PFCL_C531C45C4553,공연,큐씨어터(구. 수상한흥신소전용관),서울특별시 종로구 대학로8가길 79 (동숭동),37.5824389,127.0035453,1,seoul_show_facilities_deduplicated.csv,956166.4790666354,1953788.199528297
PFCL_12EC7DBAB238,공연,크레디아 클래식 클럽,서울특별시 종로구 자하문로9길 8 (통인동),37.5795854,126.97067,1,seoul_show_facilities_deduplicated.csv,953262.0126373346,1953487.4648739665
PFCL_B21EBBED15C1,공연,크레스트72(CREST72),서울특별시 중구 장충단로 72 (장충동2가),37.5514172,127.0025216,1,seoul_show_facilities_deduplicated.csv,956057.8730520552,1950346.9756075377
PFCL_28D0DA090FED,공연,클래시카 서울,서울특별시 서초구 반포대로30길 32 (서초동),37.491844,127.010374,1,seoul_show_facilities_deduplicated.csv,956717.0769674431,1943734.0386577041
PFCL_CAD4B3E3D487,공연,클럽 A.O.R(All Of Rock),서울특별시 마포구 와우산로 156 (서교동),37.5548494,126.9304125,1,seoul_show_facilities_deduplicated.csv,949690.7528141063,1950763.9110977573
PFCL_362E89235F13,공연,클럽 FF,서울특별시 마포구 와우산로17길 12 (서교동),37.5502781,126.9223051,1,seoul_show_facilities_deduplicated.csv,948971.5375475357,1950261.117900401
PFCL_CE3CEEA1B5DD,공연,클럽 프리버드,서울특별시 마포구 와우산로17길 19-22(서교동),37.5493791,126.921315,1,seoul_show_facilities_deduplicated.csv,948883.466129782,1950161.9162018853
PFCL_80E75D6BD59F,공연,톤스튜디오 서울,서울특별시 마포구 성미산로 64-5 (성산동),37.5593835,126.9154822,1,seoul_show_facilities_deduplicated.csv,948375.1392820599,1951275.0435272548
PFCL_C0B80FC000A3,공연,티오엠씨어터(구. 문화공간필링),서울특별시 종로구 대학로8가길 85 (동숭동),37.5822467,127.0037166,1,seoul_show_facilities_deduplicated.csv,956181.4911191369,1953766.7959303127
PFCL_1E1ED2A7560F,공연,티켓링크 1975 씨어터(구.능동 어린이회관),서울특별시 광진구 광나루로 441 (능동),37.5465004,127.0788059,1,seoul_show_facilities_deduplicated.csv,962793.6342529126,1949768.5601783842
PFCL_BDB28495B0D3,공연,"파랑씨어터 (구. 도향아트홀, 구. 뮤디스홀)",서울특별시 종로구 대학로8가길 36 (동숭동),37.5825016,127.0024545,1,seoul_show_facilities_deduplicated.csv,956070.2051786551,1953795.6653389384
PFCL_580E691E9726,공연,펍지 성수(PUBG 성수),서울특별시 성동구 왕십리로4길 5 (성수동1가),37.545801,127.045555,1,seoul_show_facilities_deduplicated.csv,959856.0109194458,1949704.6438160902
PFCL_CA17AFCE3665,공연,페리지홀,서울특별시 서초구 반포대로 18 (서초동),37.4821798,127.0126517,1,seoul_show_facilities_deduplicated.csv,956912.8765845512,1942660.8141198894
PFCL_5C8417F1FC12,공연,푸르지오아트홀,서울특별시 중구 을지로 170 (을지로4가),37.5661792,126.9973242,1,seoul_show_facilities_deduplicated.csv,955607.5441660456,1951987.185759832
PFCL_2C06BD8BC3EC,공연,프로타주 갤러리(FROTTAGE),서울특별시 마포구 독막로15길 12 (상수동),37.548367,126.922302,1,seoul_show_facilities_deduplicated.csv,948969.9607969626,1950049.0925250375
PFCL_94C43C2DE61D,공연,프리즘홀 (프리즘플러스),서울특별시 마포구 양화로12길 6 (서교동),37.5516588,126.9175099,1,seoul_show_facilities_deduplicated.csv,948548.9173371808,1950416.9134978876
PFCL_F6168B6B9396,공연,플랫폼 엘,서울특별시 강남구 언주로133길 11 (논현동),37.516139,127.034267,1,seoul_show_facilities_deduplicated.csv,958842.5691135359,1946418.6971845867
PFCL_CF1B95A05B6D,공연,플러스씨어터(구. 컬처스페이스 엔유),서울특별시 종로구 대학로12길 73 (동숭동),37.5807747,127.0039649,1,seoul_show_facilities_deduplicated.csv,956202.5521722962,1953603.3687270063
PFCL_29D11F08C8FB,공연,"플렉스라운지 (구. 스테이라운지, 구. 인디팍)",서울특별시 마포구 양화로 100-10 (서교동),37.5524844,126.9189927,1,seoul_show_facilities_deduplicated.csv,948680.4596723566,1950507.699230598
PFCL_000088CFBB28,공연,피오레아트앤엔터(피오레움),서울특별시 서초구 효령로52길 16 (서초동),37.483599,127.012844,1,seoul_show_facilities_deduplicated.csv,956930.6928603147,1942818.1769677417
PFCL_05A681AB4A0D,공연,하땅세극장,서울특별시 성북구 성북로 5-7(성북동1가),37.5887016,127.0051567,1,seoul_show_facilities_deduplicated.csv,956312.4157813527,1954482.2661251181
PFCL_2E7A005E1464,공연,한국문화의집 KOUS,서울특별시 강남구 테헤란로92길 12-9 (대치동),37.5067845,127.0604609,1,seoul_show_facilities_deduplicated.csv,961152.5222730007,1945369.7375663116
PFCL_0089AA0C47EB,공연,한국방송회관 코바코홀 (구. 브로드홀),서울특별시 양천구 목동동로 233 (목동) 한국방송회관,37.5269334,126.8713879,1,seoul_show_facilities_deduplicated.csv,944456.6028742468,1947699.994443119
PFCL_DCB9478879A4,공연,한국콘텐츠진흥원 CKL스테이지,서울특별시 중구 청계천로 40,37.5684894,126.9816134,1,seoul_show_facilities_deduplicated.csv,954221.4915036263,1952251.028713151
PFCL_AE9FDEABBEDC,공연,한바탕 소극장,서울특별시 송파구 송이로32길 19 (문정동),37.4882251,127.1277366,1,seoul_show_facilities_deduplicated.csv,967090.3836935189,1943285.050730133
PFCL_02316E10EA02,공연,한성아트홀(구. 인켈아트홀),서울특별시 종로구 창경궁로 254 (명륜2가),37.5728677,126.9970786,1,seoul_show_facilities_deduplicated.csv,955589.8260565128,1952729.3578330257
PFCL_30198D7535B9,공연,한전아트센터,서울특별시 서초구 효령로72길 60 (서초동),37.4856845,127.0280225,1,seoul_show_facilities_deduplicated.csv,958273.7871889775,1943042.71407289
PFCL_DC8ECF6CAC0C,공연,해피씨어터,서울특별시 종로구 대학로10길 5 (동숭동),37.5818197,127.0025595,1,seoul_show_facilities_deduplicated.csv,956079.075400876,1953719.962661587
PFCL_93852811543A,공연,헤르만아트홀,"서울특별시 성동구 상원6나길 24(성수동1가, 청호 서울숲 뜨레피움 오피스텔)",37.5478713,127.0500545,1,seoul_show_facilities_deduplicated.csv,960254.5814727492,1949932.420344569
PFCL_7D213B800F1A,공연,현대백화점 문화홀 [압구정],서울특별시 강남구 압구정로29길 21,37.527346,127.027355,1,seoul_show_facilities_deduplicated.csv,958237.9901822868,1947665.0931955758
PFCL_997133E7AE83,공연,현대카드 언더스테이지,서울특별시 용산구 이태원로 246 (한남동),37.5365851,127.0006662,1,seoul_show_facilities_deduplicated.csv,955885.2458601843,1948702.3036189831
PFCL_FD62B06C25D3,공연,홍대난타극장(구. 뮤직쇼웨딩 전용관),서울특별시 마포구 양화로16길 29 (서교동),37.554702,126.9222449,1,seoul_show_facilities_deduplicated.csv,948969.2365426336,1950751.9605864186
PFCL_57117410ECF3,공연,홍대우주정거장,서울특별시 마포구 와우산로29길 16(서교동),37.5550169,126.92902,1,seoul_show_facilities_deduplicated.csv,949567.8710236583,1950783.2406070498
PFCL_3E5525E0B5FD,공연,홍익대 대학로 아트센터,서울특별시 종로구 대학로 57 (연건동),37.5769696,127.0020331,1,seoul_show_facilities_deduplicated.csv,956029.7450386918,1953182.113484082
PFCL_9A17668CD299,공연,후암스테이지 | 후암씨어터(콘텐츠룸),서울특별시 종로구 대학로11길 23 (명륜4가),37.5820588,127.0004181,2,seoul_show_facilities_deduplicated.csv,955890.1428378597,1953747.493017967
PFCL_F90665B0627F,공연,후케즈,서울특별시 영등포구 경인로 715(문래동2가),37.511907,126.893168,1,seoul_show_facilities_deduplicated.csv,946370.3311752253,1946020.2569991634
SFCL_1C80349E9846,스포츠관람,서울월드컵경기장(상암),서울특별시 마포구  월드컵로 240 월드컵주경기장,37.5682553,126.8972733,1,대형_스포츠관람시설_위경도.csv,946773.2189836159,1952269.4867068708
SFCL_488278EDA0DB,스포츠관람,고척스카이돔,서울특별시 구로구  경인로 430 고척스카이돔,37.4982889,126.8671719,1,대형_스포츠관람시설_위경도.csv,944062.7036236373,1944524.538576639
SFCL_68BB85CF8D1A,스포츠관람,잠실야구장,서울특별시 송파구  올림픽로 25 서울종합운동장,37.5148022,127.0736261,1,대형_스포츠관람시설_위경도.csv,962320.12937505,1946253.8969322587
SFCL_8C7B0FBC31A7,스포츠관람,잠실실내체육관,서울 송파구 올림픽로 25 잠실실내체육관,37.5148022,127.0736261,1,대형_스포츠관람시설_위경도.csv,962320.12937505,1946253.8969322587
