facility_id,facility_category,facility_name,address,latitude,longitude,source_record_count,source_dataset,x_epsg5179,y_epsg5179,walk_node_id,walk_snap_distance_m,walk_node_x_epsg5179,walk_node_y_epsg5179,walk_node_elevation_m,walk_snap_time_elderly_min
PFCL_E315051EA93F,공연,BRST STUDIO,서울특별시 마포구 와우산로18길 30 (서교동),37.5514862,126.9240873,1,seoul_show_facilities_deduplicated.csv,949129.7838500834,1950394.184709942,13675095812,9.818229837702813,949125.9614040047,1950403.2283012155,24.839624009186693,0.16363716396171354
PFCL_14B771519071,공연,CJ아지트 광흥창,서울특별시 마포구 창전로 14 (신정동) CJ아지트,37.5442311,126.930447,1,seoul_show_facilities_deduplicated.csv,949686.6629305863,1949585.8453510609,3868066288,32.34277441504083,949679.8280670637,1949554.2330164826,12.341916138984862,0.5390462402506805
PFCL_7EED71137A5D,공연,entry55 [성수],서울특별시 성동구 성수일로8길 60 (성수동2가),37.5448753,127.0568179,1,seoul_show_facilities_deduplicated.csv,960850.4549328096,1949597.1931750367,9579799131,31.045756499471874,960881.4990431445,1949597.512878237,12.966415204248886,0.517429274991198
PFCL_A22018923D6A,공연,et theatre 1 (구. 눈빛극장),서울특별시 종로구 혜화로 17 (명륜1가),37.5871099,126.9997845,1,seoul_show_facilities_deduplicated.csv,955837.1838394832,1954308.1866636544,3809237871,19.383504502291117,955853.1523093694,1954319.1743029042,38.05252353772319,0.3230584083715186
PFCL_1F2DF531F2D9,공연,GB가빈아트홀,서울특별시 강남구 삼성로 534 (삼성동),37.5096777,127.0555363,1,seoul_show_facilities_deduplicated.csv,960718.7886315581,1945692.7641724532,917142647,36.39909103370494,960702.6374692814,1945660.144641721,20.30317088477485,0.6066515172284157
PFCL_1C7633D3AFFF,공연,GB성암아트홀,서울특별시 강남구 선릉로111길 6 (논현동),37.5110252,127.0429998,1,seoul_show_facilities_deduplicated.csv,959611.5466223652,1945847.5681999233,4182358248,38.28247957380588,959585.9372442841,1945819.1128314207,50.4661643390776,0.638041326230098
PFCL_E07B5C9C7026,공연,H-스테이지,서울특별시 마포구 와우산로 97(서교동),37.553094,126.9243535,1,seoul_show_facilities_deduplicated.csv,949154.3897544078,1950572.418191056,13227384270,16.22772657853756,949140.4268255102,1950564.1492294217,22.281582474262045,0.27046210964229267
PFCL_5A143DD8774F,공연,JCC 아트센터,서울특별시 종로구 창경궁로35길 29 (혜화동) JCC 아트센터,37.5869508,127.0017267,1,seoul_show_facilities_deduplicated.csv,956008.5634622215,1954289.6238658244,3809237864,15.624338609818777,956017.6695423413,1954276.9274386952,39.77444386775914,0.2604056434969796
PFCL_E1953F4474D8,공연,JS 아트홀 (JS ART HALL) [서울 양천],서울특별시 양천구 등촌로 36 (목동),37.5331993,126.8639849,1,seoul_show_facilities_deduplicated.csv,943807.1769623185,1948399.5621147,2825796688,30.113696820616415,943788.3659351855,1948423.0776413665,15.73930747677611,0.5018949470102736
PFCL_1A3DB9E0B6A7,공연,JS아트홀 (구. 고스트씨어터 구.다소니씨어터),서울특별시 종로구 동숭길 94 (동숭동),37.5824158,127.004328,1,seoul_show_facilities_deduplicated.csv,956235.5729940428,1953785.2717617385,2817787436,29.366599792487346,956225.4850271674,1953812.851285079,32.971665472637994,0.4894433298747891
PFCL_30194A05431E,공연,JTN 아트홀(구. 대학로예술마당),서울특별시 종로구 이화장길 26 (이화동),37.5767066,127.0037621,1,seoul_show_facilities_deduplicated.csv,956182.2618408073,1953152.1271182029,3844457952,40.96503244986517,956220.3296008408,1953167.2591877787,25.719936819186824,0.6827505408310862
PFCL_0BDC35F14C34,공연,KBS [본관],서울특별시 영등포구 여의공원로 13 (여의도동),37.5262735,126.915486,1,seoul_show_facilities_deduplicated.csv,948352.6386911633,1947601.6541581012,7706514147,84.32808076662027,948392.378213274,1947676.03154437,13.516424108425333,1.4054680127770045
PFCL_CD5305D56C58,공연,KBS스포츠월드(아레나),서울특별시 강서구 공항대로 376 (화곡동) kbs스포츠월드,37.5567802,126.8476094,1,seoul_show_facilities_deduplicated.csv,942378.5162563289,1951025.664264312,5790285168,66.70780769951324,942436.5816721601,1951058.5023381354,11.969732516748541,1.1117967949918872
PFCL_E6655E091DB5,공연,KOCCA콘텐츠문화광장,서울특별시 동대문구 회기로 66 (청량리동),37.590963,127.044576,1,seoul_show_facilities_deduplicated.csv,959793.812333956,1954715.553061704,5282980816,16.275033951073596,959810.0612319828,1954714.6310839253,26.734750066219878,0.2712505658512266
PFCL_3B9CB6426447,공연,KT&G 상상마당 대치아트홀,서울특별시 강남구 영동대로 416 (대치동),37.5065437,127.0653516,1,seoul_show_facilities_deduplicated.csv,961584.6523841226,1945341.0145809813,6578094128,32.52458383999128,961615.9798381216,1945332.2716306837,31.483958469768986,0.542076397333188
PFCL_FCCEC406FB3F,공연,KT&G 상상마당 라이브홀 [마포],서울특별시 마포구 어울마당로 65 (서교동),37.550925,126.921142,1,seoul_show_facilities_deduplicated.csv,948869.2405971403,1950333.5202471144,436869362,16.776655947464732,948871.5056087647,1950316.8971936307,19.16140456958616,0.27961093245774554
PFCL_B316B6619803,공연,LDK,서울특별시 용산구 대사관로20길 8 (한남동),37.533128,127.0035086,1,seoul_show_facilities_deduplicated.csv,956134.3407215285,1948317.4281643936,1378747149,20.104930541354605,956141.7787548283,1948298.7497305004,21.159091474286626,0.3350821756892434
PFCL_459F7B1EBAC0,공연,LG아트센터 서울,서울특별시 강서구 마곡중앙로 136(마곡동),37.565363,126.8293888,1,seoul_show_facilities_deduplicated.csv,940775.9830325493,1951989.215630703,5974887987,74.04186594354488,940785.6512977199,1951915.8077117773,9.793594257699542,1.2340310990590813
PFCL_90AACA683084,공연,M극장,서울특별시 강남구 논현로4길 36 (개포동),37.4736304,127.0529192,1,seoul_show_facilities_deduplicated.csv,960468.4972354702,1941694.651024585,3559120472,17.11339050753016,960455.5965420817,1941705.8955897058,32.23667127035687,0.28522317512550266
PFCL_62034B09DBC1,공연,NCM STUDIO,서울특별시 관악구 난곡로 60 (신림동),37.460887,126.919341,1,seoul_show_facilities_deduplicated.csv,948648.5179896065,1940345.303719303,10598428029,41.44216452154972,948651.7655896168,1940303.9889992338,83.8589251961109,0.6907027420258287
PFCL_4E095C63A099,공연,NC문화재단 홀,서울특별시 종로구 이화장길 100 (동숭동),37.5798042,127.0046166,1,seoul_show_facilities_deduplicated.csv,956259.5266619825,1953495.392753012,8958971468,18.44364415510704,956245.9949251931,1953482.860390538,29.44782487872806,0.30739406925178403
PFCL_84C2E250A15D,공연,NH아트홀,서울특별시 중구 통일로 120 (충정로1가),37.5658125,126.9675261,1,seoul_show_facilities_deduplicated.csv,952975.7558242208,1951960.995754505,10974501533,33.20377839784861,952943.3313130961,1951968.1471164883,34.93875941137562,0.5533963066308102
PFCL_C429193EF930,공연,NOL 서경스퀘어(구. 서경대학교 공연예술센터),서울특별시 종로구 동숭길 148 (혜화동),37.583521,127.002139,1,seoul_show_facilities_deduplicated.csv,956042.9479483557,1953908.9105534675,3546582968,41.09135838018479,956083.4159236749,1953916.0409606851,31.228842142740433,0.6848559730030799
PFCL_1827788C997D,공연,NOL 씨어터 대학로 (구. 대학로뮤지컬센터),서울특별시 종로구 동숭길 100,37.5820171,127.0035363,1,seoul_show_facilities_deduplicated.csv,956165.4371092699,1953741.4070137606,2817787433,30.75878200437063,956154.1692703576,1953712.7864184377,29.147814082198867,0.5126463667395105
PFCL_B5383809E2FC,공연,"NOL 씨어터 합정(구, 신한카드 SOL페이 스퀘어)","서울특별시 마포구 양화로 45 (서교동, 메세나폴리스)",37.5515008,126.9139502,1,seoul_show_facilities_deduplicated.csv,948234.3785519619,1950401.3384467873,3120041225,25.856337592006273,948208.5224752098,1950401.2223060841,17.182732775179563,0.4309389598667712
PFCL_ED336FC25828,공연,R&J씨어터(구. 연진아트홀),서울특별시 종로구 낙산길 14 (동숭동),37.5802937,127.0052653,1,seoul_show_facilities_deduplicated.csv,956317.090772723,1953549.3986040442,3829502616,34.50717913694188,956289.8563461589,1953570.5889655729,30.96806170565322,0.5751196522823646
PFCL_5CF256766E18,공연,SCC 선 아트홀,서울특별시 서초구 동산로 44(양재동),37.4710999,127.0438459,1,seoul_show_facilities_deduplicated.csv,959664.8592845014,1941417.7570622852,2952016439,37.771775523234446,959688.3119527292,1941447.3658342822,19.645945876702704,0.6295295920539075
PFCL_5374E5B86E3E,공연,SH아트홀 | 지인시어터(구. 알과핵소극장),서울특별시 종로구 동숭길 25 (동숭동),37.5798541,127.0035752,2,seoul_show_facilities_deduplicated.csv,956167.6036552277,1953501.4143005963,3546582977,21.336435580133916,956150.2490612287,1953489.002147262,27.537712740239783,0.3556072596688986
PFCL_AB21273E30DB,공연,TOUCH FIVE 전용관,서울특별시 마포구 와우산로 76-1 (서교동),37.551274,126.9235668,1,seoul_show_facilities_deduplicated.csv,949083.6634597377,1950370.9239605197,436864022,34.54952160102778,949052.932329493,1950355.1357662992,22.552216009349998,0.5758253600171296
PFCL_12622CCC7742,공연,Vel.R 벨르 (구. 벨로주 [홍대]),서울특별시 마포구 잔다리로 46 (서교동),37.5524309,126.9188172,1,seoul_show_facilities_deduplicated.csv,948664.9211742611,1950501.8594938614,1800575478,28.146635313064206,948691.8773883402,1950509.9586050455,14.538024416470854,0.4691105885510701
PFCL_7D108EA03409,공연,XSCALA(엑스칼라),서울특별시 중구 남대문시장10길 2 (회현동1가),37.560373,126.979601,1,seoul_show_facilities_deduplicated.csv,954038.7897002498,1951351.5366502265,10316028054,28.022711307235614,954041.8673870864,1951379.3898402187,36.39456951583675,0.4670451884539269
PFCL_6AE89F59C8FE,공연,감마홀 [홍대],서울특별시 마포구 와우산로21길 19-11 (서교동),37.551855,126.922929,1,seoul_show_facilities_deduplicated.csv,949027.7217960524,1950435.7286943796,5812155920,28.136588513535678,949038.7809268107,1950461.6007495753,24.043073637622612,0.4689431418922613
PFCL_211D39CAC51A,공연,강남씨어터,서울특별시 강남구 역삼로7길 16 (역삼동),37.495188,127.0332163,1,seoul_show_facilities_deduplicated.csv,958738.1872791491,1944094.7756686697,3827170768,46.249872473628365,958784.1956556066,1944099.495838113,21.108505880458026,0.7708312078938061
PFCL_20C84BA94148,공연,강동구민회관,서울특별시 강동구 상암로 168 (천호동) 강동구민회관,37.5457299,127.1412042,1,seoul_show_facilities_deduplicated.csv,968305.3096144316,1949660.2134324065,3847039888,31.97834985190727,968295.8645097648,1949629.6617572138,26.14449283400736,0.5329724975317879
PFCL_66E4967E3085,공연,강동아트센터,서울특별시 강동구 동남로 870 (상일동),37.5512621,127.1576191,1,seoul_show_facilities_deduplicated.csv,969757.5808177425,1950268.5712008912,4631572390,44.46967382145504,969768.2795751785,1950225.4076922396,36.61119598355749,0.741161230357584
PFCL_F81F20C0A040,공연,강북문화예술회관,서울특별시 강북구 삼각산로 85 (수유동),37.6407764,127.0131584,1,seoul_show_facilities_deduplicated.csv,957048.8193398532,1960256.05658875,3840934554,36.857312081710056,957038.6011815504,1960291.4691669503,48.006434071940134,0.6142885346951676
PFCL_CC555305A1BB,공연,갤러리 디 아르테 청담,"서울특별시 강남구 영동대로131길 14 (청담동, 청담동테라스)",37.5205582,127.0551411,1,seoul_show_facilities_deduplicated.csv,960689.5687509101,1946900.0532343702,7483745457,12.573012218639938,960685.6681926583,1946888.100565983,31.019679742080072,0.20955020364399898
PFCL_3225052CE374,공연,거암아트홀,서울특별시 강남구 강남대로 652(신사동),37.5195101,127.019106,1,seoul_show_facilities_deduplicated.csv,957504.6755171492,1946799.440873715,596131836,33.73237779890055,957530.4054767474,1946821.25468794,17.993480262711298,0.5622062966483425
PFCL_1B6192C44AFD,공연,건설회관,서울특별시 강남구 언주로 711 (논현동),37.5173236,127.034148,1,seoul_show_facilities_deduplicated.csv,958832.7036308574,1946550.173409916,1326157602,47.39742943890313,958860.7407299972,1946511.9577404957,51.018955368562466,0.7899571573150522
PFCL_C94B83B86C3E,공연,경복궁아트홀,서울특별시 종로구 자하문로 82 (효자동),37.5833005,126.9706998,1,seoul_show_facilities_deduplicated.csv,953266.9662129416,1953899.6233069396,3240687699,23.908955190158146,953249.6383542174,1953916.09702693,44.47355938257645,0.39848258650263574
PFCL_79FB0E54A758,공연,경향아트힐,서울특별시 중구 정동길 3 (정동),37.5681269,126.9699522,1,seoul_show_facilities_deduplicated.csv,953191.4613226797,1952216.5559338024,5863307786,55.162397591785265,953164.1337983569,1952264.473535187,47.46985527967635,0.919373293196421
PFCL_BA4FF2813D55,공연,경희대학교 평화의전당,서울특별시 동대문구 경희대로 26 (회기동),37.598682,127.052773,1,seoul_show_facilities_deduplicated.csv,960521.549929865,1955568.4624389487,3356208823,94.78453662503904,960573.5739136075,1955489.2310468191,61.13824681378694,1.579742277083984
PFCL_FE41F5C2E650,공연,고라니 특공대,서울특별시 마포구 토정로 136(상수동),37.5452785,126.9263242,1,seoul_show_facilities_deduplicated.csv,949323.1677179469,1949704.26330642,3110425407,29.398266704886577,949315.5493109658,1949732.6572839562,18.663662700878486,0.48997111174810964
PFCL_573C75AB5716,공연,고려대학교 화정체육관,서울특별시 성북구 안암로 145 (안암동5가),37.59294,127.024903,1,seoul_show_facilities_deduplicated.csv,958058.1207362483,1954943.4955831033,4456958534,84.27697208730257,958127.8652215167,1954990.806414832,101.4084592216816,1.4046162014550427
PFCL_0D40915D802C,공연,공간 서론,서울특별시 성북구 동소문로 24 (동소문동2가),37.589381,127.008781,1,seoul_show_facilities_deduplicated.csv,956632.7858623539,1954555.962827559,5194568315,15.193222071653185,956635.7772600452,1954570.8586503551,38.17419100816167,0.2532203678608864
PFCL_EFA5A1206205,공연,공간아울,서울특별시 종로구 대학로 120 (동숭동),37.5818372,127.0022796,1,seoul_show_facilities_deduplicated.csv,956054.3720850777,1953722.0351044273,3673886586,18.78193043636085,956071.3175001907,1953713.9348687786,28.66265910396713,0.31303217393934746
PFCL_1F88F526CCAC,공연,공감센터,서울특별시 중구 퇴계로88길 38 (신당동),37.5640044,127.020198,1,seoul_show_facilities_deduplicated.csv,957626.3627042229,1951735.3433477327,1326096592,29.846196818337948,957647.5932100583,1951714.3657147277,26.397108279892915,0.4974366136389658
PFCL_1B91E892C289,공연,광림아트센터,서울특별시 강남구 논현로163길 33 (신사동),37.5238342,127.0251165,1,seoul_show_facilities_deduplicated.csv,958038.2324008651,1947276.475906036,596131817,34.19260169070535,958006.1000846622,1947288.1655709508,14.39093537180017,0.5698766948450892
PFCL_42027E6B3947,공연,광복극장,서울특별시 종로구 성균관로 15-10 (명륜3가),37.583886,126.997156,1,seoul_show_facilities_deduplicated.csv,955603.2036883521,1953951.749014287,3817106925,24.288452286336366,955626.2802597074,1953959.3253438042,35.30131812004737,0.4048075381056061
PFCL_4995D079D986,공연,광야아트센터,서울특별시 강남구 선릉로 806 (청담동),37.5238653,127.0396166,1,seoul_show_facilities_deduplicated.csv,959319.5178379508,1947273.556619243,1905044368,29.075585324496775,959298.8700252635,1947294.0275130484,18.574055935163976,0.4845930887416129
PFCL_ACB9E2AE074D,공연,광운대학교 동해문화예술관,서울특별시 노원구 광운로 20(월계동),37.6193203,127.0583381,1,seoul_show_facilities_deduplicated.csv,961023.5769040757,1957855.8648360062,436822782,38.57691673330785,960985.7603829122,1957848.243206801,20.987087841449142,0.6429486122217974
PFCL_D4401854F290,공연,구로구민회관,서울특별시 구로구 가마산로25길 21 (구로동),37.497057,126.8895588,1,seoul_show_facilities_deduplicated.csv,946040.6725603616,1944374.796407696,2589375635,63.870352989659615,946032.9511609365,1944438.1983160423,9.900589971346148,1.0645058831609935
PFCL_7341B8ED3B2F,공연,구로아트밸리,서울특별시 구로구 가마산로25길 9-24 (구로동),37.4965397,126.8889682,1,seoul_show_facilities_deduplicated.csv,945988.093977333,1944317.7437120012,2589375653,45.987968907399235,945987.5567714297,1944271.7588808713,11.630169647158827,0.766466148456654
PFCL_ED04940D3822,공연,구로창의아트홀,서울특별시 구로구 경인로 416 (고척동),37.4982916,126.8658154,1,seoul_show_facilities_deduplicated.csv,943942.7998539686,1944525.645206424,11702912118,65.25048934575243,943968.8733507958,1944585.4599130023,13.296062173210709,1.0875081557625406
PFCL_3B1E557F71D5,공연,구름아래소극장,서울특별시 마포구 와우산로29가길 15 (서교동),37.5541887,126.928539,1,seoul_show_facilities_deduplicated.csv,949524.8274542569,1950691.6140518335,3743674773,14.27377505748191,949525.6119094171,1950705.866254628,16.97800665520093,0.23789625095803182
PFCL_4530B22A41D1,공연,국립국악원,서울특별시 서초구 남부순환로 2364 (서초동) 국립국악원,37.4786094,127.0113069,1,seoul_show_facilities_deduplicated.csv,956791.9243701384,1942265.318314462,4366877881,103.84556176546117,956689.4645335596,1942282.2263772318,59.80270376092672,1.7307593627576863
PFCL_53A410152DA8,공연,국립극단 [명동],서울특별시 중구 명동길 35 (명동1가),37.563999,126.9841738,1,seoul_show_facilities_deduplicated.csv,954444.8664141246,1951751.5967788873,2087933444,15.567000681184247,954432.2605666182,1951760.7304593532,28.974703022102375,0.2594500113530708
PFCL_AD40F72F6441,공연,국립극장,서울특별시 중구 장충단로 59 (장충동2가),37.5523153,126.999636,1,seoul_show_facilities_deduplicated.csv,955803.5174915502,1950447.9678184206,2517106544,38.53875558222325,955768.5751852817,1950431.7114069327,96.54084040452872,0.6423125930370542
PFCL_79560237FF1B,공연,국립정동극장,서울특별시 중구 정동길 43 (정동),37.5659672,126.9728593,1,seoul_show_facilities_deduplicated.csv,953446.8452174806,1951975.5036295864,2463671575,17.755784270117502,953432.4372816151,1951985.8804913058,37.34131055821853,0.2959297378352917
PFCL_F1EBC473C5EA,공연,국립정동극장 세실 (구.세실극장),서울특별시 중구 세종대로19길 16 (정동),37.5667701,126.9760823,1,seoul_show_facilities_deduplicated.csv,953731.9753428305,1952062.9897117019,7176684827,54.45775222158141,953680.1297365075,1952046.3259821665,40.30244288002597,0.9076292036930235
PFCL_C02290153799,공연,국립중앙박물관 극장 용,서울특별시 용산구 서빙고로 137 (용산동6가),37.5234203,126.9799399,1,seoul_show_facilities_deduplicated.csv,954046.0458264076,1947251.6677370402,12830606995,17.31866510105055,954053.7096847361,1947236.1370758694,19.359336489703175,0.2886444183508425
PFCL_E71AA7CBC94A,공연,굿씨어터,서울특별시 종로구 대학로 144 (혜화동),37.586755,127.0003554,1,seoul_show_facilities_deduplicated.csv,955887.3781049125,1954268.543885322,436865152,25.282827356411776,955883.2370082597,1954243.6025004839,35.24882332302671,0.42138045594019624
PFCL_A10246604AB2,공연,그랜드하얏트서울,서울특별시 용산구 소월로 322 (한남동),37.5395421,126.997814,1,seoul_show_facilities_deduplicated.csv,955635.0122345041,1949031.708253567,11301230196,61.56106644879225,955671.3406247089,1949081.4074785856,100.83252026208181,1.0260177741465375
PFCL_CCF3C767CA12,공연,극장 PLOT,서울특별시 서대문구 연세로4길 27(창천동),37.5576008,126.9381984,1,seoul_show_facilities_deduplicated.csv,950380.2785636701,1951065.0267252745,3618648887,46.071141945221925,950342.6604623947,1951091.6242547946,20.093279889757532,0.7678523657536988
PFCL_73B41BF13CC5,공연,극장 동국,서울특별시 종로구 창경궁로 259,37.5845149,127.0000258,1,seoul_show_facilities_deduplicated.csv,955856.9553587165,1954020.1700547123,12194128583,37.5498894868652,955869.3751460586,1953984.7335892727,33.58554222658938,0.6258314914477533
PFCL_6DCE93C5D257,공연,극장 봄 (봄소극장),서울특별시 성북구 삼선교로 14 (삼선동1가),37.5875069,127.0073524,1,seoul_show_facilities_deduplicated.csv,956505.5707192691,1954348.7006895188,3809204242,17.303664539260424,956520.0119840392,1954358.2330910172,40.650991654203445,0.2883944089876737
PFCL_8F07F4369E2A,공연,극장 온 (ON) (구.CJ아지트),서울특별시 종로구 대학로12길 69 (동숭동),37.5809629,127.0039499,1,seoul_show_facilities_deduplicated.csv,956201.3379899869,1953624.25561464,3546582972,15.056251867101098,956190.6069982323,1953613.6945286992,28.63257226570454,0.25093753111835165
PFCL_6A35E496E159,공연,금나래아트홀,서울특별시 금천구 시흥대로73길 70 (시흥동),37.4564588,126.8959125,1,seoul_show_facilities_deduplicated.csv,946573.411993579,1939867.0533274682,5436500840,38.78502703328055,946611.7724457264,1939872.7764413948,18.628431254304175,0.6464171172213425
PFCL_1406328C204C,공연,금천뮤지컬센터,서울특별시 금천구 시흥대로115길 48(독산동),37.4687771,126.8944749,1,seoul_show_facilities_deduplicated.csv,946455.0521080695,1941234.5057132933,2824487522,67.23432978260504,946388.1523400904,1941241.2046793068,16.016153776417227,1.1205721630434173
PFCL_506BADB0E82C,공연,금호아트홀 연세,서울특별시 서대문구 연세로 50 (신촌동) 연세대학교 백양누리 B1 금호아트홀 연세,37.564089,126.9389809,1,seoul_show_facilities_deduplicated.csv,950453.6883325243,1951784.448354472,13253785264,18.37574351762964,950445.2975956814,1951768.1001593098,37.64855101446986,0.306262391960494
PFCL_1EA09E7549B0,공연,김희수아트센터,서울특별시 동대문구 홍릉로 118 (청량리동),37.5905713,127.0429186,1,seoul_show_facilities_deduplicated.csv,959647.2798355288,1954672.806594565,13306163193,14.70625102935487,959634.0410722693,1954666.4027701844,19.840614841370954,0.24510418382258117
PFCL_9D422B6B701A,공연,까망돌어울마당,서울특별시 동작구 서달로 129 (흑석동),37.505119,126.960611,1,seoul_show_facilities_deduplicated.csv,952326.4372718869,1945230.8630602176,10232790207,150.11169654296702,952252.4284747014,1945361.462521848,16.14180094997652,2.5018616090494503
PFCL_06450BB1BEBF,공연,꿈의숲아트센터,서울특별시 강북구 월계로 173 (번동),37.6214312,127.0406246,1,seoul_show_facilities_deduplicated.csv,959461.5078979741,1958097.5634915745,4778049373,28.94252829778078,959470.4187353605,1958070.0268446954,59.76749963394079,0.48237547162967964
PFCL_E38D5C71C9C5,공연,나루아트센터,서울특별시 광진구 능동로 76 (자양동),37.5373529,127.0705248,1,seoul_show_facilities_deduplicated.csv,962057.4806730718,1948757.007109976,1853555555,23.977666960537338,962039.7988153906,1948740.8120359776,14.052345500105073,0.3996277826756223
PFCL_078AC6B932EB,공연,나온씨어터,서울특별시 종로구 혜화로9길 7 (명륜1가),37.5876677,126.9993926,1,seoul_show_facilities_deduplicated.csv,955802.9135334186,1954370.2563297036,3087871821,18.27845953453306,955793.0452678236,1954385.6420184143,42.43572673080541,0.30464099224221763
PFCL_C17DA7F80FE2,공연,나인 씨어터,서울특별시 종로구 대학로8가길 30 (동숭동),37.582287,127.002558,1,seoul_show_facilities_deduplicated.csv,956079.2174905738,1953771.8080871552,3546583996,45.06359916138165,956055.9085130193,1953810.375165535,29.125225043709605,0.7510599860230276
PFCL_4245FABC6CC5,공연,나인진홀 (구.청년극장),서울특별시 종로구 동숭길 47 (동숭동),37.580304,127.004244,1,seoul_show_facilities_deduplicated.csv,956226.9199002006,1953551.0167223401,4170663765,15.667800583228724,956228.1796293141,1953535.3996465039,29.031446512677352,0.26113000972047873
PFCL_1DFDB8F48E89,공연,난지한강공원,서울특별시 마포구 한강난지로 162 (상암동),37.559665,126.8893715,1,seoul_show_facilities_deduplicated.csv,946069.2118884828,1951320.9369287635,8822916513,51.74846591269807,946067.6922714035,1951269.210779784,7.956575119595253,0.8624744318783012
PFCL_6BB2FA2DC0F1,공연,남극장(NAM THEATER),서울특별시 관악구 관악로14나길 13 (봉천동),37.477433,126.957441,1,seoul_show_facilities_deduplicated.csv,952028.553005577,1942160.88422917,10896524709,13.09846050823645,952015.4797530482,1942160.0719878238,40.93825389960033,0.21830767513727417
PFCL_55154EBC6B04,공연,노들섬,서울특별시 용산구 양녕로 445 (이촌동),37.5170464,126.9602196,1,seoul_show_facilities_deduplicated.csv,952299.4346229137,1946554.336505769,11881519239,121.67281164350865,952205.5848276868,1946631.773506157,10.981973943529363,2.0278801940584774
PFCL_DE59AB2F425A,공연,노원구민의전당(구. 노원구민회관),서울특별시 노원구 동일로 1229 (중계동),37.6389549,127.0663326,1,seoul_show_facilities_deduplicated.csv,961739.1575891263,1960030.9533459602,4693132582,28.55301728628912,961714.1645394713,1960044.7599481887,21.96334443367,0.475883621438152
PFCL_52B43726A0C6,공연,노원어린이극장 (구.노원어울림극장),서울특별시 노원구 노해로 502 (상계동),37.6543814,127.0636656,1,seoul_show_facilities_deduplicated.csv,961511.8182316293,1961743.55634742,1837571128,30.010218997960266,961481.8110666018,1961743.9844727695,25.236886036566958,0.5001703166326711
PFCL_C05DCBCCD0E7,공연,논현1 문화센터,서울특별시 강남구 학동로20길 25 (논현동),37.5115175,127.0285527,1,seoul_show_facilities_deduplicated.csv,958335.0168799261,1945908.485179673,4182163959,25.50016855081053,958309.8948477177,1945912.8603475373,20.45000349989929,0.42500280918017547
PFCL_074B6D3C1217,공연,놀터예술공방,서울특별시 성북구 성북로2길 21 - 0 태고종선부암,37.589462,127.0070139,1,seoul_show_facilities_deduplicated.csv,956476.8238123609,1954565.7667813872,4171913772,50.9101054632047,956496.8546548055,1954612.570672136,58.60126506894568,0.8485017577200783
PFCL_FE71981C9F26,공연,다리 소극장,서울특별시 마포구 월드컵북로2길 49(동교동),37.5572115,126.923029,1,seoul_show_facilities_deduplicated.csv,949040.2025178323,1951029.9520608834,436837156,56.3835853651793,948984.8612491623,1951040.743385206,10.736702745928378,0.9397264227529883
PFCL_520EA99C62BF,공연,다케이씨어터 (구. 창조소극장),서울특별시 종로구 창경궁로 259 (명륜2가),37.5845149,127.0000258,1,seoul_show_facilities_deduplicated.csv,955856.9553587165,1954020.1700547123,12194128583,37.5498894868652,955869.3751460586,1953984.7335892727,33.58554222658938,0.6258314914477533
PFCL_6D2D730A531B,공연,대학로 마로니에소극장(플레이더씨어터),서울특별시 종로구 동숭길 50 (동숭동),37.5805247,127.0045603,1,seoul_show_facilities_deduplicated.csv,956254.9771138352,1953575.3550022212,3546582979,12.441461739364918,956243.4036021924,1953570.7895013213,29.612050760780146,0.20735769565608198
PFCL_4180EB32DAAA,공연,대학로 무하아트센터,서울특별시 종로구 이화장길 72 (동숭동),37.5784995,127.0046477,1,seoul_show_facilities_deduplicated.csv,956261.5094719334,1953350.6280634513,8958971471,18.089718452328057,956248.5422068028,1953338.015056327,28.516215464486244,0.30149530753880094
PFCL_C3284A34E8E0,공연,대학로 스카이씨어터 | 루미나아트홀 (구.시온아트홀),서울특별시 종로구 대학로8가길 52 (동숭동),37.5829439,127.0026271,2,seoul_show_facilities_deduplicated.csv,956085.7044650266,1953844.655736284,3546583996,45.41977858721065,956055.9085130193,1953810.375165535,29.125225043709605,0.7569963097868442
PFCL_4880A4BC1E60,공연,대학로 스타릿홀,서울특별시 종로구 대학로8가길 111 (동숭동),37.580965,127.00349,1,seoul_show_facilities_deduplicated.csv,956160.7321636218,1953624.7031169874,3546583999,9.083444218252216,956152.5001641612,1953620.8634368253,28.674843864418094,0.15139073697087027
PFCL_39B3CFF86E97,공연,대학로 이음센터(한국장애인문화예술원),서울특별시 종로구 대학로 112 (동숭동),37.5811397,127.0023829,1,seoul_show_facilities_deduplicated.csv,956063.0829853779,1953644.6024672159,4170663727,17.58394034529305,956080.536967467,1953642.4685817228,28.45256848700552,0.29306567242155085
PFCL_37346CA9CAC7,공연,대학로 자유극장 (자유문화발전소),서울특별시 종로구 대학로12길 31 (동숭동),37.5827026,127.0036052,1,seoul_show_facilities_deduplicated.csv,956171.922452345,1953817.4278486236,3546582988,20.820170584031445,956152.841830642,1953809.0966195082,30.75062801382894,0.34700284306719076
PFCL_C2DA7A820B5D,공연,대학로예술극장,서울특별시 종로구 대학로10길 17 (동숭동),37.5820961,127.0031785,1,seoul_show_facilities_deduplicated.csv,956133.8918109908,1953750.3387068412,3546582966,41.404885107293225,956114.9604554811,1953713.5152321367,29.15117705734246,0.6900814184548871
PFCL_AFE70DF4F082,공연,대한성공회 서울주교좌성당,서울특별시 중구 세종대로21길 15 (정동),37.567118,126.976053,1,seoul_show_facilities_deduplicated.csv,953729.6029958617,1952101.6019402284,9021656240,44.03688400848743,953719.8187335569,1952144.5381180313,38.26655954726933,0.7339480668081237
PFCL_79447F35F23D,공연,댕로홀,서울특별시 종로구 대학로12길 50 (동숭동),37.5818195,127.0037098,1,seoul_show_facilities_deduplicated.csv,956180.6403287641,1953719.403285539,2817787431,14.21539217173667,956192.6972259183,1953711.8727738957,29.135700586892348,0.23692320286227783
PFCL_AE300DC9C576,공연,더 서울라이티움 (갤러리아포레),서울특별시 성동구 서울숲2길 32-14 (성수동1가),37.5457838,127.0424798,1,seoul_show_facilities_deduplicated.csv,959584.3483531692,1949704.0530671468,795965052,65.05963431265927,959542.6828376029,1949654.085669481,12.937142639645026,1.0843272385443212
PFCL_BC60109591FB,공연,더 씨어터,서울특별시 종로구 대학로3길 10 (효제동) 고운빌딩,37.5740036,127.0016449,1,seoul_show_facilities_deduplicated.csv,955993.72151384,1952853.2319212237,4170039962,39.222760042913684,956030.6607161941,1952840.044039103,24.19892365504829,0.6537126673818947
PFCL_9C7B1DDD643E,공연,더 오페라(THE OPERA),서울특별시 동대문구 장한로2길 36 (장안동),37.561749,127.067091,1,seoul_show_facilities_deduplicated.csv,961766.5794778257,1951465.0087671122,12459940820,33.66089075949143,961792.722576274,1951486.212398175,12.669751375967342,0.5610148459915238
PFCL_25DF882A8908,공연,더 줌 아트센터,서울특별시 용산구 독서당로 111 (한남동),37.5369721,127.0094906,1,seoul_show_facilities_deduplicated.csv,956665.0860436561,1948741.1359826191,4663776765,75.60684201298439,956738.4447004895,1948722.8356540217,50.61617589159774,1.2601140335497398
PFCL_8F2472C26E7C,공연,더더더,서울특별시 중구 을지로38길 9-4 (광희동1가),37.5660433,127.0039785,1,seoul_show_facilities_deduplicated.csv,956195.1249502794,1951968.9857214116,9345098954,12.017189420859394,956206.7111097412,1951972.1753531303,21.870591273141066,0.20028649034765655
PFCL_D43093BA0ADE,공연,도곡2문화센터,서울특별시 강남구 남부순환로378길 34-9 (도곡동),37.4837128,127.0464374,1,seoul_show_facilities_deduplicated.csv,959900.7523569528,1942815.9648929625,4184375324,36.30254610207822,959865.9770862871,1942826.3838854101,15.022756857243941,0.605042435034637
PFCL_79E1820F41A9,공연,도토리씨어터,서울특별시 종로구 대학로12길 63(동숭동),37.5812241,127.0040212,1,seoul_show_facilities_deduplicated.csv,956207.7864485307,1953653.2012729691,3546641785,18.576083426966235,956225.9553315203,1953649.333125299,29.939011926405847,0.30960139044943724
PFCL_3C2291CD8225,공연,동네극장,서울특별시 동대문구 안암로6길 19(용두동),37.5791469,127.0259164,1,seoul_show_facilities_deduplicated.csv,958139.8614885865,1953412.7646460186,3829134690,14.374136473529072,958138.341241803,1953398.4711282894,20.845136405144586,0.23956894122548453
PFCL_F9B7F8786B40,공연,동덕여대공연예술센터,서울특별시 종로구 동숭길 126 (동숭동),37.5836998,127.0032999,1,seoul_show_facilities_deduplicated.csv,956145.5514722128,1953928.2049734,11949313857,25.875747133252833,956165.1801865783,1953945.065218418,35.42669216666324,0.43126245222088055
PFCL_8A3D2A75E66F,공연,동숭무대소극장,서울특별시 종로구 혜화로 35 (명륜1가),37.5864426,127.0004982,1,seoul_show_facilities_deduplicated.csv,955899.8014045754,1954233.8175001377,3087861266,7.969058328266487,955892.6051030133,1954230.3941779986,34.73578581331166,0.13281763880444145
PFCL_9CE3B97922C1,공연,두산아트센터,서울특별시 종로구 종로33길 15 (연지동),37.571729,127.0011893,1,seoul_show_facilities_deduplicated.csv,955952.1506912857,1952601.0896732549,3844547132,44.76046289475907,955980.5489058179,1952635.6879456097,22.100007678126843,0.7460077149126512
PFCL_658D1801DB6C,공연,드림시어터 [대학로],서울특별시 종로구 대학로10길 15 - 11,37.5822206,127.0027636,1,seoul_show_facilities_deduplicated.csv,956097.3317125046,1953764.3452144596,3546582967,46.986649375104896,956115.0446640982,1953807.865285293,29.68740625293335,0.7831108229184149
PFCL_D603AFBFBC7B,공연,든해소극장 (구. 모모씨어터),서울특별시 종로구 성균관로 15-8 (명륜3가),37.5839742,126.9972423,1,seoul_show_facilities_deduplicated.csv,955610.8756580803,1953961.4936080405,3817106925,15.556449501280875,955626.2802597074,1953959.3253438042,35.30131812004737,0.25927415835468126
PFCL_4F719CC8C54B,공연,디너씨어터,서울특별시 송파구 백제고분로48길 7 (방이동),37.5116556,127.1141774,1,seoul_show_facilities_deduplicated.csv,965902.3461223022,1945889.333952503,1809578814,14.950941964149939,965907.59142264,1945875.3333278748,15.261444156338513,0.24918236606916563
PFCL_5AD38E5EC6DC,공연,디큐브링크아트센터,"서울특별시 구로구 경인로 662 (신도림동, 디큐브시티)",37.5084321,126.8887332,1,seoul_show_facilities_deduplicated.csv,945975.8908509677,1945637.2730510877,13031082122,86.73722698978432,945889.3664352661,1945631.2008164604,9.539793639612235,1.4456204498297387
PFCL_741664555706,공연,뜻밖의 극장(구. 해우소소극장),서울특별시 성북구 동소문로20나길 27 (동선동1가),37.59245,127.0181255,1,seoul_show_facilities_deduplicated.csv,957459.5159827492,1954892.1806382409,3829451503,11.645672049945436,957471.1297613726,1954893.0419300506,30.554556597785865,0.19409453416575725
PFCL_77CC2FAD0A47,공연,라온씨어터,서울특별시 종로구 대학로10길 12 (동숭동) 3층,37.5816149,127.0028075,1,seoul_show_facilities_deduplicated.csv,956100.8521563135,1953697.1251514829,3546582966,21.625883779428946,956114.9604554811,1953713.5152321367,29.15117705734246,0.36043139632381577
PFCL_675D12DBF3FA,공연,라온아트홀,서울특별시 종로구 대학로10길 11 (동숭동),37.581853,127.0028053,1,seoul_show_facilities_deduplicated.csv,956100.797717491,1953723.5422464535,3546582966,17.35292953603917,956114.9604554811,1953713.5152321367,29.15117705734246,0.2892154922673195
PFCL_595C68DC91A1,공연,라율아트홀,서울특별시 서초구 반포대로 20 (서초동) 2층,37.482461,127.0126495,1,seoul_show_facilities_deduplicated.csv,956912.843558216,1942692.0123997463,3089746783,52.00774885984171,956861.0859040817,1942697.106629814,34.77730201641579,0.8667958143306952
PFCL_C05DE3D632D3,공연,라이브 썸데이즈홀 (구. 이수ENT),서울특별시 종로구 대학로12길 10 지하1층,37.5824997,127.0026331,1,seoul_show_facilities_deduplicated.csv,956085.9732984549,1953795.3710374744,3546582967,31.642543022307343,956115.0446640982,1953807.865285293,29.68740625293335,0.5273757170384558
PFCL_32C12E3E0900,공연,레드루즈씨어터,서울특별시 강남구 학동로2길 56 (논현동),37.507965,127.023609,1,seoul_show_facilities_deduplicated.csv,957896.1106876598,1945516.5578559183,4182163943,42.41236080267462,957923.6203218291,1945484.277391598,14.98477290073192,0.706872680044577
PFCL_7478493E0237,공연,레미어린이극장 [금천],서울특별시 금천구 두산로 71 (독산동),37.4704705,126.8956692,1,seoul_show_facilities_deduplicated.csv,946561.8673863374,1941421.699429858,5810223275,57.147818756324625,946504.7269756914,1941420.7792886654,14.353098626538932,0.9524636459387438
PFCL_9BBA80E9E645,공연,로데아트센터,서울특별시 서초구 남부순환로317길 79 (서초동),37.4831337,127.0103014,1,seoul_show_facilities_deduplicated.csv,956705.6324781356,1942767.7211559196,3827337503,18.95253801701733,956719.5712771433,1942780.5628294675,33.47261099263987,0.3158756336169555
PFCL_019E6436E383,공연,로비 바이 컨템포러리 테일즈,서울특별시 종로구 대학로14길 26-1 (혜화동),37.584528,127.002688,1,seoul_show_facilities_deduplicated.csv,956092.0119390768,1954020.3757183044,3844458302,12.573767920862645,956082.3979923769,1954012.271912496,35.59522056602786,0.20956279868104408
PFCL_01FAFDDF7340,공연,롤링홀,서울특별시 마포구 어울마당로 35 (서교동) 지하 1층,37.5484417,126.9201058,1,seoul_show_facilities_deduplicated.csv,948776.0123457893,1950058.5745004164,1834932796,12.499679141743718,948781.0565477493,1950047.1378048607,13.533888991375782,0.20832798569572863
PFCL_51F454E8BFE1,공연,롯데백화점 [영등포],서울특별시 영등포구 경인로 846 (영등포동 618-496),37.5648082,126.9810886,1,seoul_show_facilities_deduplicated.csv,954172.8911040332,1951842.8734911375,6687090881,49.56818184956655,954205.7079485873,1951805.7243408728,30.445713333284615,0.8261363641594425
PFCL_2ADAC05A4DB9,공연,롯데시네마 [도곡],서울특별시 강남구 남부순환로 2753 (도곡동),37.487474,127.047105,1,seoul_show_facilities_deduplicated.csv,959961.7821869471,1943232.9606286704,5406359683,50.95030289421174,959936.1882918344,1943188.9051420884,16.416295155478945,0.8491717149035289
PFCL_2543B9B740FC,공연,롯데시네마 에비뉴엘 [서울 중구],서울특별시 중구 남대문로 73 (남대문로2가),37.5642,126.98172,1,seoul_show_facilities_deduplicated.csv,954228.280791304,1951775.0890115811,6673823050,20.39110336164125,954231.1634531589,1951754.9026954998,29.899254312312983,0.3398517226940208
PFCL_8F8C7500C8AC,공연,롯데콘서트홀,서울특별시 송파구 올림픽로 300 (신천동) 롯데월드몰 8층 롯데문화재단,37.5130605,127.103495,1,seoul_show_facilities_deduplicated.csv,964958.9258626347,1946049.123326156,8173596245,14.449593475188395,964973.1907414126,1946051.4263643776,14.803764007894234,0.2408265579198066
PFCL_10BE8FDDE5D9,공연,링크더스페이스(LINK THE SPACE),서울특별시 종로구 대학로8가길 105 (동숭동),37.581375,127.003527,1,seoul_show_facilities_deduplicated.csv,956164.2394879945,1953670.1734030654,2817787433,43.786737288527405,956154.1692703576,1953712.7864184377,29.147814082198867,0.7297789548087901
PFCL_04EED704C45D,공연,링크아트센터,서울특별시 종로구 대학로14길 29(혜화동),37.5846899,127.0022947,1,seoul_show_facilities_deduplicated.csv,956057.382179451,1954038.5216777858,3844458308,14.351949524987592,956060.8905255796,1954052.438213368,35.36896277869821,0.2391991587497932
PFCL_C85A691FD76E,공연,링크아트센터드림,서울특별시 종로구 동숭길 123 (동숭동),37.5820171,127.0035363,1,seoul_show_facilities_deduplicated.csv,956165.4371092699,1953741.4070137606,2817787433,30.75878200437063,956154.1692703576,1953712.7864184377,29.147814082198867,0.5126463667395105
PFCL_B3064F1E273F,공연,링크원스테이지(LINK ONE STAGE),서울특별시 서대문구 응암로 118 (북가좌동),37.582936,126.913858,1,seoul_show_facilities_deduplicated.csv,948247.9880889303,1953888.9804586128,3811440387,22.480828788620084,948225.5926186577,1953887.0232733134,14.829587353207877,0.37468047981033475
PFCL_B5F86EADEAA3,공연,마루아트홀,서울특별시 종로구 대학로8가길 30 (동숭동),37.582253,127.0025458,1,seoul_show_facilities_deduplicated.csv,956078.1203305887,1953768.04165194,3546583996,47.80681136643085,956055.9085130193,1953810.375165535,29.125225043709605,0.7967801894405142
PFCL_6E7E3654C8CB,공연,마포아트센터,서울특별시 마포구 대흥로20길 28 (대흥동),37.5499055,126.9455269,1,seoul_show_facilities_deduplicated.csv,951022.5193167276,1950207.4280457888,3869600548,49.70217682705659,950999.9445209146,1950163.1484232142,16.538348558468552,0.8283696137842765
PFCL_ABEE4B62E15D,공연,매키탄 호텔,서울특별시 중구 퇴계로 212 (필동2가),37.5610813,126.9953564,1,seoul_show_facilities_deduplicated.csv,955430.7250428178,1951422.5308561656,8120942769,32.81529366056386,955406.4504957853,1951400.4494190656,35.89062351603523,0.5469215610093977
PFCL_4C27305543A1,공연,맥거핀 서교,서울특별시 마포구 양화로7길 28(서교동),37.5519656,126.9146894,1,seoul_show_facilities_deduplicated.csv,948299.9935580532,1950452.4989380462,3120042855,20.221238696922693,948304.6941164503,1950432.8316239135,14.021350749960837,0.33702064494871153
PFCL_A03A7A7BDF69,공연,명동난타극장,서울특별시 중구 명동길 26 (명동2가),37.5634096,126.9837369,1,seoul_show_facilities_deduplicated.csv,954405.9221539459,1951686.4176624895,2087933419,19.320695403855016,954407.6004663318,1951667.1699992956,30.964190314538325,0.3220115900642503
PFCL_711AD7BB3FD6,공연,명동대성당,서울특별시 중구 명동길 74 (명동2가) 명동성당,37.563177,126.9873604,1,seoul_show_facilities_deduplicated.csv,954725.7951359989,1951658.8600977962,5840827623,43.966724511994826,954706.4479080241,1951698.341202568,38.33355497962032,0.7327787418665804
PFCL_DFFC4EC3F4B7,공연,명륜아트홀,서울특별시 종로구 성균관로 48-2 (명륜1가),37.586808,126.9967585,1,seoul_show_facilities_deduplicated.csv,955569.8444010937,1954276.119287842,7377398985,18.64591279546258,955558.9476636377,1954260.9888160452,43.45646640116517,0.3107652132577096
PFCL_DB8AD1E10EAA,공연,명보아트홀,서울특별시 중구 마른내로 47 (초동),37.564429,126.993001,1,seoul_show_facilities_deduplicated.csv,955224.7022910706,1951795.0608436947,2285187695,12.147404840473316,955213.8713767916,1951789.5607764006,28.659200179459855,0.20245674734122193
PFCL_020C1BD6B0A4,공연,명화라이브홀,서울특별시 영등포구 버드나루로 30 (영등포동2가),37.5215623,126.9124118,1,seoul_show_facilities_deduplicated.csv,948077.7364321742,1947080.6643788714,11459147749,25.809870140997223,948060.9826532004,1947061.0312363112,12.439867288203498,0.43016450234995374
PFCL_FA528DB30F9E,공연,모두예술극장,서울특별시 서대문구 충정로 7 (충정로3가),37.5601124,126.9622821,1,seoul_show_facilities_deduplicated.csv,952509.0218669458,1951331.2346044823,13381864741,24.790914800241918,952484.6282290844,1951326.8142098708,61.40922889685961,0.4131819133373653
PFCL_B08C121DBC50,공연,모스크바홀,서울특별시 서초구 효령로 242 (서초동),37.4836706,127.0105919,1,seoul_show_facilities_deduplicated.csv,956731.6254404549,1942827.153119371,1430674306,27.520923554383714,956716.7155917509,1942850.285297066,32.12272268274551,0.45868205923972855
PFCL_DDC5295D3721,공연,모차르트홀,서울특별시 서초구 명달로 104 (서초동),37.4855919,127.0042035,1,seoul_show_facilities_deduplicated.csv,956167.9483726623,1943043.2638014324,3827337541,17.354747744209615,956150.594072881,1943043.3884945246,43.98171004169978,0.2892457957368269
PFCL_A9070C12273F,공연,무신사 개러지 (구. 왓챠홀),서울특별시 마포구 잔다리로 32(서교동),37.5515788,126.9198284,1,seoul_show_facilities_deduplicated.csv,948753.6564198006,1950406.7714359295,1830469511,10.513056752639992,948762.9720663211,1950401.898747535,20.039676133204395,0.17521761254399987
PFCL_3FA62975F0EF,공연,문래레코드,서울특별시 영등포구 도림로 481 (문래동4가),37.5164088,126.8901004,1,seoul_show_facilities_deduplicated.csv,946102.462516496,1946521.4600932542,11455185863,39.049169433595,946139.0230720701,1946507.742826414,9.689718022808458,0.6508194905599166
PFCL_CDDAC2164ABA,공연,문화공간 아이원,서울특별시 금천구 시흥대로 167 (시흥동),37.4488043,126.9024155,1,seoul_show_facilities_deduplicated.csv,947143.1682691996,1939014.1694456446,4711416697,15.850785728020158,947157.060416392,1939006.5369064487,25.396595886726356,0.2641797621336693
PFCL_56EEECF85076,공연,문화비축기지,서울특별시 마포구 증산로 87 (성산동),37.5716073,126.895369,1,seoul_show_facilities_deduplicated.csv,946607.4416368859,1952642.456584878,6229541844,25.273539798547528,946601.9665585248,1952617.7832119653,40.47747558956076,0.4212256633091255
PFCL_23AC976AB8DD,공연,미마지아트센터,서울특별시 종로구 혜화로 17 (명륜1가),37.5870645,126.9997721,1,seoul_show_facilities_deduplicated.csv,955836.0622420496,1954303.155573784,3087871961,21.835228030508883,955857.894677094,1954302.8063415133,37.620191577870116,0.36392046717514803
PFCL_AA548A162370,공연,반포심산아트홀,서울특별시 서초구 사평대로 55 (반포동),37.4988598,126.9905166,1,seoul_show_facilities_deduplicated.csv,954965.884639399,1944521.71318211,4634364295,35.713773651843304,954934.0529508754,1944537.9063051625,11.017656243543207,0.5952295608640551
PFCL_20B19702BD68,공연,백암아트홀,서울특별시 강남구 테헤란로113길 7 (삼성동),37.5103488,127.0659625,1,seoul_show_facilities_deduplicated.csv,961640.5927796052,1945762.916984518,1814894940,32.58340881265261,961662.7802142405,1945786.7790102945,17.052809286649257,0.5430568135442101
PFCL_57E3F7947F91,공연,베짱이홀,서울특별시 마포구 독막로15길 3-12 (상수동),37.5484185,126.9215116,1,seoul_show_facilities_deduplicated.csv,948900.1766051764,1950055.2355228516,3743682659,23.19486046554603,948912.1712951865,1950075.0882043727,13.541600391128322,0.3865810077591005
PFCL_8B1BAD2599E0,공연,보광극장,서울특별시 용산구 장문로19길 4 (보광동),37.5260989,126.9977628,1,seoul_show_facilities_deduplicated.csv,955622.5241747102,1947540.2850606139,1378780918,24.93952541712232,955601.1600272809,1947527.4183153901,44.12171208452248,0.41565875695203863
PFCL_37D206AD3CE4,공연,보라 아트홀(구. 지구인아트홀),서울특별시 종로구 창경궁로 260 (명륜2가),37.5843848,127.000519,1,seoul_show_facilities_deduplicated.csv,955900.4238410898,1954005.5044124417,3087861307,36.00000018784905,955883.7343863104,1953973.6067305089,32.94402454285129,0.6000000031308175
PFCL_0E6433C6A6E9,공연,복합문화공간 몽향,서울특별시 서대문구 연세로5다길 10 (창천동),37.5565279,126.935024,1,seoul_show_facilities_deduplicated.csv,950099.189787319,1950947.6742614212,13200676854,37.27737171722126,950127.9328906992,1950971.4110777667,17.967884643993195,0.6212895286203542
PFCL_EE6E9ABED1B0,공연,복합문화공간에무,서울특별시 종로구 경희궁1가길 7 (신문로2가),37.5720343,126.9689848,1,seoul_show_facilities_deduplicated.csv,953108.4793698303,1952650.545519089,10865329331,42.632830631067655,953083.6042493884,1952685.1690173326,56.93137918525701,0.7105471771844609
PFCL_29091824E804,공연,본동어울마당 아트홀,서울특별시 동작구 노량진로32길 79 (본동),37.51053,126.956894,1,seoul_show_facilities_deduplicated.csv,952001.3747907403,1945833.071074735,4613249938,17.837745414530225,951983.6852142063,1945830.7767243863,43.011051816541766,0.2972957569088371
PFCL_D5DA98070EBC,공연,봄날아트홀 (구. 아리랑소극장),서울특별시 종로구 동숭길 39 (동숭동),37.5799517,127.004251,1,seoul_show_facilities_deduplicated.csv,956227.3317163845,1953511.9274576942,8958971467,17.73961985135715,956245.0712639553,1953511.9780981261,29.651469016966985,0.2956603308559525
PFCL_2B7E5C6C713A,공연,북극곰소극장,서울특별시 종로구 이화장1길 24 (이화동),37.5773694,127.0057571,1,seoul_show_facilities_deduplicated.csv,956358.8080349246,1953224.7330028936,4170040312,19.791265249115245,956364.506081081,1953243.6862730642,31.265303043857404,0.3298544208185874
PFCL_ADA1775290CB,공연,북아현아트홀,서울특별시 서대문구 북아현로 51(북아현동),37.5618398,126.9554383,1,seoul_show_facilities_deduplicated.csv,951905.6865749009,1951526.3612992128,4591816229,32.43837096383338,951934.3901261287,1951541.4726875573,42.34273370895563,0.5406395160638896
PFCL_73D12E3C24E3,공연,북촌창우극장,서울특별시 종로구 창덕궁길 29-6 (원서동),37.5788675,126.9888445,1,seoul_show_facilities_deduplicated.csv,954866.3352698784,1953398.9306397983,9939528852,25.69598012506852,954862.0031744784,1953373.602466867,41.611191412750316,0.4282663354178087
PFCL_58A5DE1D3501,공연,브릭스씨어터 (구. 콘텐츠 그라운드),서울특별시 종로구 대학로8길 25 (동숭동),37.5809157,127.0037003,1,seoul_show_facilities_deduplicated.csv,956179.2717915965,1953619.1353987658,3546582972,12.573383655860967,956190.6069982323,1953613.6945286992,28.63257226570454,0.20955639426434944
PFCL_8975A6C03A88,공연,브이씨어터,서울특별시 종로구 혜화로 18 (혜화동),37.5871701,127.0001984,1,seoul_show_facilities_deduplicated.csv,955873.7618471571,1954314.6710525977,3087871961,19.81258324728915,955857.894677094,1954302.8063415133,37.620191577870116,0.3302097207881525
PFCL_F4B399A02C99,공연,블랙박스 1357,서울특별시 종로구 대학로 135-7 (명륜4가),37.583127,127.001154,1,seoul_show_facilities_deduplicated.csv,955955.7478125035,1953865.6594831136,3817106897,14.628668666018552,955961.8313633343,1953878.9631802023,30.271448809708772,0.24381114443364252
PFCL_43D86E6DE524,공연,블루스퀘어,서울특별시 용산구 이태원로 294 (한남동),37.5408717,127.0024401,1,seoul_show_facilities_deduplicated.csv,956044.482436561,1949177.047446636,12451244588,56.935239193661694,955994.6603660608,1949204.6043469172,54.8409502824271,0.9489206532276949
PFCL_FA6ABE3EA158,공연,비유아트홀(구. 효천아트센터 그라운드씬),서울특별시 종로구 성균관로 87 (명륜1가),37.5899206,126.9982675,1,seoul_show_facilities_deduplicated.csv,955704.916426824,1954620.73525247,3087871810,18.664975090694302,955705.9911108136,1954602.1012419125,49.783469324558695,0.31108291817823835
PFCL_441E90089094,공연,산울림소극장,서울특별시 마포구 와우산로 157 (서교동),37.555046,126.9300776,1,seoul_show_facilities_deduplicated.csv,949661.304512678,1950785.9022023664,1830411051,21.96947655043409,949682.9588835641,1950789.609778586,22.62829361313814,0.3661579425072349
PFCL_4B53192579BE,공연,살롱 문보우,서울특별시 마포구 잔다리로 113 (서교동),37.5570807,126.9137973,1,seoul_show_facilities_deduplicated.csv,948224.733443652,1951020.485620596,2329649074,30.127345254458845,948252.7794601436,1951009.482080664,10.139451009430093,0.5021224209076475
PFCL_64E66A59F14E,공연,삼세영 갤러리,서울특별시 종로구 평창44길 2 (평창동),37.613626,126.978275,1,seoul_show_facilities_deduplicated.csv,953954.4939600305,1957260.3650178523,439214835,23.47425732917243,953942.2997076658,1957240.306579069,172.410942010045,0.39123762215287383
PFCL_D9194214CB15,공연,삼일로창고극장,서울특별시 중구 삼일대로9길 12 (저동1가),37.5633965,126.9878853,1,seoul_show_facilities_deduplicated.csv,954772.2851486122,1951682.959785335,7311080419,51.69729989919421,954804.5295955102,1951723.369022659,36.05381420073192,0.8616216649865702
PFCL_0E11DFF99C7A,공연,삼청각,서울특별시 성북구 대사관로 3,37.5971435,126.9843235,1,seoul_show_facilities_deduplicated.csv,954478.2722508049,1955428.7514548905,3844428598,67.76951118493179,954488.3685096154,1955495.7646789905,174.36880322062783,1.1294918530821965
PFCL_DF47C2044057,공연,상도어울마당 아트홀,서울특별시 동작구 성대로 180 (상도동),37.4992555,126.9403722,1,seoul_show_facilities_deduplicated.csv,950533.7605712375,1944590.7879644525,2824121328,12.507630378939833,950528.9715583203,1944579.2334773166,34.46217641508433,0.20846050631566387
PFCL_4255284BEED3,공연,상명아트홀,서울특별시 종로구 동숭길 133 (동숭동),37.5833331,127.0027272,1,seoul_show_facilities_deduplicated.csv,956094.7711781149,1953887.788852672,3546582968,30.448701295399037,956083.4159236749,1953916.0409606851,31.228842142740433,0.5074783549233173
PFCL_A25E0E7223EB,공연,상상나라극장,서울특별시 광진구 능동로 216 (능동),37.5520117,127.0787724,1,seoul_show_facilities_deduplicated.csv,962793.4146486107,1950380.02102412,5940082116,10.492000866554601,962784.8205055958,1950386.0395611534,20.25584321150533,0.17486668110924336
PFCL_4462DD7A3AAE,공연,생기 스튜디오,서울특별시 마포구 와우산로 137 (서교동),37.5538644,126.9285846,1,seoul_show_facilities_deduplicated.csv,949528.6364638282,1950655.610073364,3042566433,31.46613387968909,949507.5423712124,1950632.2614794439,21.173635499312283,0.5244355646614848
PFCL_AF2972DE5969,공연,샤로수길 일대,서울특별시 관악구 관악로14길 104 (봉천동),37.477694,126.958066,1,seoul_show_facilities_deduplicated.csv,952083.9807218164,1942189.522265858,4655310953,14.783071958614146,952095.8619737236,1942198.31857586,38.43575414016084,0.2463845326435691
PFCL_56EAE760BA5D,공연,샤롯데씨어터,서울특별시 송파구 올림픽로 240 (잠실동),37.5105162,127.100563,1,seoul_show_facilities_deduplicated.csv,964698.611376057,1945767.9455964088,6718313283,9.150873704754554,964693.1541758599,1945775.2911702849,14.85126588104669,0.15251456174590924
PFCL_142E8BCED217,공연,샤봉디씨어터,서울특별시 종로구 창경궁로34길 24-6 (명륜2가),37.583975,127.000833,1,seoul_show_facilities_deduplicated.csv,955927.9057355429,1953959.891655453,3088023814,31.592782732614353,955959.0231680487,1953965.3514462032,31.190449266408095,0.5265463788769059
PFCL_BDD7DA49D8A6,공연,서강대 메리홀,서울특별시 마포구 백범로 35 서강대학교,37.5499528,126.9391127,1,seoul_show_facilities_deduplicated.csv,950455.9695808702,1950216.036816933,11662278313,23.807710497043267,950479.4981196417,1950212.4015807107,28.216399838686574,0.39679517495072114
PFCL_767BF8393DF7,공연,서교스퀘어,"서울특별시 마포구 양화로 72 (서교동, 서교동 효성 해링턴 타워)",37.5508138,126.916494,1,seoul_show_facilities_deduplicated.csv,948458.6006428433,1950323.7214030128,3034108704,15.548810989537351,948455.5556137117,1950308.4736713527,20.515287383916004,0.2591468498256225
PFCL_B635787C627B,공연,서대문문화체육회관,서울특별시 서대문구 백련사길 39 (홍은동),37.5808378,126.9317514,1,seoul_show_facilities_deduplicated.csv,949826.4487084313,1953646.4870492762,3820786020,58.82648575489564,949870.1211996356,1953685.8985823381,65.09118478011297,0.9804414292482607
PFCL_732D7F95B56E,공연,서보아트스페이스(서보미술문화공간)[서울],서울특별시 마포구 월드컵북로12안길 3 (성산동),37.5620777,126.9152742,1,seoul_show_facilities_deduplicated.csv,948358.6281124572,1951574.0665817256,6454038655,32.13432453760185,948387.926918536,1951587.2648685784,12.905114254190135,0.5355720756266975
PFCL_79ADAF7D1A87,공연,서소문성지 역사박물관,서울특별시 중구 칠패로 5 (의주로2가),37.5605679,126.9688672,1,seoul_show_facilities_deduplicated.csv,953090.9045630626,1951378.4630172998,4223315292,90.56478188320938,953041.5619871031,1951302.5203421083,32.25253520620163,1.509413031386823
PFCL_86AB42AAC402,공연,서연아트홀 (구. 인아소극장),서울특별시 종로구 창경궁로 258 - 9,37.5838644,127.000561,1,seoul_show_facilities_deduplicated.csv,955903.8251102419,1953947.7487529188,3087861308,10.902389296760695,955894.5852220781,1953941.9619957008,32.05546586267327,0.18170648827934494
PFCL_A76F9D4D195C,공연,서울남산국악당,서울특별시 중구 퇴계로34길 28 (필동2가),37.559311,126.994431,1,seoul_show_facilities_deduplicated.csv,955347.938231962,1951226.5643492253,3737008142,5.448188206069502,955352.4152700478,1951229.6690045535,41.925976604755796,0.09080313676782503
PFCL_BFBD45036530,공연,서울돈화문국악당,서울특별시 종로구 율곡로 102 - 0,37.5772009,126.9906739,1,seoul_show_facilities_deduplicated.csv,955026.8651027487,1953213.1519917555,8536100974,23.479087736699626,955012.7324163816,1953231.901251394,34.184642707861826,0.39131812894499374
PFCL_02BF7D24099E,공연,서울문화예술교육센터 강북,서울특별시 강북구 솔샘로48길 14 (미아동),37.61955,127.017607,1,seoul_show_facilities_deduplicated.csv,957429.1894564439,1957899.04280949,3836539098,49.138291568100186,957464.0743022914,1957864.4361738774,53.60464142958639,0.8189715261350031
PFCL_AB8E4F8E7754,공연,서울문화예술교육센터 서초,서울특별시 서초구 신반포로19길 6 (반포동),37.5047177,126.9983081,1,seoul_show_facilities_deduplicated.csv,955658.0578432906,1945167.9111783898,12208580043,48.92631011331027,955647.4970710872,1945120.1382371807,12.000652600892725,0.8154385018885045
PFCL_12D4F96FF5FD,공연,서울문화예술교육센터 은평(서울무용창작센터),서울특별시 은평구 수색로 322-2 (수색동),37.585095,126.893767,1,seoul_show_facilities_deduplicated.csv,946475.6301240018,1954139.77076679,3823206752,43.25644606087249,946467.3830292816,1954097.3077763808,26.27398033449369,0.7209407676812082
PFCL_9A3A77D5BD64,공연,서울문화재단 대학로극장 쿼드 (예술청),서울특별시 종로구 동숭길 122(동숭동),37.583699,127.0037167,1,seoul_show_facilities_deduplicated.csv,956182.3511819723,1953927.921715675,11949313857,24.264022113398173,956165.1801865783,1953945.065218418,35.42669216666324,0.40440036855663625
PFCL_8823794C27C1,공연,서울아트센터,서울특별시 종로구 평창문화로 70 (평창동),37.6057568,126.9678907,1,seoul_show_facilities_deduplicated.csv,953033.0592218877,1956392.4535034841,7682259924,29.235154514273503,953039.0030525815,1956421.0780582607,89.0199906901355,0.4872525752378917
PFCL_557B0AECCFA3,공연,서울어린이대공원,서울특별시 광진구 능동로 216 (능동),37.5495623,127.0810303,1,seoul_show_facilities_deduplicated.csv,962991.6423738144,1950107.382622466,5938706626,278.79607482237617,962832.7124309713,1950336.4427119715,22.161359839368185,4.6466012470396025
PFCL_BD4ADBF61487,공연,서울연극창작센터,서울특별시 성북구 성북로 8 (동소문동1가),37.5892179,127.0060408,1,seoul_show_facilities_deduplicated.csv,956390.7709055186,1954539.1363755614,10680981520,37.319304705441084,956388.050114185,1954501.9163836455,41.973856407924835,0.6219884117573514
PFCL_034FD121298D,공연,서점 바람길,서울특별시 중랑구 동일로114길 9 (상봉동),37.593368,127.080923,1,seoul_show_facilities_deduplicated.csv,963003.8397974211,1954967.4375982566,7619325952,5.990326817918004,963001.4228887453,1954961.9564881648,13.423669056892034,0.0998387802986334
PFCL_6521ACCF8041,공연,서초문화예술회관(구. 서초구민회관),서울특별시 서초구 강남대로 201 (양재동) 서초구민회관,37.48181,127.0357439,1,seoul_show_facilities_deduplicated.csv,958954.2989773502,1942609.4701274682,1859569934,15.936396121714534,958939.303801198,1942604.0744427561,36.280563910611946,0.26560660202857556
PFCL_ACEF323156D7,공연,선농단역사문화관,서울특별시 동대문구 무학로44길 38 (제기동),37.5811838,127.0318885,1,seoul_show_facilities_deduplicated.csv,958668.3088277426,1953636.104498295,3957786168,14.860736095741373,958679.2635610276,1953646.1461762406,27.102237787582503,0.24767893492902288
PFCL_3013B80F738E,공연,선돌극장,서울특별시 종로구 혜화로5길 5 (명륜1가),37.5867715,126.99975,1,seoul_show_facilities_deduplicated.csv,955833.9379487198,1954270.6589709162,3087871956,31.598357719154365,955805.198567675,1954283.793055875,41.042689757358104,0.5266392953192394
PFCL_25399D298AE8,공연,선릉아트홀,서울특별시 강남구 테헤란로 337 (역삼동),37.5047895,127.0484597,1,seoul_show_facilities_deduplicated.csv,960090.7609031613,1945153.4270094363,860338496,47.28610187885617,960112.7226499872,1945195.3036987425,22.031287505835074,0.7881016979809362
PFCL_85B271D7823B,공연,성균소극장,서울특별시 종로구 성균관로 12-3 (명륜2가),37.5845012,126.9990943,1,seoul_show_facilities_deduplicated.csv,955774.7039764364,1954019.0882524587,3817106956,49.19216285545163,955743.1460788609,1954056.8237528133,37.26839338801341,0.8198693809241938
PFCL_CF90AAA10DB3,공연,성북마을극장,서울특별시 성북구 동소문로20다길 10 (동선동1가),37.5915775,127.0173297,1,seoul_show_facilities_deduplicated.csv,957388.763862907,1954795.7415399423,3809204476,53.49426460216264,957335.2703884725,1954795.450785314,30.342846967971425,0.8915710767027106
PFCL_543DAB172F93,공연,성북미디어문화마루 꿈빛극장,서울특별시 성북구 길음로7길 20 (길음동),37.6037552,127.0222037,1,seoul_show_facilities_deduplicated.csv,957825.9283941617,1956144.6021340983,8166111370,25.299471549086604,957832.708016929,1956168.9763002542,40.40000993752572,0.4216578591514434
PFCL_AC5F3AC468FD,공연,성수 소극장(일루미 스튜디오),서울특별시 성동구 성덕정길 135-1 (성수동2가),37.5366733,127.0584054,1,seoul_show_facilities_deduplicated.csv,960986.4177417005,1948686.568455973,8502294693,14.636680899685524,960980.9205406262,1948673.0033091581,13.097086647535608,0.2439446816614254
PFCL_766A7DE49AEB,공연,성수아트홀(성수문화복지회관),서울특별시 성동구 뚝섬로1길 43 (성수동1가),37.5443376,127.0469275,1,seoul_show_facilities_deduplicated.csv,959976.4707724091,1949541.702645794,4179011695,13.401958256736664,959988.732003622,1949547.1132552107,12.679783800595361,0.2233659709456111
PFCL_C59BB8BBEB9C,공연,성신여자대학교 운정그린캠퍼스,서울특별시 강북구 도봉로76가길 55 (미아동),37.5916714,127.0212424,1,seoul_show_facilities_deduplicated.csv,957734.2411423255,1954804.3913300126,287699165,47.88264135062017,957705.1602518226,1954766.3512307715,37.048392404488965,0.7980440225103361
PFCL_689586AC7420,공연,세우아트센터,서울특별시 종로구 대학로12길 49 (동숭동),37.5819127,127.003969,1,seoul_show_facilities_deduplicated.csv,956203.5808339112,1953729.622509725,2817787431,20.820807980218095,956192.6972259183,1953711.8727738957,29.135700586892348,0.3470134663369683
PFCL_AD4FE549CCBE,공연,세종대학교 대양홀,서울특별시 광진구 능동로 209 (군자동),37.5485943,127.0744884,1,seoul_show_facilities_deduplicated.csv,962413.2955970136,1950002.583883735,1168013925,39.806358825678316,962379.3631574587,1950023.3957973619,20.53017660340603,0.6634393137613053
PFCL_2B83FA4B387F,공연,세종문화회관,서울특별시 종로구 세종대로 175 (세종로),37.5725254,126.9756429,1,seoul_show_facilities_deduplicated.csv,953696.7340274515,1952701.7288090405,5058177857,51.24238210984248,953699.3156276203,1952752.9061190994,32.54018630718853,0.854039701830708
PFCL_74B674FB49DD,공연,세티 라이브홀 (SETI LIVE HALL),서울특별시 마포구 와우산로21길 31 (서교동),37.5522263,126.9221353,1,seoul_show_facilities_deduplicated.csv,948957.867440946,1950477.3532746085,3045682605,20.40509736734916,948966.857490912,1950495.6712166376,21.52289315956407,0.340084956122486
PFCL_95ACAF0D5AEB,공연,소극장 성북오름,서울특별시 성북구 동소문로15길 49 (동소문동6가),37.594726,127.013755,1,seoul_show_facilities_deduplicated.csv,957074.9877487905,1955146.681054435,3968970222,60.088836101159515,957039.8039741103,1955195.39214376,67.10140224891211,1.0014806016859918
PFCL_99140003F8E6,공연,소극장 창덕궁,서울특별시 종로구 창경궁로 227(명륜4가),37.5824263,126.9977518,1,seoul_show_facilities_deduplicated.csv,955654.9421895246,1953789.5207204362,3087864132,16.739104009079796,955640.8186971843,1953798.5054055804,40.1383958283086,0.2789850668179966
PFCL_BC995C676BC5,공연,소극장 플랫폼74,서울특별시 종로구 동숭길 74 (동숭동),37.5815333,127.0043015,1,seoul_show_facilities_deduplicated.csv,956232.7165748127,1953687.3749158222,7182031834,32.09619424743653,956255.7147043509,1953664.9862641676,32.245979634443316,0.5349365707906089
PFCL_810A13889AA3,공연,소극장 혜화당 (구. 까망소극장),서울특별시 종로구 대학로12길 63 (동숭동),37.5812279,127.003911,1,seoul_show_facilities_deduplicated.csv,956198.0585550795,1953653.6742416047,3546641785,28.232524268414046,956225.9553315203,1953649.333125299,29.939011926405847,0.4705420711402341
PFCL_95A92B92FDF4,공연,소셜베뉴 라움,서울특별시 강남구 언주로 564 (역삼동) 라움아트센터,37.5081914,127.0395701,1,seoul_show_facilities_deduplicated.csv,959306.898844482,1945534.6534736152,5034061178,42.624883028733215,959301.5568300989,1945492.3646626181,45.82020783541438,0.7104147171455536
PFCL_03B9A52C32FC,공연,소월아트홀 (성동문화회관),서울특별시 성동구 왕십리로 281,37.559276,127.0359937,1,seoul_show_facilities_deduplicated.csv,959018.7755547272,1951203.747423655,8495285978,37.99974396119023,958988.1502706369,1951226.2434792093,17.533699872646995,0.6333290660198371
PFCL_9C650AB0FE36,공연,소태산홀,서울특별시 동작구 현충로 75 (흑석동),37.5097591,126.9638593,1,seoul_show_facilities_deduplicated.csv,952616.471511515,1945744.0139027075,6964093585,58.416040791557634,952561.0997901974,1945725.4019092598,23.85729301744848,0.9736006798592939
PFCL_10E17646FF17,공연,송파어린이문화회관,서울특별시 송파구 중대로 235(오금동),37.5027425,127.1284004,1,seoul_show_facilities_deduplicated.csv,967155.4250016959,1944895.42522815,13619419992,29.503130676686823,967184.203484608,1944901.923969644,30.726225633060032,0.49171884461144705
PFCL_BCBD4E4BD5E9,공연,송해아트홀,서울특별시 구로구 경인로 611-17 (신도림동),37.5069406,126.8835704,1,seoul_show_facilities_deduplicated.csv,945518.511056358,1945474.776062128,2589888703,18.15176245427494,945518.8067227756,1945492.9254164295,8.77108963436297,0.3025293742379157
PFCL_8B81B58266E6,공연,수상한창고,서울특별시 금천구 금하로24길 7(시흥동),37.4506581,126.9088159,1,seoul_show_facilities_deduplicated.csv,947710.5845509085,1939216.2648409735,2824526522,41.58373436249166,947744.9712948928,1939239.6477150845,24.88708208114439,0.693062239374861
PFCL_902D3D7E2EB2,공연,숲세권 라이브,서울특별시 영등포구 도림로126길 1 (문래동3가),37.513979,126.896507,1,seoul_show_facilities_deduplicated.csv,946666.8975296343,1946248.236024146,2814736352,27.776752622854783,946694.660433559,1946247.3590110673,13.072295519003086,0.4629458770475797
PFCL_8135BFE3827B,공연,숲세권 라이브 2호점 [독립문],서울특별시 종로구 사직로 8 (교북동),37.57212,126.961099,1,seoul_show_facilities_deduplicated.csv,952412.1697346577,1952664.0181714427,436856762,23.56289067441849,952430.8849890148,1952678.3342138876,49.74074835328834,0.39271484457364153
PFCL_FF01CFC30C5F,공연,쉼잉 서울대입구역점,서울특별시 관악구 봉천로 469-17 (봉천동),37.482671,126.952498,1,seoul_show_facilities_deduplicated.csv,951594.8832763185,1942744.5364545786,5302685678,19.042226095211088,951613.5431321159,1942748.3333159515,33.55484941923109,0.3173704349201848
PFCL_D7AC654C96AC,공연,스카이아트홀,서울특별시 강서구 화곡로63길 65(등촌동),37.5579738,126.8491891,1,seoul_show_facilities_deduplicated.csv,942518.9595236963,1951157.1216524418,4604993382,24.57615406961614,942501.1765489592,1951140.158363894,9.691892125580798,0.40960256782693566
PFCL_EFC61A2D8D8F,공연,스케네웨이 [홍대],서울특별시 마포구 와우산로 76 (서교동),37.551129,126.923539,1,seoul_show_facilities_deduplicated.csv,949081.1092161017,1950354.851983945,436864022,28.178315623624446,949052.932329493,1950355.1357662992,22.552216009349998,0.4696385937270741
PFCL_5BDB0251FC76,공연,스케치홀 (구.소극장 선물 1관),서울특별시 종로구 동숭길 145 (동숭동),37.5831766,127.0022799,1,seoul_show_facilities_deduplicated.csv,956055.1858976259,1953870.6350705265,3546583995,45.311407354513996,956010.5638499601,1953862.7612849972,29.46012574303341,0.7551901225752332
PFCL_627C77702F91,공연,스타스테이지,서울특별시 종로구 대학로12길 15(동숭동),37.5827347,127.002845,1,seoul_show_facilities_deduplicated.csv,956104.8206921973,1953821.3441417546,3546582967,16.917717722614718,956115.0446640982,1953807.865285293,29.68740625293335,0.28196196204357865
PFCL_B9C14715E62A,공연,스튜디오 QDA(구. 춤공장),서울특별시 영등포구 도림로126길 1 (문래동3가),37.5176033,126.895289,1,seoul_show_facilities_deduplicated.csv,946561.8414201551,1946651.0235010716,4634011895,37.07734076253342,946527.7326679511,1946636.4865749485,9.883412720371558,0.617955679375557
PFCL_55DA1DD4381A,공연,스튜디오 블루,서울특별시 종로구 대학로8가길 80(동숭동),37.5824773,127.003268,1,seoul_show_facilities_deduplicated.csv,956142.0177607434,1953792.5892550037,3546582988,19.73964467901687,956152.841830642,1953809.0966195082,30.75062801382894,0.3289940779836145
PFCL_08A2251D31FE,공연,스튜디오 아르카나,서울특별시 동작구 동작대로9길 72-12 (사당동),37.4812333,126.9775754,1,seoul_show_facilities_deduplicated.csv,953811.1289743156,1942572.435558592,2876972771,11.034873938414666,953804.5025413355,1942581.2593235932,15.96094906763118,0.18391456564024444
PFCL_DF5590CA3BA0,공연,스튜디오 엔텐바흐(Studio ENTENBACH),서울특별시 마포구 동교로 178 (동교동),37.556283,126.921757,1,seoul_show_facilities_deduplicated.csv,948927.2209759122,1950927.629864265,13273448596,16.71738303846652,948941.4229083913,1950918.81079348,11.220906318821495,0.27862305064110865
PFCL_49B0DF766E3F,공연,시윤아트홀,서울특별시 종로구 대학로 116 (동숭동),37.5815327,127.0023365,1,seoul_show_facilities_deduplicated.csv,956059.217068218,1953688.2256554242,3673886586,28.414505190595026,956071.3175001907,1953713.9348687786,28.66265910396713,0.4735750865099171
PFCL_6D09087B26B2,공연,신도시,서울특별시 중구 을지로11길 31 (수표동),37.5678117,126.9907362,1,seoul_show_facilities_deduplicated.csv,955026.720314442,1952171.4360376406,2374692767,24.376166976516494,955039.3864517432,1952150.608976342,23.2106730477756,0.4062694496086082
PFCL_0A9D2EEBBA9C,공연,신세계남산,서울특별시 중구 장충단로 180 (장충동1가),37.560478,127.0063084,1,seoul_show_facilities_deduplicated.csv,956397.6419763045,1951350.460562985,4202734637,49.32891296397645,956377.9029041273,1951305.2531445252,28.475832612775424,0.8221485493996075
PFCL_A9EA7583D71C,공연,신영체임버홀,서울특별시 영등포구 국제금융로8길 16 (여의도동),37.5212571,126.9288713,1,seoul_show_facilities_deduplicated.csv,949531.9882179814,1947037.8463370414,2452999777,38.59753127053476,949567.1779155466,1947021.9890167932,13.045820541860273,0.643292187842246
PFCL_F3FAB2463440,공연,심심(XIMXIM),서울특별시 성동구 연무장15길 11 (성수동2가),37.542623,127.059283,1,seoul_show_facilities_deduplicated.csv,961067.0452575446,1949346.2896855033,9579795309,41.26916404722613,961101.0980913031,1949322.9755607252,12.518162422687203,0.6878194007871021
PFCL_BFC6570ABBD7,공연,쌀롱드무지끄,서울특별시 종로구 창의문로 129 (부암동),37.5923644,126.965995,1,seoul_show_facilities_deduplicated.csv,952857.283448733,1954907.573606115,11742774140,12.183476061197567,952862.4050235475,1954918.6283137256,114.27556969383961,0.20305793435329278
PFCL_886B3C35C8C6,공연,씨어터 쿰,서울특별시 종로구 창경궁로 253-7 (명륜2가),37.5844442,126.9994928,1,seoul_show_facilities_deduplicated.csv,955809.8543421048,1954012.5768269098,3151910910,41.9281534639225,955813.4320770983,1954054.352057193,36.351484741067864,0.6988025577320417
PFCL_876A3C9849F8,공연,씨어터조이 (구. 마당세실극장),서울특별시 종로구 이화장길 78 (동숭동),37.578643,127.0046295,1,seoul_show_facilities_deduplicated.csv,956259.9863888199,1953366.5571722968,8958971470,24.39771693006432,956247.1686739766,1953387.316622617,28.060076935249306,0.406628615501072
PFCL_B2A05C3D6F41,공연,아라아트홀,서울특별시 종로구 대학로8가길 30 (동숭동),37.582294,127.0025606,1,seoul_show_facilities_deduplicated.csv,956079.4511669653,1953772.5834884646,3546583996,44.5249077551755,956055.9085130193,1953810.375165535,29.125225043709605,0.7420817959195917
PFCL_6A6A23F67D8E,공연,아람브릿지 [송파방이점],서울특별시 송파구 오금로31길 12 (방이동),37.506787,127.12174,1,seoul_show_facilities_deduplicated.csv,966568.5335665905,1945346.480960216,1809629791,13.416428335007035,966572.9902907667,1945333.8263895442,27.075182932539132,0.2236071389167839
PFCL_72584A3925E2,공연,"아루또소극장 (구. 소담소극장, 구. 코메디컬센터)",서울특별시 종로구 대학로8가길 48 (동숭동),37.5828996,127.0024036,1,seoul_show_facilities_deduplicated.csv,956065.9449293945,1953839.8453652041,3546583996,31.13233563678577,956055.9085130193,1953810.375165535,29.125225043709605,0.5188722606130961
PFCL_B1115B098DDB,공연,아르코 꿈밭극장,서울특별시 종로구 대학로12길 46 (동숭동),37.582042,127.003731,1,seoul_show_facilities_deduplicated.csv,956182.6425765265,1953744.078717604,2817787431,33.73898019405155,956192.6972259183,1953711.8727738957,29.135700586892348,0.5623163365675258
PFCL_C2D5005476DF,공연,아르코예술극장,서울특별시 종로구 대학로8길 7 (동숭동),37.5811855,127.0029999,1,seoul_show_facilities_deduplicated.csv,956117.5880072555,1953649.3953671167,8597774831,28.248829209007706,956105.9113887437,1953623.6727519345,28.6320297655502,0.47081382015012846
PFCL_03EB88660E5F,공연,아스가르드 씨어터 (구. 낙산씨어터),서울특별시 종로구 동숭길 140(혜화동),37.5836705,127.0025639,1,seoul_show_facilities_deduplicated.csv,956080.551215997,1953925.2981324124,3546582968,9.690293002178283,956083.4159236749,1953916.0409606851,31.228842142740433,0.16150488336963806
PFCL_07B0ABCB1EB4,공연,아스트라홀,서울특별시 마포구 동교로22길 14 (서교동),37.555114,126.918816,1,seoul_show_facilities_deduplicated.csv,948666.6556498505,1950799.5370451745,2374794500,29.700230551399223,948689.4387853596,1950818.5904551365,10.464466617497788,0.49500384252332036
PFCL_9878ABF0866D,공연,아지토 라이브 홀,서울특별시 서대문구 신촌역로 13 (대현동),37.557804,126.942583,1,seoul_show_facilities_deduplicated.csv,950767.6742738177,1951085.265100486,13663812091,12.261169499309561,950779.4853225058,1951088.556818332,37.31769123588492,0.2043528249884927
PFCL_8B2821E449E9,공연,아트센터 림,서울특별시 종로구 율곡로3길 77 (소격동),37.579087,126.982033,1,seoul_show_facilities_deduplicated.csv,954265.0280737756,1953426.5772936186,4259747265,11.752577630230823,954254.0991406031,1953422.2550834587,41.02735584099867,0.1958762938371804
PFCL_111E1CC1FD4D,공연,아트포레스트 아트홀,서울특별시 종로구 대학로12길 22 (동숭동),37.5825141,127.0030633,1,seoul_show_facilities_deduplicated.csv,956123.9656543131,1953796.7676300984,3546582967,14.238750550254943,956115.0446640982,1953807.865285293,29.68740625293335,0.23731250917091573
PFCL_E49D66100BA7,공연,아트하우스,서울특별시 종로구 대학로10길 26(동숭동),37.5816067,127.0037204,1,seoul_show_facilities_deduplicated.csv,956181.4515258735,1953695.7891903121,2817787431,19.62517338490823,956192.6972259183,1953711.8727738957,29.135700586892348,0.32708622308180385
PFCL_CC4FF53C968E,공연,안똔체홉극장,서울특별시 종로구 성균관로3길 23 (명륜3가),37.5830504,126.99701,1,seoul_show_facilities_deduplicated.csv,955589.8166664421,1953859.1121184507,3087857980,23.133642167870292,955593.3737467602,1953881.9706525148,39.70085791624331,0.3855607027978382
PFCL_E2B0D2BBC4CF,공연,야기스튜디오,서울특별시 강남구 헌릉로569길 37(세곡동),37.4668167,127.0976059,1,seoul_show_facilities_deduplicated.csv,964416.5452871941,1940920.8991538873,3854308987,31.269549664525687,964436.0426693009,1940945.3457656607,30.811263331606277,0.5211591610754281
PFCL_A6CFC1E04CFB,공연,양천문화회관,서울특별시 양천구 목동서로 367 (신정동),37.5164555,126.8632321,1,seoul_show_facilities_deduplicated.csv,943728.0896754094,1946542.3730624053,2803457256,49.78518354204566,943708.4432503202,1946496.6283088096,9.119226469161799,0.8297530590340944
PFCL_559B76573E98,공연,언더그라운드 H,서울특별시 마포구 월드컵북로 120 (성산동),37.563906,126.913322,1,seoul_show_facilities_deduplicated.csv,948187.4798707725,1951777.9824313452,4588134433,23.756373486418177,948178.0349105551,1951756.1843119832,13.01733637768191,0.3959395581069696
PFCL_23CD412EF2CC,공연,언더시티 (UNDER CITY),서울특별시 성동구 성수이로22길 61 (성수동2가),37.5431482,127.0639071,1,seoul_show_facilities_deduplicated.csv,961475.8107201041,1949402.6529696924,9624302186,28.559063212813513,961459.3591761003,1949379.3084458916,13.16790262483114,0.4759843868802252
PFCL_694F66D2C39C,공연,얼터(alter),서울특별시 영등포구 경인로74길 6 (문래동1가),37.510843,126.893075,1,seoul_show_facilities_deduplicated.csv,946361.3506436578,1945902.26508438,4614678336,22.500440422283802,946363.7310303628,1945924.6392565062,10.607447789950067,0.3750073403713967
PFCL_8D4DA325B643,공연,업스테이지 (UP Stage),서울특별시 종로구 동숭길 41 (동숭동),37.5801085,127.0042703,1,seoul_show_facilities_deduplicated.csv,956229.1276369004,1953529.3146763279,4170663765,6.158374820220577,956228.1796293141,1953535.3996465039,29.031446512677352,0.10263958033700962
PFCL_76A14234C396,공연,에스팩토리,서울특별시 성동구 연무장 15길 11 (성수동2가),37.54267,127.059465,1,seoul_show_facilities_deduplicated.csv,961083.1476569066,1949351.4287223776,9579795309,33.6422428360959,961101.0980913031,1949322.9755607252,12.518162422687203,0.5607040472682651
PFCL_0A5961B328F8,공연,엠피엠지,서울특별시 마포구 서강로 78 (창전동),37.5500559,126.9325997,1,seoul_show_facilities_deduplicated.csv,949880.7305407716,1950230.9276527013,414685256,32.318737818192595,949912.5592944613,1950225.3212944604,13.579930970760884,0.5386456303032099
PFCL_7C174A5F6F23,공연,여행자극장,서울특별시 성북구 성북로5길 9-3 (성북동1가),37.5889086,127.0046366,1,seoul_show_facilities_deduplicated.csv,956266.6192159792,1954505.4738594934,3809237946,19.946648257486988,956249.3853195641,1954515.5168466517,42.83934712865616,0.33244413762478314
PFCL_3F297BED0914,공연,연극실험실 혜화동1번지,서울특별시 종로구 창경궁로35길 7 (혜화동),37.586337,127.0013307,1,seoul_show_facilities_deduplicated.csv,955973.2397533753,1954221.7111412187,4168330471,41.5171373610449,956001.6887920847,1954251.9489468792,37.60019461651463,0.6919522893507484
PFCL_2CB301232339,공연,연남스페이스,서울특별시 마포구 성미산로22길 16(연남동),37.5621581,126.9208818,1,seoul_show_facilities_deduplicated.csv,948853.9352571212,1951579.9200803563,3664000347,12.120111868937634,948860.7359812035,1951589.95239134,11.122667635843742,0.2020018644822939
PFCL_33245B8B2BC9,공연,연세대학교 대강당,서울특별시 서대문구 연세로 50 (신촌동),37.5643122,126.9389179,1,seoul_show_facilities_deduplicated.csv,950448.272294677,1951809.244546162,13754452391,18.30283010428006,950430.245255971,1951806.079192261,38.41896250213773,0.30504716840466767
PFCL_EB4E775F7857,공연,연세대학교 백주년기념관,서울특별시 서대문구 연세로 50 (신촌동),37.5620902,126.9380569,1,seoul_show_facilities_deduplicated.csv,950370.758780442,1951563.1786064936,12556036443,24.03646489044268,950346.8948857863,1951560.3035106177,30.120277469954097,0.40060774817404465
PFCL_1A353E55A284,공연,연세대학교 음악대학 체임버홀,서울특별시 서대문구 연세로 50(신촌동),37.5638064,126.9429309,1,seoul_show_facilities_deduplicated.csv,950802.3489596569,1951751.0200813205,4685426164,30.50542589235628,950791.9075247344,1951722.357257914,53.79319488157081,0.5084237648726047
PFCL_81D3A70B9504,공연,연우소극장,서울특별시 종로구 창경궁로35길 21 (혜화동),37.5869515,127.0017528,1,seoul_show_facilities_deduplicated.csv,956010.8681998828,1954289.6893041453,3809237864,14.461101929070988,956017.6695423413,1954276.9274386952,39.77444386775914,0.24101836548451647
PFCL_F36160746B29,공연,연희예술극장,서울특별시 서대문구 연희맛로 2-3 (연희동),37.5656012,126.9285411,1,seoul_show_facilities_deduplicated.csv,949532.7114102357,1951957.775037518,3825309344,9.63795479672397,949535.3133259525,1951948.4949401442,16.876746741063542,0.16063257994539948
PFCL_C6064D0A94F3,공연,열린극장,서울특별시 종로구 창경궁로 258-12 (명륜2가),37.5836706,127.0003428,1,seoul_show_facilities_deduplicated.csv,955884.4454317612,1953926.350002664,3087861308,18.61584470972095,955894.5852220781,1953941.9619957008,32.05546586267327,0.31026407849534915
PFCL_21D5E615109C,공연,영등포아트홀,서울특별시 영등포구 국회대로 596 (당산동3가),37.526038,126.900089,1,seoul_show_facilities_deduplicated.csv,946991.9881311664,1947584.092527142,8465459442,54.762261682483036,946938.4798855386,1947572.440361918,9.86296755042222,0.9127043613747172
PFCL_92A7055BB6B4,공연,영산아트홀,서울특별시 영등포구 여의공원로 101 (여의도동),37.5292309,126.9248721,1,seoul_show_facilities_deduplicated.csv,949184.0033470269,1947924.6492597202,5771728558,74.63975895233955,949149.2535804835,1947858.5921076348,12.429177226249589,1.2439959825389926
PFCL_5C53D33F59DB,공연,예그린씨어터,서울특별시 종로구 동숭길 130-5 (동숭동),37.5838441,127.0030601,1,seoul_show_facilities_deduplicated.csv,956124.4637,1953944.3263577467,4170663725,36.13184854411129,956092.0370550744,1953928.3882531517,31.7863182670943,0.6021974757351882
PFCL_A145B38692E4,공연,예림당아트홀,서울특별시 강남구 언주로 337 (역삼동),37.497839,127.0442979,1,seoul_show_facilities_deduplicated.csv,959719.1858216897,1944384.0867349524,7527831448,31.608110919901872,959734.0869718075,1944356.2115057858,35.80472204621746,0.5268018486650312
PFCL_42F36AE8ECA0,공연,예술가의 집,서울특별시 종로구 동숭길 3 (동숭동),37.5805023,127.0032562,1,seoul_show_facilities_deduplicated.csv,956139.8172586106,1953573.477884488,8597774824,14.133921903266433,956128.4446599587,1953581.8702469843,28.493896359386525,0.23556536505444056
PFCL_CE21B9D6DEFC,공연,예술공간 혜화,서울특별시 종로구 혜화로 10-3 (혜화동),37.586628,127.000475,1,seoul_show_facilities_deduplicated.csv,955897.8624878948,1954254.397662805,436865152,18.178013755481427,955883.2370082597,1954243.6025004839,35.24882332302671,0.30296689592469045
PFCL_B6BBB5CDAD44,공연,예술의전당 [서울],서울특별시 서초구 남부순환로 2406 (서초동),37.4786896,127.0118241,1,seoul_show_facilities_deduplicated.csv,956837.6993188686,1942273.9787638637,3084284840,74.63093387769668,956910.2660978264,1942291.4097386827,60.34965645043481,1.2438488979616114
PFCL_29A247E9EDE2,공연,예스24 라이브홀 (구. 악스코리아),서울특별시 광진구 구천면로 20 (광장동),37.5456881,127.1079671,1,seoul_show_facilities_deduplicated.csv,965369.2367178709,1949667.299457423,7899814969,37.587293838555034,965395.777477944,1949640.6838095284,16.829595063266797,0.6264548973092505
PFCL_3CB16C93F184,공연,예스24 스테이지(구. DCF대명문화공장),서울특별시 종로구 대학로12길 21 (동숭동),37.5827158,127.0032484,1,seoul_show_facilities_deduplicated.csv,956140.4271279913,1953819.0588543229,3546582988,15.917630615317483,956152.841830642,1953809.0966195082,30.75062801382894,0.26529384358862473
PFCL_9EC7DF47E738,공연,예스24 원더로크홀,서울특별시 서대문구 신촌로 129 (창천동),37.5565639,126.9403281,1,seoul_show_facilities_deduplicated.csv,950567.695562411,1950948.8655891584,13505872077,20.7726806359259,950571.4161353814,1950928.4288184356,37.405233422126045,0.34621134393209835
PFCL_022A1D7EB8AC,공연,예스24아트원(구.대학로아트원씨어터),서울특별시 종로구 대학로12길 83 (동숭동),37.5802316,127.0040004,1,seoul_show_facilities_deduplicated.csv,956205.3685410183,1953543.097820548,2817787430,15.46426414584878,956191.8544521875,1953535.580316398,28.141525377741864,0.2577377357641463
PFCL_80B4FDB1F8FE,공연,오류아트홀,서울특별시 구로구 경인로20가길 38 (오류동),37.4958396,126.8456366,1,seoul_show_facilities_deduplicated.csv,942157.2328043774,1944265.8192570058,6618679790,55.67324329701665,942104.9780546462,1944246.6111558573,14.34154847462268,0.9278873882836108
PFCL_696394849AA3,공연,오마이갓 전용관,서울특별시 종로구 동숭길 68 (동숭동),37.5813131,127.0043055,1,seoul_show_facilities_deduplicated.csv,956232.940846092,1953662.9429082382,3546641785,15.297830090560696,956225.9553315203,1953649.333125299,29.939011926405847,0.25496383484267826
PFCL_9E0216B04856,공연,옥타바리움 라이브홀,서울특별시 마포구 와우산로18길 16 (서교동),37.5509163,126.9238938,1,seoul_show_facilities_deduplicated.csv,949112.3044128168,1950331.0618480293,4210364393,23.56905633919156,949124.8049929631,1950311.0809593422,22.03289077320269,0.3928176056531927
PFCL_43E116616C3E,공연,온맘씨어터,서울특별시 마포구 어울마당로 94-8 (서교동),37.5531403,126.9222208,1,seoul_show_facilities_deduplicated.csv,948966.0428942466,1950578.7106733301,3045682590,29.554279199995193,948940.5985980558,1950593.7454067958,16.840692010510644,0.4925713199999199
PFCL_2EFF97219EFA,공연,온쉼표,서울특별시 송파구 송파대로37길 50 (석촌동),37.5002447,127.1066645,1,seoul_show_facilities_deduplicated.csv,965233.0881110652,1944626.1185719646,1809570214,20.549635875335664,965251.2834604932,1944616.5678236273,14.565481732862862,0.3424939312555944
PFCL_FA158D9676A8,공연,올래홀 | 틴틴홀,서울특별시 종로구 대학로10길 24 (동숭동),37.5815685,127.0035399,2,seoul_show_facilities_deduplicated.csv,956165.4919447274,1953691.635290307,2817787433,23.991106187229416,956154.1692703576,1953712.7864184377,29.147814082198867,0.3998517697871569
PFCL_F67D55EE9D9B,공연,올림픽공원,서울특별시 송파구 올림픽로 424 올림픽공원 (방이동),37.52112,127.1283636,1,seoul_show_facilities_deduplicated.csv,967160.2252963802,1946934.3017999947,5710075498,67.78546940791233,967171.2191047615,1946867.4137888108,16.488828059104247,1.1297578234652055
PFCL_C62586DD0623,공연,올웨이즈 씨어터(구.아티스탄홀),서울특별시 종로구 대학로 132 (동숭동),37.5830591,127.0020855,1,seoul_show_facilities_deduplicated.csv,956037.9526810929,1953857.6899581945,3546583995,27.8543789440808,956010.5638499601,1953862.7612849972,29.46012574303341,0.46423964906801335
PFCL_7D7883AFD228,공연,용산아트홀,서울특별시 용산구 녹사평대로 150(이태원동 34-87),37.5324851,126.990347,1,seoul_show_facilities_deduplicated.csv,954971.1018754845,1948252.3223989934,12451306701,50.997627429488304,954981.9027642512,1948202.481664596,39.545939612985066,0.8499604571581384
PFCL_D2B144F805C9,공연,우리소극장 [대학로],서울특별시 종로구 이화장길 86-11(동숭동),37.5792262,127.0051573,1,seoul_show_facilities_deduplicated.csv,956306.9309546537,1953431.0148112667,3844458139,13.11243591615777,956299.1051362958,1953420.4937589103,29.512232120215234,0.2185405986026295
PFCL_54C149D01F42,공연,우무지,서울특별시 마포구 독막로8길 7 (합정동),37.547514,126.918374,1,seoul_show_facilities_deduplicated.csv,948622.3985610171,1949956.59581443,2329649014,28.272963340122498,948600.012680265,1949939.3263964031,13.73300564310644,0.4712160556687083
PFCL_BA7A3574F7D3,공연,원베일리 인바이트,"서울특별시 서초구 반포대로 333 (반포동, 래미안 원베일리)",37.506544,126.998705,1,seoul_show_facilities_deduplicated.csv,955694.217351891,1945370.3410022622,13403840318,98.07913588261246,955634.6011924845,1945448.221875608,18.74531263617238,1.6346522647102077
PFCL_359FB14A6D75,공연,웨스트브릿지 라이브홀,서울특별시 마포구 와우산로25길 6 (서교동),37.553639,126.9261445,1,seoul_show_facilities_deduplicated.csv,949312.9554108208,1950631.9160136627,3042566437,12.53568999728267,949321.4407213997,1950622.6887156786,21.792413822517176,0.20892816662137784
PFCL_9463A2FF4D93,공연,유니플렉스,서울특별시 종로구 대학로12길 64 (동숭동),37.5811328,127.0036997,1,seoul_show_facilities_deduplicated.csv,956179.3460613635,1953643.2218913136,3546582972,31.601801248134382,956190.6069982323,1953613.6945286992,28.63257226570454,0.5266966874689064
PFCL_2B10FD06A5A7,공연,윤당아트홀,서울특별시 강남구 언주로 844 (신사동),37.5256519,127.0337152,1,seoul_show_facilities_deduplicated.csv,958799.0368353578,1947474.3378364113,5034061147,31.736073192578182,958768.578153884,1947465.4245281273,21.554387021877808,0.5289345532096363
PFCL_1C742C8343AD,공연,은평문화예술회관,서울특별시 은평구 녹번로 16 (녹번동),37.6036744,126.927865,1,seoul_show_facilities_deduplicated.csv,949498.7301969049,1956182.1948912342,3811139677,52.592964365070124,949461.6052822965,1956144.9422320535,26.916683343145117,0.876549406084502
PFCL_93038EFCB12F,공연,음악공간 중력장,서울특별시 동작구 현충로 104(흑석동),37.5074916,126.965005,1,seoul_show_facilities_deduplicated.csv,952716.2977052667,1945491.8718999624,3888649127,11.66368451374388,952705.4374993005,1945487.6177886797,12.706004149417582,0.19439474189573133
PFCL_2D664E77676D,공연,음악의집,"서울특별시 서초구 언남길 15-13 (양재동, 파크하우스)",37.470973,127.040876,1,seoul_show_facilities_deduplicated.csv,959402.1776318697,1941404.954499786,1925498389,6.369723343772254,959403.3400293757,1941411.2172633545,17.594079239227206,0.10616205572953756
PFCL_BAAB436BFEDB,공연,이들스,서울특별시 종로구 삼일대로 428 (낙원동),37.572217,126.9876446,1,seoul_show_facilities_deduplicated.csv,954756.3629692377,1952661.6666271829,3612466420,10.264639542087814,954748.5575374196,1952668.3328149286,27.29175139795457,0.17107732570146356
PFCL_D05D8BEC6D12,공연,이화여자대학교 삼성홀,서울특별시 서대문구 이화여대길 52 (대현동),37.5614238,126.9469727,1,seoul_show_facilities_deduplicated.csv,951157.7486185055,1951484.5739381337,5231979559,68.1282624225496,951204.4444902112,1951534.1819587187,58.094357985250234,1.1354710403758266
PFCL_3BF4FD5C571F,공연,인왕산 수성동계곡,서울특별시 종로구 옥인길 89 (옥인동),37.581966,126.963939,1,seoul_show_facilities_deduplicated.csv,952669.1915304285,1953754.9515216986,10695237484,13.509495748932261,952669.7100494012,1953768.4510629303,85.85171471137042,0.22515826248220436
PFCL_957853926941,공연,일신홀,서울특별시 용산구 한남대로 98 (한남동),37.5372055,127.0055232,1,seoul_show_facilities_deduplicated.csv,956314.7130324357,1948768.8661010948,1808679395,56.673234871464544,956370.2814987886,1948780.0016791213,32.84976396179399,0.9445539145244091
PFCL_2C995BBD43DD,공연,자양스테이션(파리뮤직포럼),서울특별시 광진구 자양로11길 18 (자양동),37.5346187,127.0830326,1,seoul_show_facilities_deduplicated.csv,963161.1579275079,1948448.6905513306,1853555346,21.068069981103697,963181.676677489,1948453.4701404283,16.666100069825525,0.3511344996850616
PFCL_398729DADCE9,공연,잠실종합운동장,서울특별시 송파구 올림픽로 25 (잠실동),37.5140929,127.0749534,1,seoul_show_facilities_deduplicated.csv,962437.0716984255,1946174.6738170427,3975338438,96.85095902508174,962341.1155142072,1946161.539169185,16.944928843190404,1.614182650418029
PFCL_BEDCC4B8668E,공연,잠실학생체육관,서울특별시 송파구 올림픽로 25 (잠실동),37.5164791,127.0729996,1,seoul_show_facilities_deduplicated.csv,962265.6078816049,1946440.1895810429,7431800575,116.74160586022346,962381.4679406914,1946454.5091217933,17.266718651104092,1.9456934310037244
PFCL_95F6753A404B,공연,장충체육관,서울특별시 중구 동호로 241 (장충동2가),37.5581719,127.0067176,1,seoul_show_facilities_deduplicated.csv,956432.4395811398,1951094.4209414702,2515556138,62.01556775717055,956372.3424784162,1951079.1150965584,36.598487798240285,1.0335927959528426
PFCL_250E6839A40F,공연,전태일기념관,서울특별시 종로구 청계천로 105 (관수동),37.5684665,126.9893003,1,seoul_show_facilities_deduplicated.csv,954900.309382971,1952244.7710424424,2252763455,31.687642858778766,954927.7682535861,1952228.9559504576,23.821154881039913,0.5281273809796461
PFCL_926017C65854,공연,"정극장 (구. M시어터, 구.하모니아트홀)",서울특별시 종로구 대학로12길 69 (동숭동),37.5818321,127.003427,1,seoul_show_facilities_deduplicated.csv,956155.6780629181,1953720.9331473673,2817787433,8.285266878206812,956154.1692703576,1953712.7864184377,29.147814082198867,0.13808778130344687
PFCL_D2741F450810,공연,제나아트홀 (구. 룸씨어터),서울특별시 종로구 대학로10길 12(동숭동) 지하1층,37.5816149,127.0028075,1,seoul_show_facilities_deduplicated.csv,956100.8521563135,1953697.1251514829,3546582966,21.625883779428946,956114.9604554811,1953713.5152321367,29.15117705734246,0.36043139632381577
PFCL_316B8F649070,공연,"제이원 씨어터 (구. 서완소극장, 구. 씨어터고리)",서울특별시 종로구 창경궁로34길 18-12,37.5841705,127.000429,1,seoul_show_facilities_deduplicated.csv,955892.3511740592,1953981.7710862118,3087861307,11.870372157231328,955883.7343863104,1953973.6067305089,32.94402454285129,0.19783953595385548
PFCL_B8118AAD3EC5,공연,종로아이들극장,서울특별시 종로구 성균관로 91 - 0 국민생활관,37.590434,126.9987747,1,seoul_show_facilities_deduplicated.csv,955749.9984647471,1954677.4555615885,3843313089,40.555922333418124,955768.239517775,1954641.233374731,46.69141466803097,0.6759320388903021
PFCL_45625F82D96D,공연,종로아트홀,서울특별시 종로구 삼일대로15길 8 (관철동),37.568922,126.987006,1,seoul_show_facilities_deduplicated.csv,954697.97512963,1952296.4101329886,2420018336,13.56522194791094,954688.1303347683,1952287.0776488269,26.108034050558505,0.22608703246518233
PFCL_4A7F3DBB2032,공연,지즐소극장,서울특별시 종로구 성균관로4길 42 (명륜2가),37.5847101,126.9996688,1,seoul_show_facilities_deduplicated.csv,955825.5507410388,1954041.9944084024,3151910910,17.30819168293478,955813.4320770983,1954054.352057193,36.351484741067864,0.28846986138224634
PFCL_E1AD4A15931A,공연,지지대악,서울특별시 종로구 인사동5길 10 (인사동),37.572865,126.985653,1,seoul_show_facilities_deduplicated.csv,954580.8866890862,1952734.519942537,3369594494,14.40198220946317,954581.142129487,1952748.919659262,28.56241003217097,0.24003303682438618
PFCL_841E4BB66AA1,공연,창동극장,서울특별시 도봉구 노해로 391 (창동),37.6527874,127.0515936,1,seoul_show_facilities_deduplicated.csv,960446.1203305089,1961571.730385387,7558527350,38.81122465909082,960410.7588375728,1961555.7342615796,23.431977300890253,0.6468537443181803
PFCL_33F94C85A98D,공연,창동역,서울특별시 도봉구 마들로11길 77 (창동),37.6532085,127.0476838,1,seoul_show_facilities_deduplicated.csv,960101.4607808263,1961620.1059703836,4659124351,77.8057333590489,960053.3458665017,1961558.9611655097,23.486702698183617,1.296762222650815
PFCL_7C936773BD87,공연,창작공간 BBB,서울특별시 종로구 이화장길 46 (이화동),37.577362,127.004709,1,seoul_show_facilities_deduplicated.csv,956266.256847951,1953224.3993810418,3844458063,21.104057036257462,956279.6989892325,1953208.1300829267,27.324324385614027,0.35173428393762435
PFCL_A4FBD6968717,공연,창작플랫폼 경험과 상상,"서울특별시 영등포구 선유동2로 56 (당산동5가, 유원제일2차아파트)",37.532918,126.8988554,1,seoul_show_facilities_deduplicated.csv,946887.8651691003,1948348.0885928941,4636742719,37.15955878405363,946859.2480136122,1948371.7928376785,10.688052411739628,0.6193259797342272
PFCL_F4A72079DA30,공연,초록씨어터,서울특별시 종로구 대학로 128(동숭동),37.5827051,127.0021572,1,seoul_show_facilities_deduplicated.csv,956044.0751437929,1953818.3817744374,3546583996,14.287561491247793,956055.9085130193,1953810.375165535,29.125225043709605,0.23812602485412987
PFCL_74A95EFC4F14,공연,충무아트센터,서울특별시 중구 퇴계로 387 (흥인동),37.5660139,127.0148131,1,seoul_show_facilities_deduplicated.csv,957151.9442006551,1951960.728709334,8494231386,20.22702467966356,957169.5648499386,1951950.7966780101,22.491613150122806,0.33711707799439267
PFCL_CE97DA0FC16E,공연,카페 언플러그드,서울특별시 마포구 와우산로33길 26 (서교동),37.5555046,126.9292123,1,seoul_show_facilities_deduplicated.csv,949585.1847388871,1950837.245380986,1830411003,15.62756323212052,949570.733317446,1950831.2975115436,19.553996856327757,0.2604593872020087
PFCL_031501C4E896,공연,컬쳐씨어터(구. 휴먼시어터),서울특별시 종로구 대학로8가길 80 (동숭동),37.5824518,127.0032519,1,seoul_show_facilities_deduplicated.csv,956140.5812733741,1953789.7676673285,3546582988,22.88950975631988,956152.841830642,1953809.0966195082,30.75062801382894,0.38149182927199804
PFCL_A2976F71DE8D,공연,케이크샵(Cakeshop),서울특별시 용산구 이태원로 134 (이태원동),37.533901,126.988785,1,seoul_show_facilities_deduplicated.csv,954833.9488851412,1948410.157625032,3174161068,12.824291204957696,954831.0801256971,1948397.6583184847,53.1997750524703,0.21373818674929493
PFCL_FE5DBB3B3B82,공연,코델아트홀,서울특별시 종로구 동숭길 78 (동숭동) 지하1층,37.5817072,127.0042819,1,seoul_show_facilities_deduplicated.csv,956231.0878064703,1953706.6774272188,2817787431,38.74052532190638,956192.6972259183,1953711.8727738957,29.135700586892348,0.6456754220317731
PFCL_642C8598C84B,공연,코브하우스,서울특별시 마포구 와우산로 39-15 (상수동),37.548042,126.922146,1,seoul_show_facilities_deduplicated.csv,948955.9590344201,1950013.120084409,3743682669,10.0944699256147,948961.1534967369,1950021.7754806632,13.448286804215648,0.16824116542691167
PFCL_AB5521EF5DCB,공연,코엑스아티움(Coex Artium),서울특별시 강남구 영동대로 511 (삼성동),37.510489,127.061212,1,seoul_show_facilities_deduplicated.csv,961220.8230436468,1945780.4185263002,8555546050,39.35926577952114,961212.4560562142,1945818.8781846971,18.88161893702551,0.655987762992019
PFCL_52F34F424062,공연,콘서트홀 나누,서울특별시 마포구 망원로 66 (망원동),37.5570634,126.9042133,1,seoul_show_facilities_deduplicated.csv,947378.2243934831,1951023.8887254582,6585496854,18.09707901928049,947364.778238975,1951036.000917579,9.880379536769208,0.3016179836546748
PFCL_C06DF078D9E2,공연,콘텐츠박스(구. 르메이에르 씨어터),서울특별시 종로구 동숭길 55 (동숭동),37.5807178,127.004166,1,seoul_show_facilities_deduplicated.csv,956220.2751043476,1953596.96220668,3829502626,13.198140863305007,956233.1812033558,1953599.7232808622,29.590547828148914,0.2199690143884168
PFCL_C531C45C4553,공연,큐씨어터(구. 수상한흥신소전용관),서울특별시 종로구 대학로8가길 79 (동숭동),37.5824389,127.0035453,1,seoul_show_facilities_deduplicated.csv,956166.4790666354,1953788.199528297,3546582988,24.953208744218646,956152.841830642,1953809.0966195082,30.75062801382894,0.4158868124036441
PFCL_12EC7DBAB238,공연,크레디아 클래식 클럽,서울특별시 종로구 자하문로9길 8 (통인동),37.5795854,126.97067,1,seoul_show_facilities_deduplicated.csv,953262.0126373346,1953487.4648739665,2401562555,4.61647399090541,953263.917119972,1953491.6702013013,40.17828418955413,0.07694123318175684
PFCL_B21EBBED15C1,공연,크레스트72(CREST72),서울특별시 중구 장충단로 72 (장충동2가),37.5514172,127.0025216,1,seoul_show_facilities_deduplicated.csv,956057.8730520552,1950346.9756075377,4201547943,31.612177887866004,956032.7380302227,1950327.8037409543,85.93436449300616,0.5268696314644334
PFCL_28D0DA090FED,공연,클래시카 서울,서울특별시 서초구 반포대로30길 32 (서초동),37.491844,127.010374,1,seoul_show_facilities_deduplicated.csv,956717.0769674431,1943734.0386577041,3030832644,32.82004367192958,956684.4944858918,1943737.9803784685,23.73813974106165,0.547000727865493
PFCL_CAD4B3E3D487,공연,클럽 A.O.R(All Of Rock),서울특별시 마포구 와우산로 156 (서교동),37.5548494,126.9304125,1,seoul_show_facilities_deduplicated.csv,949690.7528141063,1950763.9110977573,4658609956,13.244623958771575,949700.3964195583,1950754.8324999749,23.673124063235676,0.2207437326461929
PFCL_362E89235F13,공연,클럽 FF,서울특별시 마포구 와우산로17길 12 (서교동),37.5502781,126.9223051,1,seoul_show_facilities_deduplicated.csv,948971.5375475357,1950261.117900401,1831674387,11.723941469843618,948969.3290751108,1950249.6038458094,18.753407347247894,0.19539902449739363
PFCL_CE3CEEA1B5DD,공연,클럽 프리버드,서울특별시 마포구 와우산로17길 19-22(서교동),37.5493791,126.921315,1,seoul_show_facilities_deduplicated.csv,948883.466129782,1950161.9162018853,1831674383,41.262230989284305,948844.3407216056,1950148.8099384499,14.849343388809972,0.6877038498214051
PFCL_80E75D6BD59F,공연,톤스튜디오 서울,서울특별시 마포구 성미산로 64-5 (성산동),37.5593835,126.9154822,1,seoul_show_facilities_deduplicated.csv,948375.1392820599,1951275.0435272548,4258004986,24.529479136168693,948376.6210217737,1951250.5588423659,13.275197584331679,0.40882465226947823
PFCL_C0B80FC000A3,공연,티오엠씨어터(구. 문화공간필링),서울특별시 종로구 대학로8가길 85 (동숭동),37.5822467,127.0037166,1,seoul_show_facilities_deduplicated.csv,956181.4911191369,1953766.7959303127,3546584000,43.45071834937834,956194.0546313823,1953808.3906786006,31.865532407291525,0.7241786391563056
PFCL_1E1ED2A7560F,공연,티켓링크 1975 씨어터(구.능동 어린이회관),서울특별시 광진구 광나루로 441 (능동),37.5465004,127.0788059,1,seoul_show_facilities_deduplicated.csv,962793.6342529126,1949768.5601783842,3996936267,104.65246580635606,962746.3259162051,1949675.2110494256,23.83804076869611,1.7442077634392676
PFCL_BDB28495B0D3,공연,"파랑씨어터 (구. 도향아트홀, 구. 뮤디스홀)",서울특별시 종로구 대학로8가길 36 (동숭동),37.5825016,127.0024545,1,seoul_show_facilities_deduplicated.csv,956070.2051786551,1953795.6653389384,3546583996,20.51276789713237,956055.9085130193,1953810.375165535,29.125225043709605,0.34187946495220617
PFCL_580E691E9726,공연,펍지 성수(PUBG 성수),서울특별시 성동구 왕십리로4길 5 (성수동1가),37.545801,127.045555,1,seoul_show_facilities_deduplicated.csv,959856.0109194458,1949704.6438160902,4179009472,34.42166985479746,959873.9873927468,1949675.289127142,12.296273840033683,0.5736944975799576
PFCL_CA17AFCE3665,공연,페리지홀,서울특별시 서초구 반포대로 18 (서초동),37.4821798,127.0126517,1,seoul_show_facilities_deduplicated.csv,956912.8765845512,1942660.8141198894,1430679236,36.312273478457186,956912.6444276354,1942624.5025885482,40.13199993907679,0.6052045579742864
PFCL_5C8417F1FC12,공연,푸르지오아트홀,서울특별시 중구 을지로 170 (을지로4가),37.5661792,126.9973242,1,seoul_show_facilities_deduplicated.csv,955607.5441660456,1951987.185759832,3403193694,28.43533814059246,955612.0306355115,1952015.264934444,24.103222528720828,0.47392230234320765
PFCL_2C06BD8BC3EC,공연,프로타주 갤러리(FROTTAGE),서울특별시 마포구 독막로15길 12 (상수동),37.548367,126.922302,1,seoul_show_facilities_deduplicated.csv,948969.9607969626,1950049.0925250375,3743682674,11.59894334046408,948981.3700034292,1950047.0031484757,13.628492511558697,0.193315722341068
PFCL_94C43C2DE61D,공연,프리즘홀 (프리즘플러스),서울특별시 마포구 양화로12길 6 (서교동),37.5516588,126.9175099,1,seoul_show_facilities_deduplicated.csv,948548.9173371808,1950416.9134978876,6673585414,15.012819624422987,948550.1848666702,1950431.8727131768,20.534063024703883,0.2502136604070498
PFCL_F6168B6B9396,공연,플랫폼 엘,서울특별시 강남구 언주로133길 11 (논현동),37.516139,127.034267,1,seoul_show_facilities_deduplicated.csv,958842.5691135359,1946418.6971845867,6357751481,25.758329759569893,958859.5796039402,1946438.0397482277,51.00744426959848,0.4293054959928316
PFCL_CF1B95A05B6D,공연,플러스씨어터(구. 컬처스페이스 엔유),서울특별시 종로구 대학로12길 73 (동숭동),37.5807747,127.0039649,1,seoul_show_facilities_deduplicated.csv,956202.5521722962,1953603.3687270063,3546582972,15.789533369233919,956190.6069982323,1953613.6945286992,28.63257226570454,0.263158889487232
PFCL_29D11F08C8FB,공연,"플렉스라운지 (구. 스테이라운지, 구. 인디팍)",서울특별시 마포구 양화로 100-10 (서교동),37.5524844,126.9189927,1,seoul_show_facilities_deduplicated.csv,948680.4596723566,1950507.699230598,1800575478,11.63911556671299,948691.8773883402,1950509.9586050455,14.538024416470854,0.1939852594452165
PFCL_000088CFBB28,공연,피오레아트앤엔터(피오레움),서울특별시 서초구 효령로52길 16 (서초동),37.483599,127.012844,1,seoul_show_facilities_deduplicated.csv,956930.6928603147,1942818.1769677417,4185683883,29.685940369452595,956931.91611928,1942847.8376941846,30.788608842938945,0.4947656728242099
PFCL_05A681AB4A0D,공연,하땅세극장,서울특별시 성북구 성북로 5-7(성북동1가),37.5887016,127.0051567,1,seoul_show_facilities_deduplicated.csv,956312.4157813527,1954482.2661251181,3809237932,12.893997398935275,956301.3349770448,1954488.8593750615,40.861962806264145,0.21489995664892125
PFCL_2E7A005E1464,공연,한국문화의집 KOUS,서울특별시 강남구 테헤란로92길 12-9 (대치동),37.5067845,127.0604609,1,seoul_show_facilities_deduplicated.csv,961152.5222730007,1945369.7375663116,3828399539,50.909057605707915,961101.7635543967,1945373.647122806,19.447098121715477,0.8484842934284652
PFCL_0089AA0C47EB,공연,한국방송회관 코바코홀 (구. 브로드홀),서울특별시 양천구 목동동로 233 (목동) 한국방송회관,37.5269334,126.8713879,1,seoul_show_facilities_deduplicated.csv,944456.6028742468,1947699.994443119,2634030302,38.286252863053825,944488.9395032381,1947720.4927255781,7.989984456373767,0.6381042143842304
PFCL_DCB9478879A4,공연,한국콘텐츠진흥원 CKL스테이지,서울특별시 중구 청계천로 40,37.5684894,126.9816134,1,seoul_show_facilities_deduplicated.csv,954221.4915036263,1952251.028713151,2463586333,41.66928111485494,954186.1066727551,1952229.023197187,26.36219156013523,0.6944880185809157
PFCL_AE9FDEABBEDC,공연,한바탕 소극장,서울특별시 송파구 송이로32길 19 (문정동),37.4882251,127.1277366,1,seoul_show_facilities_deduplicated.csv,967090.3836935189,1943285.050730133,1812035129,35.836381847304445,967124.1141239579,1943297.1546272866,26.75933970769176,0.5972730307884074
PFCL_02316E10EA02,공연,한성아트홀(구. 인켈아트홀),서울특별시 종로구 창경궁로 254 (명륜2가),37.5728677,126.9970786,1,seoul_show_facilities_deduplicated.csv,955589.8260565128,1952729.3578330257,1815457812,38.18720535572939,955557.8201828583,1952750.187780325,30.601554042331276,0.6364534225954899
PFCL_30198D7535B9,공연,한전아트센터,서울특별시 서초구 효령로72길 60 (서초동),37.4856845,127.0280225,1,seoul_show_facilities_deduplicated.csv,958273.7871889775,1943042.71407289,9657790246,82.4415698862396,958317.8195890171,1943112.4117069393,21.657255505862008,1.3740261647706602
PFCL_DC8ECF6CAC0C,공연,해피씨어터,서울특별시 종로구 대학로10길 5 (동숭동),37.5818197,127.0025595,1,seoul_show_facilities_deduplicated.csv,956079.075400876,1953719.962661587,3673886586,9.824424114606032,956071.3175001907,1953713.9348687786,28.66265910396713,0.16374040191010053
PFCL_93852811543A,공연,헤르만아트홀,"서울특별시 성동구 상원6나길 24(성수동1가, 청호 서울숲 뜨레피움 오피스텔)",37.5478713,127.0500545,1,seoul_show_facilities_deduplicated.csv,960254.5814727492,1949932.420344569,3856575561,20.836786483932723,960241.789612003,1949948.86844384,12.895651718309985,0.34727977473221205
PFCL_7D213B800F1A,공연,현대백화점 문화홀 [압구정],서울특별시 강남구 압구정로29길 21,37.527346,127.027355,1,seoul_show_facilities_deduplicated.csv,958237.9901822868,1947665.0931955758,9891903384,52.007888098862665,958255.8942398115,1947616.2642579603,20.49482315293011,0.8667981349810444
PFCL_997133E7AE83,공연,현대카드 언더스테이지,서울특별시 용산구 이태원로 246 (한남동),37.5365851,127.0006662,1,seoul_show_facilities_deduplicated.csv,955885.2458601843,1948702.3036189831,2470885995,15.469965875183313,955900.5999442029,1948700.4136591612,44.063903632548445,0.25783276458638854
PFCL_FD62B06C25D3,공연,홍대난타극장(구. 뮤직쇼웨딩 전용관),서울특별시 마포구 양화로16길 29 (서교동),37.554702,126.9222449,1,seoul_show_facilities_deduplicated.csv,948969.2365426336,1950751.9605864186,3034284263,16.327488573760814,948953.2515910475,1950755.2874777478,12.095146518202625,0.2721248095626802
PFCL_57117410ECF3,공연,홍대우주정거장,서울특별시 마포구 와우산로29길 16(서교동),37.5550169,126.92902,1,seoul_show_facilities_deduplicated.csv,949567.8710236583,1950783.2406070498,3616739927,15.901016056023751,949573.9402021784,1950797.937796703,20.0040795885734,0.2650169342670625
PFCL_3E5525E0B5FD,공연,홍익대 대학로 아트센터,서울특별시 종로구 대학로 57 (연건동),37.5769696,127.0020331,1,seoul_show_facilities_deduplicated.csv,956029.7450386918,1953182.113484082,3546653490,27.610703296270987,956043.6942213948,1953158.2855333008,26.37393533349867,0.4601783882711831
PFCL_9A17668CD299,공연,후암스테이지 | 후암씨어터(콘텐츠룸),서울특별시 종로구 대학로11길 23 (명륜4가),37.5820588,127.0004181,2,seoul_show_facilities_deduplicated.csv,955890.1428378597,1953747.493017967,5122626089,33.19642444371488,955856.9565916299,1953746.671034377,31.162640825459786,0.5532737407285814
PFCL_F90665B0627F,공연,후케즈,서울특별시 영등포구 경인로 715(문래동2가),37.511907,126.893168,1,seoul_show_facilities_deduplicated.csv,946370.3311752253,1946020.2569991634,12265593069,24.59482805616418,946376.0808144675,1945996.3436720069,9.576246378763601,0.40991380093606966
SFCL_1C80349E9846,스포츠관람,서울월드컵경기장(상암),서울특별시 마포구  월드컵로 240 월드컵주경기장,37.5682553,126.8972733,1,대형_스포츠관람시설_위경도.csv,946773.2189836159,1952269.4867068708,3052482047,154.36072947709664,946629.131070827,1952214.1160630886,17.089323564941346,2.5726788246182775
SFCL_488278EDA0DB,스포츠관람,고척스카이돔,서울특별시 구로구  경인로 430 고척스카이돔,37.4982889,126.8671719,1,대형_스포츠관람시설_위경도.csv,944062.7036236373,1944524.538576639,12506593970,81.73823041191993,944138.9700179838,1944495.1349135295,13.695930926876922,1.3623038401986656
SFCL_68BB85CF8D1A,스포츠관람,잠실야구장,서울특별시 송파구  올림픽로 25 서울종합운동장,37.5148022,127.0736261,1,대형_스포츠관람시설_위경도.csv,962320.12937505,1946253.8969322587,3975338438,94.71206067176544,962341.1155142072,1946161.539169185,16.944928843190404,1.578534344529424
SFCL_8C7B0FBC31A7,스포츠관람,잠실실내체육관,서울 송파구 올림픽로 25 잠실실내체육관,37.5148022,127.0736261,1,대형_스포츠관람시설_위경도.csv,962320.12937505,1946253.8969322587,3975338438,94.71206067176544,962341.1155142072,1946161.539169185,16.944928843190404,1.578534344529424
